ticket_id,created_at,resolved_at,customer_id,priority,category,sub_category,product,channel,assigned_team,status,first_response_hours,resolution_hours,escalated,customers_impacted,sla_breached
TKT0000001,2025-05-18 02:19:00,2025-05-18 10:12:08,CUST00741,P2,Settlement,Operational,Settlement API,Phone,KYC Ops,Resolved,0.34,7.89,Yes,4,No
TKT0000002,2025-05-14 09:07:00,2025-05-15 10:59:34,CUST00749,P4,Payment Failure,Operational,KYC Service,Phone,KYC Ops,Resolved,1.44,25.88,No,1,No
TKT0000003,2025-07-25 09:26:00,2025-07-25 22:00:18,CUST02332,P3,Payment Failure,Operational,Wallet,Chat,KYC Ops,Resolved,1.68,12.57,No,9,No
TKT0000004,2025-07-11 13:22:00,2025-07-12 06:00:02,CUST02933,P4,Payment Failure,General,Merchant Portal,Email,KYC Ops,Resolved,1.22,16.63,No,11,No
TKT0000005,2025-04-18 03:54:00,2025-04-19 05:59:50,CUST00370,P4,Refund,General,Payments,Phone,L2 Support,Resolved,0.71,26.1,No,13,No
TKT0000006,2025-11-05 03:06:00,2025-11-06 14:01:46,CUST00806,P4,Refund,Operational,KYC Service,Email,KYC Ops,Resolved,1.62,34.93,No,12,No
TKT0000007,2025-01-13 05:17:00,2025-01-13 19:45:11,CUST01670,P4,Refund,General,Payments,Phone,Engineering,Resolved,1.81,14.47,No,12,No
TKT0000008,2025-10-27 23:36:00,2025-10-29 12:46:03,CUST00841,P4,KYC,General,Wallet,Email,Engineering,Resolved,1.3,37.17,No,10,No
TKT0000009,2025-08-06 21:10:00,2025-08-07 20:15:33,CUST01992,P3,Payment Failure,General,Wallet,Chat,L1 Support,Resolved,6.73,23.09,No,5,No
TKT0000010,2025-12-30 05:23:00,2025-12-31 15:48:14,CUST00978,P3,API,Operational,Wallet,Email,Payments Ops,Resolved,0.33,34.42,No,2,Yes
TKT0000011,2025-10-14 11:50:00,2025-10-15 01:11:58,CUST00660,P3,Login,General,Merchant Portal,Chat,Engineering,Resolved,1.16,13.37,No,3,No
TKT0000012,2025-09-22 21:14:00,2025-09-23 04:40:05,CUST01949,P3,KYC,Operational,KYC Service,Chat,L1 Support,Resolved,1.15,7.43,No,9,No
TKT0000013,2025-09-02 09:36:00,2025-09-02 15:38:20,CUST00794,P2,Payment Failure,Operational,Wallet,Chat,Payments Ops,Resolved,2.77,6.04,No,3,No
TKT0000014,2025-10-17 07:15:00,2025-10-17 15:03:47,CUST01410,P2,Settlement,General,Settlement API,Phone,Payments Ops,Resolved,3.62,7.81,No,6,No
TKT0000015,2025-10-23 05:43:00,2025-10-25 05:29:40,CUST01927,P4,Payment Failure,General,Payments,Portal,Engineering,Resolved,0.42,47.78,No,18,No
TKT0000016,2025-10-22 10:31:00,2025-10-23 02:37:29,CUST02080,P3,Payment Failure,General,Merchant Portal,Chat,L2 Support,Resolved,0.62,16.11,No,28,No
TKT0000017,2025-12-12 07:43:00,2025-12-12 23:44:36,CUST00193,P3,Refund,General,Settlement API,Email,KYC Ops,Resolved,0.81,16.03,No,6,No
TKT0000018,2025-06-25 19:23:00,2025-06-26 06:10:39,CUST00145,P3,KYC,Operational,Merchant Portal,Portal,Engineering,Resolved,2.55,10.79,No,11,No
TKT0000019,2025-06-23 19:21:00,2025-06-24 01:56:17,CUST00773,P3,Payment Failure,Operational,KYC Service,Chat,KYC Ops,Resolved,0.56,6.59,No,28,No
TKT0000020,2025-03-08 08:16:00,2025-03-08 19:58:21,CUST02383,P3,Refund,Technical,Payments,Chat,L2 Support,Resolved,2.53,11.71,No,9,No
TKT0000021,2025-10-28 13:26:00,2025-10-29 13:34:15,CUST00970,P4,Payment Failure,Technical,Payments,Chat,Engineering,Resolved,0.31,24.14,No,7,No
TKT0000022,2025-11-30 15:39:00,2025-12-01 12:18:00,CUST00569,P4,Payment Failure,General,Payments,Chat,L1 Support,Resolved,0.15,20.65,Yes,25,No
TKT0000023,2025-12-13 21:44:00,2025-12-14 14:48:53,CUST00706,P2,API,Operational,Settlement API,Email,KYC Ops,Resolved,0.98,17.08,No,24,Yes
TKT0000024,2025-04-01 12:11:00,2025-04-02 21:14:23,CUST01714,P4,Login,Technical,Payments,Email,L2 Support,Resolved,0.35,33.06,No,16,No
TKT0000025,2025-11-25 01:25:00,2025-11-25 03:54:06,CUST00794,P2,Login,Operational,Merchant Portal,Chat,KYC Ops,Resolved,0.76,2.49,Yes,2,No
TKT0000026,2025-06-07 02:41:00,2025-06-07 18:22:50,CUST01098,P3,Payment Failure,General,KYC Service,Chat,Payments Ops,Resolved,1.53,15.7,No,4,No
TKT0000027,2025-09-04 13:38:00,2025-09-05 18:10:34,CUST02470,P3,Refund,General,KYC Service,Portal,L2 Support,Resolved,0.26,28.54,No,6,Yes
TKT0000028,2025-03-03 23:32:00,2025-03-04 23:23:17,CUST00282,P3,KYC,Technical,KYC Service,Portal,Payments Ops,Resolved,0.97,23.85,No,19,No
TKT0000029,2025-03-03 12:15:00,2025-03-06 09:03:16,CUST01090,P4,Refund,General,KYC Service,Phone,KYC Ops,Resolved,0.39,68.8,No,15,Yes
TKT0000030,2025-02-03 01:16:00,2025-02-03 04:44:50,CUST01903,P3,Login,General,Merchant Portal,Chat,Engineering,Resolved,1.14,3.48,No,10,No
TKT0000031,2025-11-13 17:35:00,2025-11-14 18:57:15,CUST01650,P4,KYC,Technical,Wallet,Email,Engineering,Resolved,2.09,25.37,No,18,No
TKT0000032,2025-06-17 08:33:00,2025-06-19 00:32:48,CUST00642,P4,API,Technical,Merchant Portal,Chat,Engineering,Resolved,4.54,40.0,No,2,No
TKT0000033,2025-06-08 09:28:00,2025-06-09 06:21:13,CUST02051,P4,Payment Failure,Operational,Wallet,Chat,Payments Ops,Resolved,0.36,20.89,No,2,No
TKT0000034,2025-11-27 22:27:00,2025-11-28 05:26:19,CUST02936,P2,Refund,Operational,Settlement API,Portal,KYC Ops,Resolved,1.32,6.99,No,15,No
TKT0000035,2025-12-11 21:07:00,2025-12-13 02:11:28,CUST02038,P4,Payment Failure,General,Wallet,Chat,L2 Support,Resolved,0.77,29.07,No,21,No
TKT0000036,2025-08-23 16:13:00,2025-08-26 00:21:29,CUST02857,P4,Refund,Operational,KYC Service,Email,Engineering,Resolved,0.31,56.14,No,1,Yes
TKT0000037,2025-06-25 00:19:00,2025-06-26 21:22:47,CUST01462,P4,API,General,Payments,Phone,Engineering,Resolved,0.7,45.06,No,17,No
TKT0000038,2025-06-16 20:58:00,2025-06-19 02:39:46,CUST00667,P3,Payment Failure,General,KYC Service,Email,L1 Support,Resolved,1.57,53.7,No,8,Yes
TKT0000039,2025-08-05 06:53:00,2025-08-05 15:00:16,CUST01063,P3,Login,Technical,Payments,Email,L1 Support,Resolved,0.36,8.12,No,8,No
TKT0000040,2025-10-10 05:19:00,2025-10-10 19:40:42,CUST00381,P3,Settlement,Technical,Merchant Portal,Email,KYC Ops,Resolved,1.48,14.36,No,29,No
TKT0000041,2025-09-13 14:36:00,2025-09-13 18:03:50,CUST01467,P3,Payment Failure,General,Wallet,Phone,L1 Support,Resolved,5.04,3.46,No,9,No
TKT0000042,2025-01-16 16:05:00,2025-01-17 15:16:00,CUST00173,P3,API,General,Merchant Portal,Phone,Payments Ops,Resolved,0.27,23.18,No,2,No
TKT0000043,2025-06-17 15:12:00,2025-06-18 00:53:13,CUST02600,P3,Refund,General,Payments,Portal,Payments Ops,Resolved,0.96,9.69,No,14,No
TKT0000044,2025-06-13 23:06:00,2025-06-15 19:49:49,CUST00821,P4,API,Operational,Payments,Portal,KYC Ops,Resolved,1.23,44.73,No,30,No
TKT0000045,2025-10-01 02:42:00,2025-10-02 06:01:09,CUST02128,P3,Login,General,Wallet,Portal,L2 Support,Resolved,1.1,27.32,No,1,Yes
TKT0000046,2025-11-19 02:46:00,2025-11-19 04:59:02,CUST02567,P1,Payment Failure,General,Merchant Portal,Phone,Engineering,Resolved,1.04,2.22,Yes,57,No
TKT0000047,2025-04-14 19:17:00,2025-04-15 06:24:35,CUST00631,P3,Settlement,Operational,Settlement API,Phone,L2 Support,Resolved,0.25,11.13,No,4,No
TKT0000048,2025-12-15 20:37:00,2025-12-16 03:57:43,CUST01403,P3,Payment Failure,Operational,Wallet,Chat,KYC Ops,Resolved,0.74,7.35,No,11,No
TKT0000049,2025-04-27 11:57:00,2025-04-28 11:07:16,CUST01462,P4,API,General,KYC Service,Email,KYC Ops,Resolved,0.32,23.17,No,4,No
TKT0000050,2025-01-31 23:49:00,2025-02-03 00:45:40,CUST01464,P3,API,Operational,Settlement API,Phone,L2 Support,Resolved,0.68,48.94,No,13,Yes
TKT0000051,2025-10-07 02:00:00,2025-10-07 10:04:33,CUST02233,P2,Login,General,Merchant Portal,Email,Engineering,Resolved,1.3,8.08,Yes,2,Yes
TKT0000052,2025-09-17 23:07:00,2025-09-21 06:19:52,CUST01624,P4,Payment Failure,Operational,Wallet,Phone,L1 Support,Resolved,0.28,79.21,No,15,Yes
TKT0000053,2025-09-21 19:17:00,2025-09-22 07:55:27,CUST01436,P3,Refund,General,Payments,Chat,Payments Ops,Resolved,2.05,12.64,No,27,No
TKT0000054,2025-05-11 07:15:00,2025-05-11 19:32:49,CUST00980,P2,API,General,Merchant Portal,Chat,Payments Ops,Resolved,0.46,12.3,No,58,Yes
TKT0000055,2025-06-13 20:54:00,2025-06-15 12:34:32,CUST02705,P4,Login,Operational,Merchant Portal,Email,L1 Support,Resolved,0.2,39.68,No,1,No
TKT0000056,2025-10-03 09:01:00,2025-10-05 16:26:38,CUST00471,P3,Login,Operational,Merchant Portal,Phone,KYC Ops,Resolved,1.25,55.43,No,8,Yes
TKT0000057,2025-09-19 09:48:00,2025-09-19 22:37:01,CUST01359,P2,KYC,General,Payments,Email,Engineering,Resolved,3.12,12.82,Yes,2,Yes
TKT0000058,2025-11-25 23:23:00,2025-11-27 00:47:13,CUST01281,P4,API,Technical,KYC Service,Chat,Engineering,Resolved,1.08,25.4,No,22,No
TKT0000059,2025-05-22 19:13:00,2025-05-24 00:10:33,CUST01855,P4,API,Operational,KYC Service,Chat,Engineering,Resolved,0.26,28.96,No,8,No
TKT0000060,2025-02-11 23:46:00,2025-02-12 21:30:16,CUST00768,P3,Settlement,General,Merchant Portal,Phone,Engineering,Resolved,0.32,21.74,No,29,No
TKT0000061,2025-12-11 09:00:00,2025-12-12 21:47:40,CUST00958,P4,Payment Failure,Operational,Payments,Chat,L2 Support,Resolved,0.68,36.79,No,7,No
TKT0000062,2025-03-14 08:32:00,2025-03-15 00:56:02,CUST02569,P3,Settlement,Operational,Settlement API,Chat,Payments Ops,Resolved,1.31,16.4,No,14,No
TKT0000063,2025-06-03 18:45:00,2025-06-03 22:12:14,CUST01206,P2,KYC,Technical,Merchant Portal,Portal,Engineering,Resolved,0.42,3.45,No,2,No
TKT0000064,2025-11-27 16:51:00,2025-12-01 12:48:07,CUST00482,P4,Login,General,Wallet,Email,L1 Support,Resolved,1.63,91.95,No,18,Yes
TKT0000065,2025-10-31 14:22:00,2025-11-01 09:22:08,CUST01625,P3,API,Technical,Payments,Phone,Payments Ops,Resolved,0.95,19.0,No,19,No
TKT0000066,2025-02-13 18:21:00,2025-02-14 13:10:27,CUST00923,P3,Settlement,Operational,Payments,Phone,KYC Ops,Resolved,1.28,18.82,No,8,No
TKT0000067,2025-08-30 04:14:00,2025-08-30 20:03:12,CUST00088,P3,Settlement,Operational,KYC Service,Phone,KYC Ops,Resolved,0.44,15.82,No,5,No
TKT0000068,2025-06-21 18:35:00,2025-06-21 21:37:58,CUST00446,P1,KYC,Operational,Payments,Email,Payments Ops,Resolved,1.17,3.05,Yes,45,No
TKT0000069,2025-06-01 05:12:00,2025-06-01 20:32:59,CUST01048,P3,Settlement,Operational,KYC Service,Phone,KYC Ops,Resolved,0.86,15.35,No,6,No
TKT0000070,2025-02-04 20:19:00,2025-02-04 22:07:14,CUST00311,P2,Payment Failure,Operational,KYC Service,Portal,L1 Support,Resolved,3.02,1.8,No,11,No
TKT0000071,2025-03-28 02:39:00,2025-03-30 02:57:20,CUST02444,P3,API,Operational,Settlement API,Phone,Payments Ops,Resolved,0.5,48.31,No,2,Yes
TKT0000072,2025-06-14 11:56:00,2025-06-15 08:31:18,CUST02159,P3,Refund,Operational,Wallet,Phone,Engineering,Resolved,0.58,20.59,No,4,No
TKT0000073,2025-07-14 16:00:00,2025-07-16 00:14:27,CUST00020,P4,Refund,General,Payments,Email,Engineering,Resolved,3.49,32.24,No,4,No
TKT0000074,2025-03-03 00:34:00,2025-03-03 08:59:09,CUST00748,P3,Settlement,Operational,Wallet,Email,KYC Ops,Resolved,1.37,8.42,No,9,No
TKT0000075,2025-06-14 19:08:00,2025-06-17 02:55:57,CUST01061,P3,Payment Failure,Operational,Merchant Portal,Phone,Payments Ops,Resolved,0.4,55.8,No,16,Yes
TKT0000076,2025-06-08 23:39:00,2025-06-10 08:32:07,CUST01806,P4,Payment Failure,Technical,Wallet,Portal,KYC Ops,Resolved,0.62,32.89,No,17,No
TKT0000077,2025-05-15 18:08:00,2025-05-16 01:35:34,CUST02467,P2,Settlement,Operational,Settlement API,Phone,KYC Ops,Resolved,1.34,7.46,No,138,No
TKT0000078,2025-03-17 20:26:00,2025-03-19 13:49:21,CUST00292,P4,API,General,Wallet,Portal,Payments Ops,Resolved,1.23,41.39,Yes,9,No
TKT0000079,2025-06-26 02:11:00,2025-06-28 02:46:02,CUST02776,P4,API,Technical,Merchant Portal,Phone,L1 Support,Resolved,0.45,48.58,No,14,Yes
TKT0000080,2025-02-05 05:46:00,2025-02-06 04:53:07,CUST02753,P3,Refund,General,Payments,Portal,KYC Ops,Resolved,3.66,23.12,No,16,No
TKT0000081,2025-02-02 12:13:00,2025-02-03 02:57:19,CUST00008,P3,API,Operational,Payments,Phone,L2 Support,Resolved,0.35,14.74,No,1,No
TKT0000082,2025-11-08 19:23:00,2025-11-09 05:54:24,CUST00771,P3,Refund,Technical,Payments,Chat,Payments Ops,Resolved,1.32,10.52,No,24,No
TKT0000083,2025-09-16 07:33:00,2025-09-18 00:22:08,CUST02970,P4,KYC,Technical,Wallet,Chat,L2 Support,Resolved,0.65,40.82,No,5,No
TKT0000084,2025-09-20 13:06:00,2025-09-20 21:11:00,CUST01869,P3,KYC,Technical,Settlement API,Phone,L2 Support,Resolved,0.63,8.08,No,7,No
TKT0000085,2025-02-22 22:46:00,2025-02-24 02:47:53,CUST02320,P4,KYC,Operational,KYC Service,Phone,Payments Ops,Resolved,0.32,28.03,No,6,No
TKT0000086,2025-04-08 12:46:00,2025-04-09 11:00:18,CUST00070,P3,Payment Failure,Technical,Wallet,Email,L1 Support,Resolved,1.25,22.24,No,5,No
TKT0000087,2025-03-26 19:35:00,2025-03-27 19:25:52,CUST01759,P3,Settlement,Technical,Merchant Portal,Email,Engineering,Resolved,0.68,23.85,No,3,No
TKT0000088,2025-01-24 08:05:00,2025-01-24 14:39:07,CUST01344,P3,Login,Operational,Payments,Portal,Engineering,Resolved,3.89,6.57,No,10,No
TKT0000089,2025-09-16 05:50:00,2025-09-17 05:09:48,CUST01221,P3,Payment Failure,Technical,Payments,Email,Payments Ops,Resolved,0.71,23.33,No,5,No
TKT0000090,2025-01-01 13:34:00,2025-01-02 22:45:25,CUST02240,P3,Payment Failure,General,Merchant Portal,Phone,L2 Support,Resolved,0.21,33.19,Yes,8,Yes
TKT0000091,2025-10-04 10:06:00,2025-10-05 05:38:59,CUST01626,P3,Payment Failure,General,Merchant Portal,Portal,Engineering,Resolved,1.38,19.55,No,37,No
TKT0000092,2025-01-20 21:12:00,2025-01-21 10:36:41,CUST02962,P3,Payment Failure,Technical,Merchant Portal,Email,Engineering,Resolved,2.19,13.41,No,28,No
TKT0000093,2025-03-03 20:00:00,2025-03-04 13:02:16,CUST01873,P3,Login,Technical,Settlement API,Chat,KYC Ops,Resolved,0.24,17.04,No,3,No
TKT0000094,2025-01-08 03:05:00,2025-01-08 06:03:46,CUST01250,P2,API,Technical,Wallet,Phone,L1 Support,Resolved,1.18,2.98,No,50,No
TKT0000095,2025-09-23 15:08:00,2025-09-25 01:55:20,CUST01564,P3,API,Operational,Payments,Portal,L2 Support,Resolved,1.3,34.79,No,8,Yes
TKT0000096,2025-04-06 09:51:00,2025-04-09 09:52:19,CUST02002,P4,API,Technical,KYC Service,Email,L2 Support,Resolved,0.39,72.02,No,1,Yes
TKT0000097,2025-02-17 00:46:00,2025-02-17 13:51:31,CUST01800,P3,Login,Operational,KYC Service,Portal,Payments Ops,Resolved,2.31,13.09,No,6,No
TKT0000098,2025-11-25 10:03:00,2025-11-25 18:29:47,CUST01040,P2,Payment Failure,Technical,Wallet,Phone,L1 Support,Resolved,0.2,8.45,No,11,Yes
TKT0000099,2025-09-03 09:32:00,2025-09-04 13:47:29,CUST01563,P3,Settlement,General,Merchant Portal,Phone,Payments Ops,Resolved,1.64,28.26,Yes,25,Yes
TKT0000100,2025-04-30 08:06:00,2025-05-01 08:53:26,CUST02132,P4,Payment Failure,Operational,Settlement API,Portal,Engineering,Resolved,0.16,24.79,No,19,No
TKT0000101,2025-08-02 02:46:00,2025-08-03 05:28:35,CUST01245,P4,KYC,Technical,Settlement API,Portal,L2 Support,Resolved,3.17,26.71,No,6,No
TKT0000102,2025-03-29 10:21:00,2025-03-29 14:42:39,CUST01243,P2,Payment Failure,General,Settlement API,Portal,KYC Ops,Resolved,0.68,4.36,Yes,10,No
TKT0000103,2025-04-21 19:12:00,2025-04-21 23:26:19,CUST00047,P2,Login,General,Settlement API,Email,Engineering,Resolved,1.06,4.24,No,18,No
TKT0000104,2025-01-03 20:33:00,2025-01-04 11:03:52,CUST00465,P3,Login,Operational,Payments,Email,L1 Support,Resolved,0.51,14.51,No,4,No
TKT0000105,2025-10-26 06:35:00,2025-10-27 06:13:46,CUST01975,P3,Settlement,General,KYC Service,Phone,KYC Ops,Resolved,1.64,23.65,Yes,7,No
TKT0000106,2025-04-13 12:54:00,2025-04-14 00:04:44,CUST02573,P3,KYC,Operational,Wallet,Email,L2 Support,Resolved,1.53,11.18,No,9,No
TKT0000107,2025-06-06 02:10:00,2025-06-08 01:39:51,CUST00364,P4,Payment Failure,Technical,Settlement API,Phone,Engineering,Resolved,0.24,47.5,No,4,No
TKT0000108,2025-05-26 22:39:00,2025-05-28 12:09:57,CUST01601,P4,Settlement,General,Merchant Portal,Portal,Engineering,Resolved,1.37,37.52,Yes,8,No
TKT0000109,2025-03-23 17:29:00,2025-03-23 22:21:59,CUST01418,P2,Payment Failure,Technical,Payments,Phone,Engineering,Resolved,1.96,4.88,No,16,No
TKT0000110,2025-07-06 18:46:00,2025-07-07 02:05:10,CUST02401,P3,Payment Failure,General,Settlement API,Chat,L2 Support,Resolved,0.26,7.32,No,6,No
TKT0000111,2025-11-05 02:21:00,2025-11-06 07:20:41,CUST02748,P4,Login,Technical,KYC Service,Chat,KYC Ops,Resolved,0.85,28.99,Yes,2,No
TKT0000112,2025-09-30 23:38:00,2025-10-01 11:28:52,CUST01135,P4,Refund,General,Wallet,Email,L1 Support,Resolved,0.22,11.85,No,2,No
TKT0000113,2025-04-20 13:38:00,2025-04-22 09:20:29,CUST02451,P4,API,General,Merchant Portal,Portal,L2 Support,Resolved,0.76,43.71,No,88,No
TKT0000114,2025-03-12 01:16:00,2025-03-12 20:40:27,CUST02327,P4,KYC,Technical,Wallet,Phone,KYC Ops,Resolved,3.66,19.41,No,66,No
TKT0000115,2025-09-08 08:17:00,2025-09-09 06:13:36,CUST00944,P4,KYC,Technical,Settlement API,Email,Payments Ops,Resolved,4.0,21.94,No,10,No
TKT0000116,2025-11-14 15:07:00,2025-11-16 19:03:31,CUST02758,P4,Settlement,Operational,Payments,Email,KYC Ops,Resolved,0.78,51.94,No,10,Yes
TKT0000117,2025-05-01 12:55:00,2025-05-02 04:59:29,CUST00368,P4,Login,General,Merchant Portal,Portal,Engineering,Resolved,7.04,16.07,Yes,6,No
TKT0000118,2025-07-14 03:44:00,2025-07-14 13:46:14,CUST01379,P3,KYC,General,KYC Service,Chat,Engineering,Resolved,1.13,10.04,No,20,No
TKT0000119,2025-06-13 00:07:00,2025-06-14 08:41:38,CUST01496,P4,Payment Failure,Operational,Settlement API,Chat,Engineering,Resolved,0.52,32.58,No,1,No
TKT0000120,2025-11-26 06:03:00,2025-11-26 14:56:27,CUST02124,P2,API,Technical,Settlement API,Phone,Payments Ops,Resolved,1.33,8.89,Yes,112,Yes
TKT0000121,2025-08-07 04:31:00,2025-08-08 00:41:38,CUST02533,P3,Refund,Operational,Payments,Phone,L2 Support,Resolved,1.27,20.18,No,2,No
TKT0000122,2025-09-26 08:14:00,2025-09-26 10:25:08,CUST01605,P2,Refund,Operational,Payments,Chat,Payments Ops,Resolved,1.48,2.19,Yes,3,No
TKT0000123,2025-07-08 23:20:00,2025-07-09 17:23:14,CUST00970,P4,Payment Failure,General,Payments,Phone,Engineering,Resolved,0.82,18.05,No,5,No
TKT0000124,2025-10-30 07:28:00,2025-10-31 02:27:36,CUST01642,P4,Payment Failure,General,Merchant Portal,Phone,Payments Ops,Resolved,0.95,18.99,No,1,No
TKT0000125,2025-08-22 17:35:00,2025-08-23 09:16:21,CUST01766,P4,Login,General,KYC Service,Chat,KYC Ops,Resolved,0.63,15.69,No,3,No
TKT0000126,2025-09-06 13:56:00,2025-09-06 22:48:56,CUST02789,P1,API,Operational,Merchant Portal,Phone,KYC Ops,Resolved,3.26,8.88,No,16,Yes
TKT0000127,2025-11-26 13:02:00,2025-11-26 22:06:12,CUST00857,P3,KYC,Operational,Settlement API,Phone,L2 Support,Resolved,0.47,9.07,No,12,No
TKT0000128,2025-02-19 01:16:00,2025-02-19 17:29:14,CUST00108,P3,Payment Failure,Technical,Settlement API,Portal,Payments Ops,Resolved,0.62,16.22,No,12,No
TKT0000129,2025-11-23 15:20:00,2025-11-24 11:40:00,CUST01293,P3,Payment Failure,General,Settlement API,Email,KYC Ops,Resolved,1.59,20.33,No,8,No
TKT0000130,2025-12-11 07:13:00,2025-12-12 15:43:07,CUST02471,P3,Refund,Operational,KYC Service,Phone,KYC Ops,Resolved,1.8,32.5,No,14,Yes
TKT0000131,2025-04-14 03:13:00,2025-04-14 07:49:38,CUST00241,P2,KYC,Operational,Merchant Portal,Email,Engineering,Resolved,2.74,4.61,No,14,No
TKT0000132,2025-06-02 15:37:00,2025-06-04 21:27:07,CUST01347,P4,Login,General,Merchant Portal,Email,KYC Ops,Resolved,1.79,53.84,No,1,Yes
TKT0000133,2025-09-27 00:02:00,2025-09-29 04:09:20,CUST02303,P3,Refund,General,Merchant Portal,Chat,KYC Ops,Resolved,0.38,52.12,Yes,4,Yes
TKT0000134,2025-06-22 20:51:00,2025-06-23 09:12:24,CUST00943,P3,KYC,Technical,Merchant Portal,Email,KYC Ops,Resolved,2.29,12.36,No,9,No
TKT0000135,2025-02-06 00:51:00,2025-02-06 12:03:04,CUST01929,P2,Refund,General,Merchant Portal,Portal,Engineering,Resolved,1.28,11.2,Yes,3,Yes
TKT0000136,2025-05-30 13:56:00,2025-05-31 12:43:50,CUST00043,P4,Payment Failure,Technical,Settlement API,Chat,KYC Ops,Resolved,0.33,22.8,No,62,No
TKT0000137,2025-05-29 00:40:00,2025-05-29 15:39:39,CUST01698,P3,Payment Failure,Operational,Wallet,Email,Payments Ops,Resolved,4.72,14.99,No,5,No
TKT0000138,2025-01-31 02:59:00,2025-02-01 04:40:38,CUST02489,P4,Refund,Operational,Wallet,Portal,L2 Support,Resolved,0.61,25.69,No,14,No
TKT0000139,2025-04-16 13:50:00,2025-04-17 07:49:27,CUST00921,P3,Payment Failure,Technical,KYC Service,Email,KYC Ops,Resolved,0.75,17.99,No,3,No
TKT0000140,2025-05-10 08:58:00,2025-05-11 09:22:01,CUST02156,P4,Settlement,Operational,Payments,Phone,KYC Ops,Resolved,0.28,24.4,Yes,6,No
TKT0000141,2025-08-17 22:00:00,2025-08-18 22:38:18,CUST02980,P3,Login,Technical,KYC Service,Email,KYC Ops,Resolved,1.29,24.64,No,3,Yes
TKT0000142,2025-08-02 13:07:00,2025-08-04 02:08:37,CUST01911,P4,API,Technical,Payments,Phone,KYC Ops,Resolved,1.15,37.03,No,6,No
TKT0000143,2025-02-06 04:27:00,2025-02-06 08:29:51,CUST02237,P2,Settlement,Operational,Payments,Phone,L2 Support,Resolved,0.96,4.05,Yes,35,No
TKT0000144,2025-03-05 18:37:00,2025-03-06 16:35:43,CUST02948,P4,Payment Failure,Operational,Merchant Portal,Email,Engineering,Resolved,1.15,21.98,No,43,No
TKT0000145,2025-07-10 03:01:00,2025-07-10 22:34:04,CUST01429,P3,Payment Failure,General,Wallet,Portal,Engineering,Resolved,1.26,19.55,No,1,No
TKT0000146,2025-11-27 15:05:00,2025-11-28 20:16:09,CUST00633,P3,API,Operational,Wallet,Email,KYC Ops,Resolved,0.52,29.19,No,5,Yes
TKT0000147,2025-04-06 12:33:00,2025-04-08 13:34:27,CUST01517,P4,API,General,Wallet,Email,Engineering,Resolved,0.39,49.02,No,1,Yes
TKT0000148,2025-12-17 09:37:00,2025-12-18 22:35:18,CUST02029,P4,Login,General,Payments,Chat,L1 Support,Resolved,0.45,36.97,No,2,No
TKT0000149,2025-07-05 19:08:00,2025-07-06 18:56:26,CUST01141,P4,Settlement,Technical,KYC Service,Portal,L2 Support,Resolved,0.19,23.81,No,11,No
TKT0000150,2025-11-01 20:54:00,2025-11-03 08:15:25,CUST02958,P3,KYC,Operational,Merchant Portal,Chat,Payments Ops,Resolved,3.32,35.36,No,23,Yes
TKT0000151,2025-11-30 09:35:00,2025-12-02 17:32:28,CUST00206,P4,KYC,General,Wallet,Email,L2 Support,Resolved,1.25,55.96,No,9,Yes
TKT0000152,2025-03-26 07:56:00,2025-03-26 18:59:07,CUST02675,P3,KYC,General,Payments,Email,Payments Ops,Resolved,1.07,11.05,Yes,21,No
TKT0000153,2025-05-07 06:31:00,2025-05-08 19:30:47,CUST02076,P4,Settlement,Technical,KYC Service,Chat,Payments Ops,Resolved,0.7,37.0,No,1,No
TKT0000154,2025-10-09 10:07:00,2025-10-09 20:57:04,CUST00271,P4,Settlement,General,Merchant Portal,Portal,Engineering,Resolved,0.52,10.83,No,40,No
TKT0000155,2025-09-17 05:42:00,2025-09-17 11:39:29,CUST01699,P3,Payment Failure,Operational,Payments,Phone,L2 Support,Resolved,0.34,5.96,No,1,No
TKT0000156,2025-01-04 08:54:00,2025-01-04 12:39:01,CUST02520,P1,Refund,General,Settlement API,Portal,L1 Support,Resolved,2.73,3.75,Yes,43,No
TKT0000157,2025-03-10 23:09:00,2025-03-13 02:13:45,CUST01636,P4,Login,Operational,Wallet,Chat,L1 Support,Resolved,0.2,51.08,No,11,Yes
TKT0000158,2025-10-29 10:06:00,2025-10-30 07:22:30,CUST02783,P3,Refund,Operational,Settlement API,Chat,L2 Support,Resolved,1.17,21.28,No,3,No
TKT0000159,2025-10-30 01:23:00,2025-10-30 13:50:50,CUST01914,P3,Login,Operational,KYC Service,Phone,KYC Ops,Resolved,0.38,12.46,No,2,No
TKT0000160,2025-09-03 11:44:00,2025-09-04 10:38:21,CUST02762,P3,Payment Failure,Operational,KYC Service,Phone,L1 Support,Resolved,1.08,22.91,No,3,No
TKT0000161,2025-07-08 00:36:00,2025-07-08 11:36:27,CUST01186,P3,Refund,Operational,Wallet,Portal,L1 Support,Resolved,0.55,11.01,No,1,No
TKT0000162,2025-06-04 12:18:00,2025-06-05 01:12:06,CUST01073,P3,KYC,Technical,Merchant Portal,Phone,KYC Ops,Resolved,0.46,12.9,No,41,No
TKT0000163,2025-05-23 00:27:00,2025-05-24 17:01:33,CUST02558,P4,Settlement,Technical,Payments,Chat,L1 Support,Resolved,0.61,40.58,No,4,No
TKT0000164,2025-03-12 07:56:00,2025-03-12 21:48:05,CUST00922,P4,Settlement,General,Wallet,Email,L2 Support,Resolved,1.04,13.87,No,11,No
TKT0000165,2025-01-01 20:55:00,2025-01-02 16:58:05,CUST02409,P4,API,General,Settlement API,Phone,L1 Support,Resolved,0.23,20.05,No,11,No
TKT0000166,2025-02-19 11:30:00,2025-02-20 10:49:24,CUST01004,P3,Login,General,Merchant Portal,Chat,L1 Support,Resolved,1.47,23.32,No,2,No
TKT0000167,2025-05-04 08:41:00,2025-05-06 12:34:18,CUST00301,P4,Refund,General,Wallet,Phone,L1 Support,Resolved,1.63,51.89,Yes,3,Yes
TKT0000168,2025-08-22 07:22:00,2025-08-23 04:58:23,CUST01157,P3,Settlement,General,KYC Service,Email,Payments Ops,Resolved,0.12,21.61,No,12,No
TKT0000169,2025-02-05 20:53:00,2025-02-06 08:27:48,CUST00505,P4,API,General,KYC Service,Portal,Payments Ops,Resolved,1.16,11.58,No,5,No
TKT0000170,2025-04-19 09:06:00,2025-04-19 21:41:27,CUST01816,P3,Refund,Operational,Payments,Phone,Engineering,Resolved,0.97,12.59,No,1,No
TKT0000171,2025-03-10 08:33:00,2025-03-11 02:17:46,CUST02279,P3,Settlement,Technical,KYC Service,Email,KYC Ops,Resolved,1.11,17.75,Yes,6,No
TKT0000172,2025-02-25 20:46:00,2025-03-01 03:11:57,CUST02201,P4,Payment Failure,General,Merchant Portal,Chat,Engineering,Resolved,1.83,78.43,No,7,Yes
TKT0000173,2025-11-14 06:51:00,2025-11-14 14:47:08,CUST00584,P3,Payment Failure,General,Payments,Chat,Payments Ops,Resolved,1.26,7.94,No,7,No
TKT0000174,2025-10-23 23:18:00,2025-10-25 23:30:02,CUST01276,P4,Login,Operational,KYC Service,Chat,L2 Support,Resolved,1.17,48.2,No,14,Yes
TKT0000175,2025-03-13 03:39:00,2025-03-13 15:20:13,CUST01144,P3,KYC,General,Settlement API,Chat,Engineering,Resolved,1.3,11.69,No,14,No
TKT0000176,2025-05-18 04:38:00,2025-05-19 00:15:34,CUST00510,P3,API,Technical,Wallet,Chat,L1 Support,Resolved,0.25,19.63,No,12,No
TKT0000177,2025-03-01 04:24:00,2025-03-01 07:10:41,CUST02472,P1,Login,General,Merchant Portal,Chat,Engineering,Resolved,1.3,2.78,No,52,No
TKT0000178,2025-11-02 12:19:00,2025-11-02 22:41:12,CUST02065,P3,Payment Failure,Operational,Wallet,Chat,L1 Support,Resolved,0.66,10.37,No,13,No
TKT0000179,2025-02-02 07:51:00,2025-02-03 15:48:06,CUST01239,P3,Payment Failure,Technical,Settlement API,Email,Engineering,Resolved,1.89,31.95,No,2,Yes
TKT0000180,2025-05-08 17:13:00,2025-05-10 12:18:10,CUST00472,P3,Payment Failure,Operational,Merchant Portal,Chat,KYC Ops,Resolved,1.18,43.09,No,4,Yes
TKT0000181,2025-09-16 14:05:00,2025-09-17 10:43:25,CUST01802,P3,API,General,Settlement API,Phone,KYC Ops,Resolved,1.12,20.64,No,12,No
TKT0000182,2025-05-02 08:58:00,2025-05-04 15:56:30,CUST00207,P4,Settlement,General,KYC Service,Portal,L2 Support,Resolved,1.44,54.98,No,5,Yes
TKT0000183,2025-10-07 20:11:00,2025-10-08 01:16:30,CUST01155,P2,Payment Failure,Operational,KYC Service,Portal,L2 Support,Resolved,1.2,5.09,Yes,10,No
TKT0000184,2025-12-26 04:36:00,2025-12-28 00:41:40,CUST02869,P4,API,General,Wallet,Portal,L1 Support,Resolved,0.49,44.09,No,23,No
TKT0000185,2025-09-13 01:13:00,2025-09-13 09:02:06,CUST00114,P3,Refund,Operational,Wallet,Portal,Payments Ops,Resolved,0.39,7.82,No,15,No
TKT0000186,2025-03-10 21:28:00,2025-03-11 20:50:26,CUST01672,P4,Login,Operational,Payments,Chat,L2 Support,Resolved,1.02,23.37,Yes,44,No
TKT0000187,2025-11-04 19:42:00,2025-11-06 12:29:45,CUST01770,P3,Login,Operational,Payments,Phone,L1 Support,Resolved,1.54,40.8,No,5,Yes
TKT0000188,2025-07-28 01:36:00,2025-07-28 14:24:11,CUST00504,P3,Login,Operational,Settlement API,Phone,L1 Support,Resolved,0.5,12.8,No,20,No
TKT0000189,2025-08-27 00:54:00,2025-08-27 10:24:36,CUST00238,P3,Settlement,Operational,Merchant Portal,Phone,L1 Support,Resolved,0.49,9.51,No,6,No
TKT0000190,2025-08-27 14:35:00,2025-08-29 00:56:38,CUST00404,P3,API,General,Merchant Portal,Portal,Payments Ops,Resolved,1.74,34.36,Yes,19,Yes
TKT0000191,2025-10-30 11:12:00,2025-10-31 01:10:38,CUST02298,P4,Settlement,General,Wallet,Phone,Payments Ops,Resolved,0.59,13.98,No,4,No
TKT0000192,2025-11-28 20:07:00,2025-11-29 10:53:42,CUST00286,P3,KYC,Operational,Wallet,Email,L1 Support,Resolved,0.52,14.78,No,8,No
TKT0000193,2025-10-06 07:46:00,2025-10-06 17:46:33,CUST02565,P4,Login,General,Merchant Portal,Phone,Payments Ops,Resolved,2.64,10.01,No,4,No
TKT0000194,2025-04-18 06:13:00,2025-04-19 00:27:04,CUST02355,P3,KYC,General,Merchant Portal,Phone,L1 Support,Resolved,0.25,18.23,No,6,No
TKT0000195,2025-06-25 19:54:00,2025-06-26 12:33:46,CUST01404,P4,Login,General,KYC Service,Chat,L1 Support,Resolved,0.33,16.66,No,4,No
TKT0000196,2025-07-01 13:50:00,2025-07-03 02:14:07,CUST00783,P3,Payment Failure,Operational,Wallet,Email,KYC Ops,Resolved,0.62,36.4,No,3,Yes
TKT0000197,2025-09-28 12:16:00,2025-09-28 15:38:37,CUST02323,P1,API,Technical,Settlement API,Email,L1 Support,Resolved,0.6,3.38,No,5,No
TKT0000198,2025-09-22 08:52:00,2025-09-22 17:35:39,CUST00953,P3,Payment Failure,Operational,Payments,Email,L1 Support,Resolved,6.42,8.73,No,31,No
TKT0000199,2025-02-01 02:04:00,2025-02-01 19:32:21,CUST00532,P3,Payment Failure,General,Payments,Phone,Payments Ops,Resolved,0.33,17.47,No,2,No
TKT0000200,2025-09-25 19:03:00,2025-09-26 17:54:35,CUST00297,P4,Login,General,Wallet,Chat,L1 Support,Resolved,0.75,22.86,No,44,No
TKT0000201,2025-10-04 14:10:00,2025-10-04 18:30:27,CUST01175,P2,Refund,Technical,Wallet,Phone,L2 Support,Resolved,0.98,4.34,No,5,No
TKT0000202,2025-02-11 07:07:00,2025-02-11 22:04:42,CUST02503,P3,Payment Failure,Technical,Payments,Email,Engineering,Resolved,0.77,14.96,No,27,No
TKT0000203,2025-09-29 12:27:00,2025-09-29 18:47:32,CUST00266,P2,Refund,Technical,Wallet,Email,L2 Support,Resolved,1.44,6.34,No,8,No
TKT0000204,2025-04-05 07:58:00,2025-04-07 14:36:38,CUST00611,P4,API,Technical,Wallet,Phone,Payments Ops,Resolved,1.43,54.64,No,11,Yes
TKT0000205,2025-11-16 09:25:00,2025-11-16 23:25:34,CUST00187,P3,Payment Failure,General,Settlement API,Email,L2 Support,Resolved,0.56,14.01,No,3,No
TKT0000206,2025-07-22 22:35:00,2025-07-23 02:56:15,CUST01461,P1,API,General,KYC Service,Phone,KYC Ops,Resolved,1.51,4.35,No,51,Yes
TKT0000207,2025-12-04 19:05:00,2025-12-05 08:22:23,CUST01319,P3,API,Technical,Wallet,Phone,Engineering,Resolved,4.94,13.29,Yes,26,No
TKT0000208,2025-05-28 21:12:00,2025-05-29 07:00:14,CUST02705,P3,Refund,General,KYC Service,Email,L1 Support,Resolved,0.92,9.8,No,20,No
TKT0000209,2025-05-17 06:55:00,2025-05-18 21:32:53,CUST02949,P4,Settlement,General,Settlement API,Phone,KYC Ops,Resolved,0.84,38.63,No,3,No
TKT0000210,2025-05-10 15:09:00,2025-05-12 04:43:23,CUST01753,P3,API,Technical,Payments,Portal,Payments Ops,Resolved,0.81,37.57,No,4,Yes
TKT0000211,2025-12-02 08:08:00,2025-12-02 15:09:06,CUST02856,P3,Payment Failure,General,KYC Service,Phone,L2 Support,Resolved,5.52,7.02,No,8,No
TKT0000212,2025-09-21 23:23:00,2025-09-22 10:08:25,CUST02391,P4,API,General,Payments,Portal,L2 Support,Resolved,0.63,10.76,No,30,No
TKT0000213,2025-03-26 06:07:00,2025-03-26 11:28:15,CUST02274,P1,Payment Failure,Technical,Wallet,Chat,L1 Support,Resolved,1.48,5.35,No,32,Yes
TKT0000214,2025-06-17 23:27:00,2025-06-18 16:26:28,CUST00704,P3,Login,General,Settlement API,Chat,L2 Support,Resolved,5.96,16.99,No,13,No
TKT0000215,2025-10-17 17:10:00,2025-10-18 04:55:54,CUST01370,P3,KYC,General,Wallet,Phone,L2 Support,Resolved,0.36,11.77,No,42,No
TKT0000216,2025-07-10 23:16:00,2025-07-11 08:54:15,CUST00457,P3,Settlement,Technical,Settlement API,Portal,L1 Support,Resolved,4.08,9.64,No,2,No
TKT0000217,2025-09-13 07:16:00,2025-09-13 20:42:33,CUST02853,P3,KYC,Technical,KYC Service,Portal,Payments Ops,Resolved,6.19,13.44,No,13,No
TKT0000218,2025-09-15 22:42:00,2025-09-18 04:28:18,CUST02341,P4,Payment Failure,Technical,Wallet,Phone,KYC Ops,Resolved,1.41,53.77,Yes,1,Yes
TKT0000219,2025-02-05 23:06:00,2025-02-06 02:32:09,CUST02393,P1,KYC,General,Merchant Portal,Email,Engineering,Resolved,2.13,3.44,No,3,No
TKT0000220,2025-06-22 03:13:00,2025-06-22 07:43:26,CUST01025,P2,Payment Failure,Operational,Merchant Portal,Portal,KYC Ops,Resolved,1.56,4.51,No,14,No
TKT0000221,2025-09-14 09:34:00,2025-09-15 01:45:01,CUST01055,P2,API,Technical,KYC Service,Phone,Engineering,Resolved,2.1,16.18,No,8,Yes
TKT0000222,2025-09-09 09:49:00,2025-09-09 21:40:32,CUST00934,P3,API,Technical,Wallet,Chat,KYC Ops,Resolved,0.32,11.86,No,10,No
TKT0000223,2025-02-27 09:44:00,2025-03-01 17:33:43,CUST00554,P4,Payment Failure,Technical,Payments,Portal,Engineering,Resolved,0.35,55.83,No,4,Yes
TKT0000224,2025-09-23 21:29:00,2025-09-24 09:27:12,CUST00901,P2,Login,General,Merchant Portal,Email,L2 Support,Resolved,0.89,11.97,No,4,Yes
TKT0000225,2025-04-24 03:08:00,2025-04-24 08:59:22,CUST01372,P2,Payment Failure,Operational,Settlement API,Chat,Payments Ops,Resolved,0.31,5.86,No,10,No
TKT0000226,2025-04-04 06:45:00,2025-04-05 06:21:16,CUST01573,P4,Settlement,Technical,Settlement API,Chat,L1 Support,Resolved,0.68,23.6,No,1,No
TKT0000227,2025-12-07 18:20:00,2025-12-09 08:34:00,CUST00580,P4,Payment Failure,General,Payments,Email,Engineering,Resolved,0.83,38.23,No,12,No
TKT0000228,2025-10-04 08:13:00,2025-10-05 14:07:44,CUST00845,P3,KYC,Technical,Payments,Phone,KYC Ops,Resolved,0.16,29.91,No,1,Yes
TKT0000229,2025-02-06 07:26:00,2025-02-07 03:18:36,CUST00344,P3,Payment Failure,Operational,Wallet,Portal,KYC Ops,Resolved,0.82,19.88,No,12,No
TKT0000230,2025-06-12 17:12:00,2025-06-13 19:49:38,CUST02266,P3,Login,Technical,Merchant Portal,Phone,Engineering,Resolved,3.46,26.63,No,7,Yes
TKT0000231,2025-08-27 11:21:00,2025-08-28 11:27:33,CUST02894,P4,Payment Failure,General,Payments,Portal,KYC Ops,Resolved,0.94,24.11,No,5,No
TKT0000232,2025-04-17 21:54:00,2025-04-18 11:31:05,CUST00318,P3,Settlement,Operational,Payments,Portal,L1 Support,Resolved,2.72,13.62,No,5,No
TKT0000233,2025-09-13 02:11:00,2025-09-13 10:04:21,CUST00671,P3,Login,General,Settlement API,Email,KYC Ops,Resolved,2.47,7.89,No,10,No
TKT0000234,2025-05-01 03:58:00,2025-05-01 21:37:58,CUST01580,P3,Login,General,Payments,Portal,Engineering,Resolved,1.14,17.67,No,18,No
TKT0000235,2025-11-28 04:01:00,2025-11-29 15:25:52,CUST02038,P4,KYC,Operational,Wallet,Email,L2 Support,Resolved,0.76,35.41,No,9,No
TKT0000236,2025-12-17 15:36:00,2025-12-18 12:49:56,CUST02992,P4,Refund,Technical,Settlement API,Portal,Engineering,Resolved,1.14,21.23,No,66,No
TKT0000237,2025-09-15 10:44:00,2025-09-15 21:40:28,CUST00299,P2,Payment Failure,Operational,Wallet,Phone,KYC Ops,Resolved,0.52,10.94,No,20,Yes
TKT0000238,2025-02-18 21:48:00,2025-02-19 23:18:39,CUST02861,P3,Settlement,General,Settlement API,Portal,L2 Support,Resolved,0.85,25.51,Yes,4,Yes
TKT0000239,2025-04-23 20:34:00,2025-04-24 12:12:03,CUST00874,P3,Settlement,General,Merchant Portal,Email,Engineering,Resolved,0.81,15.63,No,7,No
TKT0000240,2025-12-27 21:37:00,2025-12-29 14:17:13,CUST01106,P3,Refund,Technical,KYC Service,Chat,KYC Ops,Resolved,3.51,40.67,No,2,Yes
TKT0000241,2025-12-15 18:02:00,2025-12-17 02:30:43,CUST02441,P4,Payment Failure,Technical,Payments,Phone,L2 Support,Resolved,1.25,32.48,No,14,No
TKT0000242,2025-03-19 11:01:00,2025-03-22 19:13:48,CUST00208,P4,API,Operational,Payments,Email,Engineering,Resolved,0.84,80.21,No,1,Yes
TKT0000243,2025-11-16 14:35:00,2025-11-18 03:18:42,CUST00063,P3,API,Operational,Wallet,Email,Engineering,Resolved,0.19,36.73,No,23,Yes
TKT0000244,2025-12-18 04:34:00,2025-12-18 22:10:14,CUST02633,P3,Payment Failure,General,Settlement API,Email,L2 Support,Resolved,0.59,17.6,No,4,No
TKT0000245,2025-11-04 22:04:00,2025-11-05 23:36:32,CUST01005,P3,Settlement,Technical,Merchant Portal,Phone,Engineering,Resolved,2.3,25.54,No,3,Yes
TKT0000246,2025-01-28 03:53:00,2025-01-28 21:36:51,CUST02851,P3,Refund,Operational,Settlement API,Chat,L1 Support,Resolved,0.34,17.73,No,1,No
TKT0000247,2025-01-30 19:36:00,2025-01-31 01:36:13,CUST00022,P2,Login,Operational,Payments,Chat,L2 Support,Resolved,0.57,6.0,No,3,No
TKT0000248,2025-11-25 08:50:00,2025-11-26 12:41:09,CUST01674,P4,API,General,Merchant Portal,Portal,Payments Ops,Resolved,0.57,27.85,No,1,No
TKT0000249,2025-09-05 03:59:00,2025-09-07 16:46:33,CUST02820,P4,API,Operational,Merchant Portal,Email,KYC Ops,Resolved,1.21,60.79,No,6,Yes
TKT0000250,2025-02-27 00:07:00,2025-02-27 03:28:57,CUST00157,P2,Payment Failure,Operational,Wallet,Phone,Payments Ops,Resolved,0.93,3.37,No,3,No
TKT0000251,2025-12-11 19:16:00,2025-12-12 09:15:46,CUST00219,P3,Login,Operational,Merchant Portal,Chat,KYC Ops,Resolved,0.81,14.0,Yes,10,No
TKT0000252,2025-11-14 08:02:00,2025-11-14 14:31:10,CUST02541,P3,Login,Technical,Merchant Portal,Chat,KYC Ops,Resolved,2.2,6.49,No,11,No
TKT0000253,2025-06-12 15:44:00,2025-06-13 15:56:37,CUST00857,P4,Payment Failure,Technical,Settlement API,Chat,L2 Support,Resolved,0.29,24.21,No,5,No
TKT0000254,2025-05-26 18:39:00,2025-05-26 20:46:42,CUST02205,P2,Refund,Operational,Merchant Portal,Portal,KYC Ops,Resolved,0.39,2.13,No,1,No
TKT0000255,2025-05-23 19:59:00,2025-05-27 09:43:21,CUST00768,P4,API,Technical,Merchant Portal,Chat,Payments Ops,Resolved,1.3,85.74,No,5,Yes
TKT0000256,2025-10-06 00:54:00,2025-10-06 06:24:48,CUST00963,P2,Settlement,Operational,Merchant Portal,Email,KYC Ops,Resolved,1.32,5.51,Yes,8,No
TKT0000257,2025-02-26 04:25:00,2025-02-27 16:30:06,CUST00832,P3,Settlement,General,Merchant Portal,Phone,L1 Support,Resolved,0.79,36.09,No,32,Yes
TKT0000258,2025-04-16 18:01:00,2025-04-17 09:20:31,CUST02997,P3,KYC,General,Wallet,Email,L2 Support,Resolved,0.53,15.33,No,12,No
TKT0000259,2025-02-26 08:51:00,2025-02-27 21:15:29,CUST02463,P4,Settlement,General,KYC Service,Chat,L2 Support,Resolved,1.17,36.41,No,5,No
TKT0000260,2025-02-24 23:45:00,2025-02-25 11:56:45,CUST01999,P3,Login,Technical,Wallet,Chat,Payments Ops,Resolved,2.35,12.2,Yes,12,No
TKT0000261,2025-03-19 11:34:00,2025-03-20 08:30:50,CUST01101,P2,Login,Technical,KYC Service,Chat,L2 Support,Resolved,1.88,20.95,No,5,Yes
TKT0000262,2025-10-31 09:38:00,2025-11-01 04:37:16,CUST00814,P4,Payment Failure,Technical,Settlement API,Email,KYC Ops,Resolved,1.71,18.99,No,5,No
TKT0000263,2025-10-09 13:12:00,2025-10-10 12:14:16,CUST01370,P3,Settlement,Operational,Wallet,Chat,Engineering,Resolved,1.78,23.04,Yes,3,No
TKT0000264,2025-05-12 03:27:00,2025-05-12 19:24:29,CUST00255,P3,Payment Failure,General,Wallet,Chat,L2 Support,Resolved,1.08,15.96,Yes,1,No
TKT0000265,2025-01-07 23:30:00,2025-01-08 21:27:57,CUST02593,P3,API,Operational,Settlement API,Chat,KYC Ops,Resolved,1.12,21.97,No,20,No
TKT0000266,2025-03-16 08:06:00,2025-03-16 22:26:28,CUST00431,P3,Settlement,Operational,Settlement API,Phone,Payments Ops,Resolved,0.44,14.34,No,13,No
TKT0000267,2025-04-04 05:19:00,2025-04-04 20:56:09,CUST01058,P3,Refund,Operational,KYC Service,Chat,KYC Ops,Resolved,1.59,15.62,No,4,No
TKT0000268,2025-01-12 05:11:00,2025-01-12 22:28:27,CUST00387,P3,Settlement,Operational,Payments,Chat,L2 Support,Resolved,0.37,17.29,No,5,No
TKT0000269,2025-06-09 13:34:00,2025-06-10 08:18:21,CUST01627,P3,Login,General,Wallet,Portal,L2 Support,Resolved,0.45,18.74,No,32,No
TKT0000270,2025-08-20 16:27:00,2025-08-20 20:55:18,CUST00333,P2,Refund,General,Merchant Portal,Chat,L1 Support,Resolved,1.64,4.47,Yes,4,No
TKT0000271,2025-09-21 07:29:00,2025-09-21 08:17:24,CUST02016,P1,Payment Failure,Technical,Merchant Portal,Chat,Engineering,Resolved,1.74,0.81,No,143,No
TKT0000272,2025-12-27 21:25:00,2025-12-28 16:08:41,CUST00079,P3,Payment Failure,General,Settlement API,Chat,KYC Ops,Resolved,0.29,18.73,No,14,No
TKT0000273,2025-06-19 21:02:00,2025-06-20 07:51:49,CUST00853,P3,API,Operational,Wallet,Chat,L2 Support,Resolved,7.78,10.83,No,16,No
TKT0000274,2025-09-23 03:32:00,2025-09-24 02:24:46,CUST00081,P3,Login,Technical,Merchant Portal,Chat,KYC Ops,Resolved,0.86,22.88,No,3,No
TKT0000275,2025-03-16 04:03:00,2025-03-16 11:16:31,CUST01411,P2,Refund,Operational,KYC Service,Chat,Engineering,Resolved,0.7,7.23,Yes,5,No
TKT0000276,2025-03-25 16:23:00,2025-03-27 19:38:21,CUST02131,P4,Settlement,General,Settlement API,Phone,Engineering,Resolved,1.2,51.26,No,27,Yes
TKT0000277,2025-02-28 15:52:00,2025-03-01 08:35:49,CUST00263,P3,API,General,Wallet,Chat,Engineering,Resolved,2.13,16.73,No,1,No
TKT0000278,2025-02-11 04:57:00,2025-02-13 07:10:21,CUST00443,P4,API,Operational,Wallet,Email,KYC Ops,Resolved,0.64,50.22,No,6,Yes
TKT0000279,2025-07-03 03:40:00,2025-07-04 05:57:30,CUST01808,P3,API,Operational,Payments,Portal,L2 Support,Resolved,0.43,26.29,No,13,Yes
TKT0000280,2025-12-03 17:03:00,2025-12-04 06:28:56,CUST02766,P3,API,Operational,Merchant Portal,Email,KYC Ops,Resolved,1.54,13.43,No,1,No
TKT0000281,2025-07-23 19:03:00,2025-07-24 03:22:51,CUST01331,P3,Refund,Operational,KYC Service,Phone,L1 Support,Resolved,1.2,8.33,Yes,7,No
TKT0000282,2025-11-15 16:00:00,2025-11-15 23:23:37,CUST01140,P3,KYC,Technical,Settlement API,Chat,L1 Support,Resolved,0.82,7.39,Yes,4,No
TKT0000283,2025-11-10 02:28:00,2025-11-12 05:41:46,CUST01621,P3,KYC,General,Payments,Phone,L2 Support,Resolved,0.76,51.23,No,1,Yes
TKT0000284,2025-12-03 15:27:00,2025-12-03 19:09:52,CUST02575,P1,Refund,General,Merchant Portal,Phone,L1 Support,Resolved,0.7,3.71,No,173,No
TKT0000285,2025-05-15 01:41:00,2025-05-15 04:01:08,CUST00606,P1,KYC,General,Payments,Portal,Payments Ops,Resolved,0.87,2.34,No,5,No
TKT0000286,2025-12-27 18:52:00,2025-12-29 03:03:13,CUST00489,P3,Payment Failure,Technical,Merchant Portal,Chat,KYC Ops,Resolved,2.72,32.19,Yes,3,Yes
TKT0000287,2025-07-02 03:35:00,2025-07-02 18:27:53,CUST02503,P3,Refund,Technical,Settlement API,Chat,L1 Support,Resolved,1.98,14.88,No,1,No
TKT0000288,2025-03-30 03:53:00,2025-03-30 23:32:15,CUST00540,P4,Payment Failure,General,Wallet,Chat,Payments Ops,Resolved,1.24,19.65,No,12,No
TKT0000289,2025-09-17 21:32:00,2025-09-18 00:25:36,CUST02780,P2,Settlement,General,Merchant Portal,Chat,Payments Ops,Resolved,0.67,2.89,No,3,No
TKT0000290,2025-01-05 21:52:00,2025-01-06 19:14:03,CUST00854,P4,API,General,Payments,Phone,KYC Ops,Resolved,0.98,21.37,No,10,No
TKT0000291,2025-04-19 17:40:00,2025-04-19 20:48:53,CUST02255,P1,API,General,Wallet,Chat,L2 Support,Resolved,2.03,3.15,No,13,No
TKT0000292,2025-01-27 11:08:00,2025-01-28 23:31:38,CUST00334,P4,Payment Failure,General,Wallet,Portal,Payments Ops,Resolved,0.66,36.39,No,6,No
TKT0000293,2025-07-07 07:19:00,2025-07-07 20:24:11,CUST00968,P3,Settlement,Operational,Merchant Portal,Chat,KYC Ops,Resolved,0.27,13.09,No,16,No
TKT0000294,2025-11-21 09:38:00,2025-11-22 06:28:54,CUST01338,P3,API,Technical,Wallet,Portal,L2 Support,Resolved,2.15,20.85,No,3,No
TKT0000295,2025-06-09 12:17:00,2025-06-10 03:37:56,CUST02614,P4,API,Technical,KYC Service,Chat,L2 Support,Resolved,0.54,15.35,No,15,No
TKT0000296,2025-09-12 23:37:00,2025-09-13 01:32:38,CUST01124,P2,Login,Operational,Wallet,Email,KYC Ops,Resolved,0.42,1.93,No,39,No
TKT0000297,2025-12-17 19:46:00,2025-12-18 08:58:31,CUST01558,P3,Settlement,General,Payments,Phone,L1 Support,Resolved,0.97,13.21,No,1,No
TKT0000298,2025-08-11 04:45:00,2025-08-11 23:44:27,CUST01000,P3,Payment Failure,Operational,Settlement API,Phone,Engineering,Resolved,1.41,18.99,No,10,No
TKT0000299,2025-02-03 19:34:00,2025-02-03 22:36:07,CUST02479,P1,KYC,General,Settlement API,Portal,KYC Ops,Resolved,1.2,3.04,Yes,34,No
TKT0000300,2025-07-30 06:16:00,2025-07-31 21:49:27,CUST01695,P4,Settlement,General,KYC Service,Chat,Payments Ops,Resolved,0.41,39.56,No,16,No
TKT0000301,2025-01-26 04:35:00,2025-01-26 18:38:54,CUST00111,P3,Payment Failure,Technical,Settlement API,Chat,Payments Ops,Resolved,1.92,14.07,No,1,No
TKT0000302,2025-06-07 16:36:00,2025-06-07 19:42:22,CUST02837,P1,Refund,Technical,Merchant Portal,Chat,L1 Support,Resolved,3.22,3.11,Yes,51,No
TKT0000303,2025-05-16 06:49:00,2025-05-17 23:32:12,CUST02098,P4,Settlement,General,Payments,Phone,L2 Support,Resolved,2.65,40.72,No,10,No
TKT0000304,2025-05-20 00:01:00,2025-05-20 10:25:11,CUST00282,P2,API,General,KYC Service,Phone,L2 Support,Resolved,1.51,10.4,No,6,Yes
TKT0000305,2025-07-25 14:24:00,2025-07-26 12:08:59,CUST01635,P4,Refund,Operational,Merchant Portal,Phone,L2 Support,Resolved,2.53,21.75,No,1,No
TKT0000306,2025-01-27 05:37:00,2025-01-28 03:27:06,CUST00702,P3,Payment Failure,Operational,Wallet,Chat,L1 Support,Resolved,2.19,21.84,No,4,No
TKT0000307,2025-09-06 11:26:00,2025-09-07 02:30:13,CUST00668,P3,Payment Failure,General,Wallet,Portal,L2 Support,Resolved,2.21,15.07,No,6,No
TKT0000308,2025-07-19 08:42:00,2025-07-19 15:24:58,CUST00314,P2,Refund,Operational,KYC Service,Portal,L1 Support,Resolved,0.7,6.72,Yes,8,No
TKT0000309,2025-08-17 21:08:00,2025-08-18 15:57:10,CUST00841,P3,KYC,Technical,Merchant Portal,Email,L1 Support,Resolved,0.67,18.82,No,11,No
TKT0000310,2025-03-08 02:01:00,2025-03-08 14:59:04,CUST01625,P3,Settlement,Operational,Payments,Phone,Payments Ops,Resolved,0.8,12.97,No,10,No
TKT0000311,2025-09-10 13:03:00,2025-09-12 00:54:33,CUST02188,P4,Payment Failure,Technical,KYC Service,Email,Engineering,Resolved,0.61,35.86,No,6,No
TKT0000312,2025-06-24 06:36:00,2025-06-25 07:06:49,CUST00835,P3,Settlement,Operational,Merchant Portal,Chat,L2 Support,Resolved,0.24,24.51,No,11,Yes
TKT0000313,2025-06-05 07:34:00,2025-06-06 11:28:13,CUST00133,P4,Login,Operational,Payments,Email,Engineering,Resolved,1.44,27.9,Yes,2,No
TKT0000314,2025-03-08 16:12:00,2025-03-09 01:08:18,CUST00646,P3,Payment Failure,Technical,KYC Service,Portal,L1 Support,Resolved,0.55,8.94,Yes,4,No
TKT0000315,2025-02-04 08:26:00,2025-02-04 19:59:13,CUST01343,P3,Settlement,Operational,Payments,Chat,L1 Support,Resolved,0.79,11.55,No,2,No
TKT0000316,2025-10-24 10:35:00,2025-10-26 19:18:33,CUST02393,P4,Settlement,General,Merchant Portal,Phone,Payments Ops,Resolved,0.34,56.73,No,11,Yes
TKT0000317,2025-12-02 05:40:00,2025-12-04 02:12:34,CUST01070,P4,Payment Failure,Technical,Payments,Portal,Engineering,Resolved,3.34,44.54,No,3,No
TKT0000318,2025-08-19 19:56:00,2025-08-20 11:25:48,CUST00127,P3,Refund,Technical,Settlement API,Email,Engineering,Resolved,0.7,15.5,No,18,No
TKT0000319,2025-09-29 07:42:00,2025-09-29 14:52:52,CUST00459,P3,KYC,Technical,Payments,Chat,L2 Support,Resolved,1.15,7.18,No,14,No
TKT0000320,2025-12-20 07:33:00,2025-12-21 03:19:07,CUST02173,P4,Payment Failure,Operational,Merchant Portal,Phone,L1 Support,Resolved,2.61,19.77,No,3,No
TKT0000321,2025-02-15 12:07:00,2025-02-16 02:24:29,CUST02460,P4,KYC,Operational,Settlement API,Chat,Payments Ops,Resolved,0.89,14.29,No,1,No
TKT0000322,2025-06-21 10:01:00,2025-06-22 21:40:21,CUST01287,P4,KYC,Technical,Settlement API,Portal,KYC Ops,Resolved,0.37,35.66,No,6,No
TKT0000323,2025-08-08 12:45:00,2025-08-10 01:17:37,CUST00898,P4,Payment Failure,General,Merchant Portal,Phone,L1 Support,Resolved,2.61,36.54,No,2,No
TKT0000324,2025-10-28 12:08:00,2025-10-29 16:20:16,CUST02591,P3,Payment Failure,Technical,Merchant Portal,Chat,L2 Support,Resolved,1.89,28.2,No,10,Yes
TKT0000325,2025-06-26 19:32:00,2025-06-26 23:04:58,CUST00281,P2,Settlement,Technical,Settlement API,Chat,KYC Ops,Resolved,0.17,3.55,Yes,2,No
TKT0000326,2025-04-11 08:11:00,2025-04-12 19:13:44,CUST01649,P4,Payment Failure,Technical,Merchant Portal,Portal,L2 Support,Resolved,7.19,35.05,No,1,No
TKT0000327,2025-01-02 19:25:00,2025-01-03 01:19:44,CUST01969,P2,API,Technical,Payments,Chat,L1 Support,Resolved,0.67,5.91,No,13,No
TKT0000328,2025-10-28 06:41:00,2025-10-28 22:25:59,CUST02199,P4,Login,Technical,Wallet,Email,Engineering,Resolved,5.43,15.75,No,1,No
TKT0000329,2025-03-17 11:51:00,2025-03-19 05:24:25,CUST02420,P3,Settlement,General,Merchant Portal,Phone,Payments Ops,Resolved,0.52,41.56,No,1,Yes
TKT0000330,2025-03-06 16:51:00,2025-03-07 13:39:08,CUST00667,P3,API,Technical,KYC Service,Phone,Payments Ops,Resolved,2.29,20.8,No,1,No
TKT0000331,2025-07-31 23:54:00,2025-08-03 07:47:48,CUST00451,P4,Settlement,Technical,Payments,Chat,Payments Ops,Resolved,3.7,55.9,No,5,Yes
TKT0000332,2025-07-30 21:37:00,2025-07-31 07:25:12,CUST02877,P3,Refund,General,Settlement API,Portal,KYC Ops,Resolved,4.38,9.8,No,1,No
TKT0000333,2025-06-13 19:02:00,2025-06-14 16:18:08,CUST02331,P3,KYC,Technical,Settlement API,Portal,KYC Ops,Resolved,1.8,21.27,No,7,No
TKT0000334,2025-05-21 22:59:00,2025-05-23 10:24:15,CUST01912,P4,API,General,Settlement API,Portal,Payments Ops,Resolved,1.4,35.42,No,3,No
TKT0000335,2025-04-13 23:18:00,2025-04-14 18:24:29,CUST00368,P4,Settlement,General,Settlement API,Chat,L2 Support,Resolved,1.2,19.11,No,7,No
TKT0000336,2025-11-28 12:39:00,2025-11-29 00:51:57,CUST01405,P3,KYC,Operational,Merchant Portal,Chat,L1 Support,Resolved,2.16,12.22,No,9,No
TKT0000337,2025-11-15 22:13:00,2025-11-17 04:03:02,CUST00409,P4,API,Operational,Merchant Portal,Phone,Engineering,Resolved,1.24,29.83,No,4,No
TKT0000338,2025-01-26 14:37:00,2025-01-27 08:57:33,CUST00482,P3,API,General,Payments,Email,KYC Ops,Resolved,0.8,18.34,No,8,No
TKT0000339,2025-05-17 23:24:00,2025-05-19 03:11:31,CUST02165,P3,API,Technical,Payments,Portal,L1 Support,Resolved,0.45,27.79,No,15,Yes
TKT0000340,2025-08-15 04:31:00,2025-08-17 03:11:21,CUST01498,P3,Payment Failure,General,Payments,Phone,L1 Support,Resolved,1.87,46.67,No,25,Yes
TKT0000341,2025-05-29 10:45:00,2025-05-30 13:56:19,CUST00118,P3,API,Operational,Wallet,Portal,Payments Ops,Resolved,2.06,27.19,No,3,Yes
TKT0000342,2025-12-24 13:43:00,2025-12-24 21:23:29,CUST01096,P2,Payment Failure,General,Wallet,Chat,KYC Ops,Resolved,0.6,7.67,No,3,No
TKT0000343,2025-04-22 09:03:00,2025-04-23 22:47:10,CUST02858,P4,Payment Failure,Technical,Payments,Chat,L1 Support,Resolved,0.62,37.74,No,3,No
TKT0000344,2025-04-26 03:21:00,2025-04-28 00:42:16,CUST00409,P4,Settlement,Technical,Settlement API,Phone,L1 Support,Resolved,2.7,45.35,No,128,No
TKT0000345,2025-10-24 07:13:00,2025-10-25 05:34:55,CUST02057,P3,Refund,Technical,Wallet,Portal,Payments Ops,Resolved,1.23,22.37,No,1,No
TKT0000346,2025-04-16 05:25:00,2025-04-16 15:19:55,CUST00226,P3,Payment Failure,Technical,Wallet,Portal,L2 Support,Resolved,0.86,9.92,Yes,6,No
TKT0000347,2025-07-23 01:28:00,2025-07-23 16:46:25,CUST01122,P4,Settlement,General,Wallet,Email,Engineering,Resolved,1.8,15.31,Yes,7,No
TKT0000348,2025-02-26 16:25:00,2025-02-27 02:41:39,CUST02747,P2,Login,Technical,Merchant Portal,Chat,KYC Ops,Resolved,0.34,10.28,Yes,7,Yes
TKT0000349,2025-01-02 11:44:00,2025-01-03 09:50:07,CUST00796,P3,Login,Technical,Merchant Portal,Portal,L2 Support,Resolved,1.41,22.1,No,4,No
TKT0000350,2025-07-11 01:29:00,2025-07-11 11:05:03,CUST01211,P3,Settlement,Operational,Wallet,Portal,Engineering,Resolved,0.5,9.6,Yes,6,No
TKT0000351,2025-02-23 20:04:00,2025-02-24 00:42:46,CUST02997,P2,Payment Failure,Technical,Merchant Portal,Portal,Payments Ops,Resolved,0.35,4.65,No,1,No
TKT0000352,2025-03-15 19:58:00,2025-03-15 22:15:59,CUST00936,P1,Payment Failure,General,Settlement API,Email,L2 Support,Resolved,0.29,2.3,No,44,No
TKT0000353,2025-03-17 21:42:00,2025-03-17 23:17:36,CUST00364,P1,API,Technical,Payments,Portal,Engineering,Resolved,0.1,1.59,No,12,No
TKT0000354,2025-11-19 14:34:00,2025-11-22 07:48:07,CUST02404,P4,Payment Failure,Technical,KYC Service,Portal,Engineering,Resolved,0.85,65.24,No,37,Yes
TKT0000355,2025-11-08 05:35:00,2025-11-10 07:54:21,CUST01518,P4,Refund,General,KYC Service,Phone,Payments Ops,Resolved,0.3,50.32,No,3,Yes
TKT0000356,2025-05-28 20:23:00,2025-05-29 10:22:16,CUST02661,P3,KYC,General,Wallet,Phone,Payments Ops,Resolved,2.71,13.99,No,20,No
TKT0000357,2025-04-21 20:18:00,2025-04-22 13:27:20,CUST02177,P3,KYC,General,Payments,Email,L2 Support,Resolved,0.74,17.16,No,2,No
TKT0000358,2025-04-18 17:39:00,2025-04-19 01:13:23,CUST01651,P3,Payment Failure,General,Settlement API,Email,KYC Ops,Resolved,0.85,7.57,No,36,No
TKT0000359,2025-03-09 23:50:00,2025-03-11 04:56:30,CUST02391,P3,KYC,General,KYC Service,Portal,KYC Ops,Resolved,0.49,29.11,No,19,Yes
TKT0000360,2025-10-20 03:42:00,2025-10-20 12:15:06,CUST00548,P2,Login,General,KYC Service,Email,L1 Support,Resolved,0.75,8.55,No,27,Yes
TKT0000361,2025-08-19 05:54:00,2025-08-20 04:22:41,CUST00125,P3,Settlement,Technical,Wallet,Chat,L1 Support,Resolved,4.1,22.48,No,11,No
TKT0000362,2025-07-02 01:59:00,2025-07-03 22:36:38,CUST00090,P4,Refund,Technical,Payments,Chat,Payments Ops,Resolved,1.39,44.63,No,4,No
TKT0000363,2025-12-09 15:27:00,2025-12-10 10:58:41,CUST02323,P3,Payment Failure,Technical,Payments,Portal,Engineering,Resolved,0.34,19.53,No,5,No
TKT0000364,2025-04-30 15:21:00,2025-05-03 05:44:58,CUST00634,P4,Refund,Technical,Settlement API,Email,L1 Support,Resolved,0.43,62.4,No,7,Yes
TKT0000365,2025-06-05 09:58:00,2025-06-07 03:46:19,CUST02088,P4,Login,General,Payments,Phone,KYC Ops,Resolved,1.26,41.81,No,2,No
TKT0000366,2025-11-01 04:07:00,2025-11-01 12:27:27,CUST00866,P2,API,General,Merchant Portal,Portal,KYC Ops,Resolved,0.95,8.34,No,9,Yes
TKT0000367,2025-08-19 18:46:00,2025-08-21 07:37:44,CUST02961,P3,Login,Technical,Wallet,Email,Payments Ops,Resolved,0.77,36.86,No,9,Yes
TKT0000368,2025-11-17 11:04:00,2025-11-17 16:43:44,CUST00270,P2,Payment Failure,Operational,Payments,Email,Payments Ops,Resolved,0.15,5.66,Yes,7,No
TKT0000369,2025-11-03 20:54:00,2025-11-05 16:11:06,CUST02542,P4,KYC,Technical,Wallet,Phone,Payments Ops,Resolved,0.58,43.29,No,3,No
TKT0000370,2025-06-20 08:59:00,2025-06-20 15:20:03,CUST01711,P2,Payment Failure,General,KYC Service,Chat,KYC Ops,Resolved,1.14,6.35,No,4,No
TKT0000371,2025-06-08 16:48:00,2025-06-09 12:08:31,CUST01830,P3,Login,General,Payments,Chat,L1 Support,Resolved,4.55,19.34,No,97,No
TKT0000372,2025-10-23 07:49:00,2025-10-25 15:16:43,CUST01818,P4,Refund,General,Wallet,Portal,L1 Support,Resolved,1.12,55.46,Yes,2,Yes
TKT0000373,2025-07-03 19:06:00,2025-07-05 02:35:15,CUST00622,P3,Login,Technical,Payments,Portal,L2 Support,Resolved,2.4,31.49,No,12,Yes
TKT0000374,2025-06-07 06:32:00,2025-06-13 03:14:33,CUST00646,P4,Login,Operational,KYC Service,Phone,L1 Support,Resolved,0.65,140.71,No,9,Yes
TKT0000375,2025-04-27 16:10:00,2025-04-28 03:24:19,CUST01513,P2,KYC,Technical,KYC Service,Chat,Engineering,Resolved,6.29,11.24,No,17,Yes
TKT0000376,2025-04-23 00:13:00,2025-04-23 23:49:10,CUST00064,P3,KYC,General,Merchant Portal,Portal,L2 Support,Resolved,1.55,23.6,No,7,No
TKT0000377,2025-12-03 06:17:00,2025-12-03 07:40:14,CUST02802,P1,Refund,Operational,Settlement API,Chat,L2 Support,Resolved,1.88,1.39,No,76,No
TKT0000378,2025-12-15 18:30:00,2025-12-17 02:56:32,CUST00146,P4,API,General,Settlement API,Portal,KYC Ops,Resolved,1.15,32.44,No,4,No
TKT0000379,2025-09-17 10:34:00,2025-09-18 09:50:57,CUST02598,P4,Login,General,Settlement API,Portal,L1 Support,Resolved,0.39,23.28,No,3,No
TKT0000380,2025-09-07 04:37:00,2025-09-08 19:36:27,CUST00553,P4,Settlement,Operational,Wallet,Email,Payments Ops,Resolved,0.19,38.99,No,12,No
TKT0000381,2025-12-24 13:57:00,2025-12-25 00:16:26,CUST02614,P3,Login,General,Wallet,Chat,L2 Support,Resolved,1.01,10.32,No,1,No
TKT0000382,2025-05-09 20:10:00,2025-05-10 04:45:49,CUST00019,P3,Payment Failure,Operational,Merchant Portal,Email,KYC Ops,Resolved,0.59,8.6,Yes,1,No
TKT0000383,2025-10-11 05:22:00,2025-10-12 07:08:31,CUST01262,P4,KYC,Technical,Payments,Email,L1 Support,Resolved,0.87,25.78,No,12,No
TKT0000384,2025-11-07 19:19:00,2025-11-08 10:30:20,CUST01113,P3,KYC,Operational,KYC Service,Phone,Engineering,Resolved,4.01,15.19,No,16,No
TKT0000385,2025-04-25 09:20:00,2025-04-26 19:35:05,CUST00698,P3,API,General,Merchant Portal,Phone,KYC Ops,Resolved,1.38,34.25,No,11,Yes
TKT0000386,2025-04-04 22:12:00,2025-04-06 08:46:24,CUST02750,P4,Refund,General,Merchant Portal,Phone,Engineering,Resolved,0.22,34.57,No,13,No
TKT0000387,2025-11-15 06:46:00,2025-11-15 16:12:11,CUST02886,P3,Payment Failure,General,KYC Service,Portal,Engineering,Resolved,1.35,9.44,Yes,18,No
TKT0000388,2025-10-28 15:46:00,2025-10-30 05:57:54,CUST00726,P4,API,Operational,Payments,Phone,Engineering,Resolved,0.9,38.2,No,4,No
TKT0000389,2025-04-27 10:01:00,2025-04-27 18:12:49,CUST00133,P4,KYC,General,Payments,Email,L1 Support,Resolved,0.8,8.2,No,2,No
TKT0000390,2025-10-31 05:35:00,2025-10-31 17:34:37,CUST00942,P3,API,Operational,KYC Service,Portal,L2 Support,Resolved,0.49,11.99,No,5,No
TKT0000391,2025-04-22 13:24:00,2025-04-22 23:30:44,CUST00329,P2,Settlement,Technical,Wallet,Portal,L2 Support,Resolved,0.93,10.11,Yes,12,Yes
TKT0000392,2025-10-08 05:20:00,2025-10-10 16:36:15,CUST02190,P3,KYC,Technical,Merchant Portal,Email,L2 Support,Resolved,0.99,59.27,No,13,Yes
TKT0000393,2025-04-13 03:02:00,2025-04-13 15:55:47,CUST00438,P4,API,Technical,Settlement API,Portal,Payments Ops,Resolved,0.54,12.9,No,4,No
TKT0000394,2025-11-29 21:27:00,2025-12-01 17:59:01,CUST02096,P3,API,Operational,Merchant Portal,Portal,L1 Support,Resolved,0.89,44.53,No,3,Yes
TKT0000395,2025-11-12 09:48:00,2025-11-13 20:25:06,CUST01508,P4,KYC,General,Merchant Portal,Phone,KYC Ops,Resolved,0.47,34.62,Yes,8,No
TKT0000396,2025-09-21 21:36:00,2025-09-22 14:59:41,CUST00776,P3,Settlement,Technical,KYC Service,Email,L1 Support,Resolved,0.52,17.39,No,5,No
TKT0000397,2025-01-23 14:44:00,2025-01-24 09:21:00,CUST00857,P3,Payment Failure,Operational,Wallet,Chat,L2 Support,Resolved,1.51,18.62,No,2,No
TKT0000398,2025-09-11 02:49:00,2025-09-11 18:19:41,CUST02693,P3,Refund,Technical,Payments,Email,Engineering,Resolved,1.94,15.51,No,1,No
TKT0000399,2025-01-09 23:18:00,2025-01-10 22:36:29,CUST01565,P4,KYC,General,Settlement API,Portal,Engineering,Resolved,0.77,23.31,No,2,No
TKT0000400,2025-12-17 08:26:00,2025-12-17 22:59:10,CUST00452,P3,Settlement,Operational,KYC Service,Portal,L1 Support,Resolved,0.57,14.55,No,7,No
TKT0000401,2025-09-18 03:09:00,2025-09-19 09:45:42,CUST00582,P4,Settlement,General,Payments,Portal,Engineering,Resolved,2.38,30.61,No,4,No
TKT0000402,2025-08-08 02:48:00,2025-08-09 15:50:03,CUST02889,P3,API,Technical,KYC Service,Phone,Engineering,Resolved,1.34,37.03,No,5,Yes
TKT0000403,2025-10-07 03:58:00,2025-10-07 18:21:12,CUST02532,P3,API,Technical,Settlement API,Chat,L1 Support,Resolved,0.31,14.39,No,4,No
TKT0000404,2025-11-03 23:56:00,2025-11-04 12:36:44,CUST00796,P3,Refund,General,Wallet,Portal,KYC Ops,Resolved,0.32,12.68,No,33,No
TKT0000405,2025-02-19 15:50:00,2025-02-19 18:17:56,CUST00880,P2,Payment Failure,General,Settlement API,Email,KYC Ops,Resolved,6.23,2.47,No,13,No
TKT0000406,2025-08-10 18:49:00,2025-08-11 13:51:04,CUST00637,P3,Payment Failure,Technical,Payments,Email,Engineering,Resolved,0.43,19.03,No,14,No
TKT0000407,2025-11-15 11:27:00,2025-11-16 12:35:01,CUST01232,P4,Settlement,Operational,Merchant Portal,Email,L2 Support,Resolved,0.41,25.13,No,30,No
TKT0000408,2025-11-30 20:16:00,2025-12-01 12:07:58,CUST01725,P4,Login,Operational,Settlement API,Chat,L2 Support,Resolved,1.58,15.87,No,1,No
TKT0000409,2025-07-24 13:34:00,2025-07-25 00:02:26,CUST02889,P3,Settlement,Operational,Wallet,Phone,KYC Ops,Resolved,0.43,10.47,No,26,No
TKT0000410,2025-08-30 08:45:00,2025-08-31 05:10:46,CUST01019,P3,Login,Operational,Wallet,Phone,KYC Ops,Resolved,0.17,20.43,No,10,No
TKT0000411,2025-06-17 21:50:00,2025-06-18 21:09:08,CUST00382,P2,Login,Technical,Merchant Portal,Phone,L1 Support,Resolved,2.39,23.32,Yes,5,Yes
TKT0000412,2025-03-12 15:06:00,2025-03-13 05:03:24,CUST00256,P3,KYC,Technical,KYC Service,Email,Payments Ops,Resolved,1.22,13.96,No,6,No
TKT0000413,2025-06-11 04:33:00,2025-06-11 18:54:42,CUST00852,P4,Payment Failure,General,Payments,Email,L2 Support,Resolved,0.53,14.36,No,32,No
TKT0000414,2025-09-26 04:32:00,2025-09-26 12:40:39,CUST02318,P4,Refund,General,Payments,Phone,L1 Support,Resolved,1.51,8.14,No,64,No
TKT0000415,2025-11-13 11:31:00,2025-11-14 08:45:04,CUST02983,P3,Settlement,Operational,Merchant Portal,Chat,Payments Ops,Resolved,0.76,21.23,No,33,No
TKT0000416,2025-06-21 16:46:00,2025-06-22 16:28:05,CUST01405,P3,Payment Failure,General,Settlement API,Portal,Payments Ops,Resolved,0.72,23.7,Yes,35,No
TKT0000417,2025-11-18 10:48:00,2025-11-20 07:28:50,CUST01834,P4,API,Technical,Settlement API,Chat,Engineering,Resolved,2.63,44.68,No,3,No
TKT0000418,2025-09-22 20:56:00,2025-09-24 05:50:44,CUST01591,P4,Payment Failure,Technical,Settlement API,Chat,KYC Ops,Resolved,1.02,32.91,Yes,8,No
TKT0000419,2025-01-23 04:29:00,2025-01-23 16:59:59,CUST02025,P3,Refund,General,Wallet,Email,Engineering,Resolved,0.68,12.52,No,5,No
TKT0000420,2025-06-16 02:43:00,2025-06-17 09:58:13,CUST01763,P3,Payment Failure,Technical,Settlement API,Phone,L2 Support,Resolved,1.85,31.25,No,13,Yes
TKT0000421,2025-04-24 17:49:00,2025-04-27 19:14:02,CUST00907,P4,API,General,Payments,Email,Payments Ops,Resolved,2.71,73.42,No,10,Yes
TKT0000422,2025-06-19 17:36:00,2025-06-21 06:28:54,CUST01715,P4,Refund,Technical,Wallet,Email,Payments Ops,Resolved,1.84,36.88,Yes,7,No
TKT0000423,2025-01-21 15:10:00,2025-01-22 14:54:05,CUST00197,P3,API,Technical,Settlement API,Portal,Payments Ops,Resolved,0.61,23.73,No,22,No
TKT0000424,2025-04-22 18:55:00,2025-04-23 14:14:24,CUST00191,P4,Payment Failure,General,Wallet,Email,Payments Ops,Resolved,0.24,19.32,Yes,15,No
TKT0000425,2025-10-22 07:45:00,2025-10-24 07:41:21,CUST00324,P4,API,Operational,Settlement API,Phone,Engineering,Resolved,1.15,47.94,No,1,No
TKT0000426,2025-04-02 19:20:00,2025-04-03 05:05:39,CUST01743,P3,API,Operational,Merchant Portal,Chat,Payments Ops,Resolved,0.38,9.76,No,39,No
TKT0000427,2025-09-08 23:41:00,2025-09-09 20:10:45,CUST01269,P3,Payment Failure,Operational,Merchant Portal,Phone,Payments Ops,Resolved,2.65,20.5,No,4,No
TKT0000428,2025-08-12 03:24:00,2025-08-12 07:52:06,CUST00996,P2,Refund,General,Settlement API,Phone,Engineering,Resolved,1.62,4.47,No,4,No
TKT0000429,2025-09-29 18:50:00,2025-09-30 00:05:33,CUST01140,P2,Settlement,Technical,KYC Service,Chat,KYC Ops,Resolved,0.86,5.26,Yes,11,No
TKT0000430,2025-12-14 11:52:00,2025-12-15 04:00:35,CUST02805,P4,Refund,General,Settlement API,Phone,Engineering,Resolved,0.57,16.14,No,2,No
TKT0000431,2025-01-04 17:12:00,2025-01-05 07:53:44,CUST01104,P3,Settlement,Technical,Wallet,Portal,Engineering,Resolved,1.33,14.7,No,16,No
TKT0000432,2025-10-30 20:57:00,2025-11-01 12:06:02,CUST02572,P4,Payment Failure,Technical,Payments,Portal,Engineering,Resolved,0.36,39.15,No,5,No
TKT0000433,2025-11-08 13:06:00,2025-11-08 21:57:50,CUST00550,P3,Settlement,Operational,Payments,Phone,L2 Support,Resolved,1.41,8.86,Yes,7,No
TKT0000434,2025-08-15 15:36:00,2025-08-17 01:42:40,CUST00892,P4,Settlement,Technical,Payments,Chat,Engineering,Resolved,0.84,34.11,No,62,No
TKT0000435,2025-12-16 00:42:00,2025-12-16 12:48:34,CUST02043,P3,KYC,Technical,Payments,Phone,Payments Ops,Resolved,0.73,12.11,No,18,No
TKT0000436,2025-05-19 11:49:00,2025-05-20 00:29:12,CUST02381,P4,Refund,Technical,KYC Service,Chat,KYC Ops,Resolved,0.56,12.67,No,38,No
TKT0000437,2025-08-29 12:13:00,2025-08-31 19:36:19,CUST02407,P4,Refund,Operational,Settlement API,Phone,L1 Support,Resolved,0.56,55.39,Yes,29,Yes
TKT0000438,2025-10-28 01:05:00,2025-10-29 01:53:02,CUST00249,P3,Payment Failure,Operational,KYC Service,Chat,KYC Ops,Resolved,0.94,24.8,Yes,23,Yes
TKT0000439,2025-03-09 04:27:00,2025-03-09 19:03:07,CUST01992,P3,Payment Failure,Technical,KYC Service,Email,KYC Ops,Resolved,0.29,14.6,Yes,5,No
TKT0000440,2025-08-30 15:35:00,2025-09-01 01:22:45,CUST00581,P3,KYC,General,Settlement API,Phone,Payments Ops,Resolved,1.72,33.8,No,13,Yes
TKT0000441,2025-10-05 22:29:00,2025-10-06 21:40:29,CUST00408,P3,Login,Operational,Wallet,Phone,KYC Ops,Resolved,0.78,23.19,No,7,No
TKT0000442,2025-08-12 03:25:00,2025-08-12 17:41:18,CUST01240,P3,Payment Failure,General,Settlement API,Email,Engineering,Resolved,0.56,14.27,No,19,No
TKT0000443,2025-01-08 03:21:00,2025-01-10 07:21:06,CUST02441,P4,Settlement,Operational,Merchant Portal,Portal,L2 Support,Resolved,0.56,52.0,No,4,Yes
TKT0000444,2025-09-03 06:49:00,2025-09-04 01:49:55,CUST02537,P4,KYC,Operational,Payments,Phone,L2 Support,Resolved,1.82,19.02,No,1,No
TKT0000445,2025-01-19 04:21:00,2025-01-20 08:32:45,CUST02339,P4,Refund,Technical,Settlement API,Email,KYC Ops,Resolved,1.01,28.2,No,5,No
TKT0000446,2025-08-05 12:28:00,2025-08-06 09:05:36,CUST01359,P3,Settlement,General,Wallet,Phone,KYC Ops,Resolved,2.01,20.63,Yes,15,No
TKT0000447,2025-12-06 05:18:00,2025-12-06 22:58:14,CUST01320,P3,Settlement,Technical,Settlement API,Chat,KYC Ops,Resolved,0.68,17.67,No,1,No
TKT0000448,2025-11-30 18:00:00,2025-12-01 22:31:04,CUST02468,P4,Payment Failure,Operational,Settlement API,Chat,KYC Ops,Resolved,1.23,28.52,No,4,No
TKT0000449,2025-09-30 04:05:00,2025-10-01 05:52:53,CUST00054,P4,KYC,General,Payments,Chat,L2 Support,Resolved,1.49,25.8,No,1,No
TKT0000450,2025-06-24 22:04:00,2025-06-25 01:44:53,CUST02740,P1,Refund,Technical,KYC Service,Email,L1 Support,Resolved,1.73,3.68,No,11,No
TKT0000451,2025-08-21 02:37:00,2025-08-21 20:59:34,CUST02264,P3,Refund,General,Wallet,Chat,Payments Ops,Resolved,2.17,18.38,No,8,No
TKT0000452,2025-11-16 03:02:00,2025-11-16 19:30:50,CUST02166,P3,API,Operational,Payments,Portal,L1 Support,Resolved,2.02,16.48,No,28,No
TKT0000453,2025-02-27 14:40:00,2025-02-28 01:43:49,CUST02336,P3,Settlement,Operational,KYC Service,Portal,Engineering,Resolved,1.52,11.06,No,3,No
TKT0000454,2025-01-07 07:15:00,2025-01-07 18:59:01,CUST00431,P3,Payment Failure,General,Merchant Portal,Chat,L2 Support,Resolved,1.31,11.73,No,2,No
TKT0000455,2025-08-13 18:59:00,2025-08-14 07:32:04,CUST01059,P3,Settlement,Technical,Wallet,Portal,KYC Ops,Resolved,2.58,12.55,Yes,5,No
TKT0000456,2025-03-04 00:01:00,2025-03-04 22:09:24,CUST02129,P3,KYC,General,Wallet,Phone,L1 Support,Resolved,0.53,22.14,No,11,No
TKT0000457,2025-03-02 05:52:00,2025-03-03 19:20:14,CUST01957,P3,Payment Failure,Technical,Wallet,Email,L2 Support,Resolved,0.77,37.47,No,11,Yes
TKT0000458,2025-11-01 03:18:00,2025-11-03 00:35:02,CUST02571,P4,Payment Failure,Technical,Payments,Email,Engineering,Resolved,0.83,45.28,Yes,19,No
TKT0000459,2025-04-11 19:18:00,2025-04-11 23:26:32,CUST00493,P1,API,Operational,Settlement API,Phone,Engineering,Resolved,1.58,4.14,No,17,Yes
TKT0000460,2025-04-26 20:24:00,2025-04-27 13:53:42,CUST02686,P3,Payment Failure,Operational,Wallet,Phone,L2 Support,Resolved,0.27,17.5,No,13,No
TKT0000461,2025-05-23 08:37:00,2025-05-24 05:53:38,CUST01550,P4,Refund,General,Wallet,Phone,KYC Ops,Resolved,4.08,21.28,No,9,No
TKT0000462,2025-02-18 20:10:00,2025-02-19 13:04:10,CUST02290,P4,Login,General,Payments,Phone,L2 Support,Resolved,0.88,16.9,Yes,13,No
TKT0000463,2025-12-04 13:44:00,2025-12-06 08:28:47,CUST02896,P3,KYC,Operational,Merchant Portal,Chat,Payments Ops,Resolved,1.95,42.75,No,10,Yes
TKT0000464,2025-01-12 01:59:00,2025-01-13 01:18:44,CUST00171,P3,API,Operational,Merchant Portal,Chat,L1 Support,Resolved,2.1,23.33,No,10,No
TKT0000465,2025-05-08 07:58:00,2025-05-09 08:50:16,CUST01244,P3,Refund,Operational,Wallet,Email,KYC Ops,Resolved,0.27,24.87,No,19,Yes
TKT0000466,2025-09-06 19:58:00,2025-09-07 07:14:36,CUST01910,P3,Payment Failure,General,Merchant Portal,Chat,Payments Ops,Resolved,0.57,11.28,No,28,No
TKT0000467,2025-04-06 09:21:00,2025-04-07 13:02:28,CUST01185,P4,API,Operational,Payments,Chat,KYC Ops,Resolved,1.9,27.69,Yes,21,No
TKT0000468,2025-08-15 02:03:00,2025-08-15 20:12:42,CUST00121,P3,API,General,Wallet,Email,L1 Support,Resolved,0.29,18.16,No,9,No
TKT0000469,2025-12-27 08:46:00,2025-12-27 21:44:32,CUST00719,P3,KYC,Technical,KYC Service,Portal,L2 Support,Resolved,5.42,12.98,No,9,No
TKT0000470,2025-05-11 22:52:00,2025-05-13 03:25:14,CUST02802,P4,Payment Failure,Technical,Payments,Phone,Engineering,Resolved,0.82,28.55,No,3,No
TKT0000471,2025-05-08 10:50:00,2025-05-08 16:41:49,CUST00294,P1,API,Technical,Settlement API,Portal,Payments Ops,Resolved,1.23,5.86,No,32,Yes
TKT0000472,2025-01-31 10:35:00,2025-01-31 12:19:04,CUST01747,P1,Login,Technical,Merchant Portal,Portal,Payments Ops,Resolved,2.62,1.73,No,7,No
TKT0000473,2025-08-23 03:46:00,2025-08-23 11:26:03,CUST00724,P3,Refund,Technical,KYC Service,Portal,L2 Support,Resolved,1.46,7.67,No,5,No
TKT0000474,2025-07-18 15:19:00,2025-07-19 23:58:32,CUST01548,P4,Refund,General,Payments,Portal,Payments Ops,Resolved,1.09,32.66,No,6,No
TKT0000475,2025-02-21 01:30:00,2025-02-23 22:26:03,CUST00462,P4,KYC,General,Merchant Portal,Chat,KYC Ops,Resolved,0.5,68.93,No,10,Yes
TKT0000476,2025-08-06 10:54:00,2025-08-08 02:32:31,CUST00209,P4,API,Operational,KYC Service,Chat,Engineering,Resolved,1.97,39.64,Yes,7,No
TKT0000477,2025-06-26 07:09:00,2025-06-27 08:11:55,CUST01274,P3,KYC,General,Settlement API,Phone,L1 Support,Resolved,1.7,25.05,No,132,Yes
TKT0000478,2025-11-19 04:21:00,2025-11-20 12:48:03,CUST02857,P4,Settlement,Operational,KYC Service,Portal,L1 Support,Resolved,0.53,32.45,No,17,No
TKT0000479,2025-08-13 22:40:00,2025-08-14 08:56:33,CUST02257,P2,Settlement,General,Payments,Portal,KYC Ops,Resolved,1.41,10.28,Yes,12,Yes
TKT0000480,2025-06-26 06:17:00,2025-06-27 02:13:46,CUST02343,P4,Login,Technical,Wallet,Portal,Engineering,Resolved,0.31,19.95,No,10,No
TKT0000481,2025-02-03 10:13:00,2025-02-03 14:20:12,CUST02960,P2,Settlement,General,Payments,Phone,KYC Ops,Resolved,0.91,4.12,No,14,No
TKT0000482,2025-01-06 00:10:00,2025-01-06 14:26:33,CUST00806,P3,Login,Technical,Merchant Portal,Email,L2 Support,Resolved,0.72,14.28,No,2,No
TKT0000483,2025-03-05 20:20:00,2025-03-05 22:13:52,CUST00362,P1,Login,General,KYC Service,Portal,Payments Ops,Resolved,1.16,1.9,Yes,29,No
TKT0000484,2025-07-14 17:16:00,2025-07-16 07:30:40,CUST00366,P3,KYC,Technical,KYC Service,Email,KYC Ops,Resolved,0.79,38.24,No,1,Yes
TKT0000485,2025-03-24 13:58:00,2025-03-25 07:49:12,CUST00373,P3,Login,Technical,KYC Service,Email,L1 Support,Resolved,1.18,17.85,No,33,No
TKT0000486,2025-06-08 00:37:00,2025-06-08 19:35:35,CUST01760,P4,Payment Failure,General,Payments,Phone,L2 Support,Resolved,1.15,18.98,No,9,No
TKT0000487,2025-09-13 19:04:00,2025-09-14 14:38:42,CUST02599,P3,Settlement,General,Merchant Portal,Chat,Payments Ops,Resolved,0.68,19.58,No,6,No
TKT0000488,2025-03-29 18:21:00,2025-03-30 03:57:53,CUST02507,P3,Login,Operational,KYC Service,Portal,KYC Ops,Resolved,0.47,9.61,No,14,No
TKT0000489,2025-10-22 16:18:00,2025-10-23 09:45:36,CUST01193,P4,Settlement,Technical,Settlement API,Chat,L1 Support,Resolved,1.28,17.46,No,7,No
TKT0000490,2025-04-20 01:55:00,2025-04-20 07:22:39,CUST02220,P2,Settlement,Operational,Wallet,Portal,L1 Support,Resolved,1.43,5.46,No,3,No
TKT0000491,2025-08-27 03:44:00,2025-08-29 00:03:01,CUST00074,P4,Payment Failure,Operational,Wallet,Phone,L2 Support,Resolved,1.01,44.32,No,14,No
TKT0000492,2025-10-15 13:26:00,2025-10-15 17:38:44,CUST01916,P2,Payment Failure,Technical,Merchant Portal,Email,Payments Ops,Resolved,0.54,4.21,Yes,1,No
TKT0000493,2025-03-28 05:30:00,2025-03-28 09:05:22,CUST00013,P2,Payment Failure,General,Settlement API,Email,Engineering,Resolved,0.62,3.59,No,1,No
TKT0000494,2025-05-25 20:32:00,2025-05-27 08:10:02,CUST02457,P3,API,Technical,Payments,Chat,KYC Ops,Resolved,3.64,35.63,No,6,Yes
TKT0000495,2025-11-06 18:52:00,2025-11-07 11:22:48,CUST02237,P3,API,General,KYC Service,Email,KYC Ops,Resolved,0.95,16.51,No,13,No
TKT0000496,2025-12-10 09:27:00,2025-12-10 22:12:54,CUST00112,P3,KYC,Operational,Settlement API,Portal,L2 Support,Resolved,0.47,12.77,No,7,No
TKT0000497,2025-07-21 03:53:00,2025-07-22 00:03:59,CUST01072,P3,Refund,General,Settlement API,Chat,L2 Support,Resolved,1.17,20.18,No,3,No
TKT0000498,2025-06-20 17:35:00,2025-06-21 07:19:58,CUST02707,P4,Login,General,Settlement API,Phone,L1 Support,Resolved,0.97,13.75,No,14,No
TKT0000499,2025-09-20 22:48:00,2025-09-22 12:01:39,CUST02270,P4,Refund,General,Merchant Portal,Email,KYC Ops,Resolved,0.52,37.23,No,3,No
TKT0000500,2025-12-30 11:26:00,2025-12-31 01:52:57,CUST02864,P3,Login,Technical,Settlement API,Phone,L1 Support,Resolved,1.96,14.45,No,17,No
TKT0000501,2025-05-29 11:53:00,2025-05-30 20:23:31,CUST00941,P4,KYC,General,KYC Service,Phone,L1 Support,Resolved,2.06,32.51,No,7,No
TKT0000502,2025-10-26 02:38:00,2025-10-26 13:32:05,CUST01796,P3,Refund,Technical,Wallet,Chat,Engineering,Resolved,0.89,10.9,No,2,No
TKT0000503,2025-04-24 14:17:00,2025-04-25 00:14:43,CUST00871,P3,Refund,Technical,Merchant Portal,Chat,Payments Ops,Resolved,3.8,9.96,No,1,No
TKT0000504,2025-08-08 10:37:00,2025-08-09 03:32:26,CUST02387,P3,Payment Failure,Technical,Payments,Chat,L1 Support,Resolved,0.2,16.92,No,8,No
TKT0000505,2025-11-10 20:10:00,2025-11-11 05:24:08,CUST00153,P3,Login,Technical,Payments,Email,Engineering,Resolved,0.68,9.24,No,63,No
TKT0000506,2025-12-04 18:11:00,2025-12-07 01:01:25,CUST01885,P3,API,Operational,Payments,Chat,Engineering,Resolved,2.02,54.84,No,20,Yes
TKT0000507,2025-11-21 21:08:00,2025-11-22 12:20:03,CUST02376,P4,Payment Failure,Operational,Payments,Email,KYC Ops,Resolved,1.96,15.2,No,1,No
TKT0000508,2025-03-09 00:44:00,2025-03-09 13:28:56,CUST02352,P3,Payment Failure,General,KYC Service,Email,Engineering,Resolved,0.78,12.75,No,10,No
TKT0000509,2025-01-06 21:41:00,2025-01-07 21:38:54,CUST01591,P3,Payment Failure,Operational,Wallet,Portal,L1 Support,Resolved,0.48,23.97,No,31,No
TKT0000510,2025-09-19 22:20:00,2025-09-20 19:50:35,CUST01473,P4,Login,Operational,KYC Service,Chat,Payments Ops,Resolved,2.18,21.51,No,6,No
TKT0000511,2025-05-24 11:26:00,2025-05-25 03:25:08,CUST01931,P2,Refund,General,KYC Service,Email,Payments Ops,Resolved,3.87,15.99,No,7,Yes
TKT0000512,2025-06-01 22:50:00,2025-06-03 16:59:59,CUST02459,P3,Payment Failure,Technical,Payments,Email,KYC Ops,Resolved,1.47,42.17,No,9,Yes
TKT0000513,2025-03-14 06:24:00,2025-03-14 18:07:37,CUST02928,P3,Settlement,General,KYC Service,Chat,L1 Support,Resolved,0.47,11.73,No,12,No
TKT0000514,2025-07-27 07:43:00,2025-07-29 01:50:07,CUST00478,P4,Payment Failure,Operational,Wallet,Chat,KYC Ops,Resolved,1.5,42.12,Yes,2,No
TKT0000515,2025-05-04 18:17:00,2025-05-05 14:56:21,CUST02344,P3,Refund,Operational,Merchant Portal,Phone,L1 Support,Resolved,0.53,20.66,Yes,2,No
TKT0000516,2025-05-26 14:20:00,2025-05-29 00:59:01,CUST01046,P4,Login,Technical,KYC Service,Email,Payments Ops,Resolved,0.57,58.65,No,11,Yes
TKT0000517,2025-12-30 13:25:00,2025-12-30 15:55:00,CUST01432,P1,KYC,General,Settlement API,Portal,KYC Ops,Resolved,0.29,2.5,No,54,No
TKT0000518,2025-05-08 12:06:00,2025-05-09 15:09:39,CUST00233,P3,Payment Failure,Operational,Wallet,Portal,L1 Support,Resolved,0.81,27.06,No,1,Yes
TKT0000519,2025-12-01 11:32:00,2025-12-03 19:31:46,CUST01122,P4,Refund,General,Merchant Portal,Email,L2 Support,Resolved,0.57,56.0,No,10,Yes
TKT0000520,2025-03-22 18:55:00,2025-03-23 00:48:49,CUST01619,P3,Login,General,KYC Service,Phone,KYC Ops,Resolved,1.48,5.9,No,6,No
TKT0000521,2025-08-30 08:35:00,2025-08-30 21:19:43,CUST02116,P3,KYC,Operational,Merchant Portal,Email,Payments Ops,Resolved,1.68,12.75,No,5,No
TKT0000522,2025-02-27 23:22:00,2025-02-28 04:04:02,CUST02735,P3,Login,Operational,Payments,Email,L2 Support,Resolved,0.48,4.7,Yes,6,No
TKT0000523,2025-07-20 17:33:00,2025-07-21 01:19:58,CUST01438,P4,Settlement,Operational,Payments,Chat,Payments Ops,Resolved,0.68,7.78,No,3,No
TKT0000524,2025-08-09 10:41:00,2025-08-09 16:06:46,CUST00267,P2,Login,Technical,KYC Service,Phone,L2 Support,Resolved,0.64,5.43,No,3,No
TKT0000525,2025-05-27 19:47:00,2025-05-28 22:23:01,CUST00795,P3,Payment Failure,Operational,Payments,Email,L1 Support,Resolved,2.12,26.6,No,2,Yes
TKT0000526,2025-08-29 12:45:00,2025-08-29 14:43:40,CUST02355,P2,Payment Failure,Operational,KYC Service,Phone,L2 Support,Resolved,0.97,1.98,No,2,No
TKT0000527,2025-11-24 23:38:00,2025-11-25 23:10:27,CUST00726,P4,Payment Failure,General,Settlement API,Phone,Payments Ops,Resolved,0.4,23.54,No,1,No
TKT0000528,2025-12-29 13:03:00,2025-12-30 12:29:58,CUST00135,P4,Login,Technical,Merchant Portal,Chat,Engineering,Resolved,0.5,23.45,No,35,No
TKT0000529,2025-07-25 22:26:00,2025-07-26 09:26:02,CUST02710,P3,Refund,Operational,Wallet,Phone,L1 Support,Resolved,0.79,11.0,Yes,24,No
TKT0000530,2025-10-25 10:27:00,2025-10-27 11:44:03,CUST01886,P4,KYC,General,Merchant Portal,Chat,L2 Support,Resolved,1.26,49.28,No,8,Yes
TKT0000531,2025-05-01 08:12:00,2025-05-02 19:13:30,CUST01913,P4,API,General,Merchant Portal,Phone,KYC Ops,Resolved,0.93,35.03,No,20,No
TKT0000532,2025-12-15 18:08:00,2025-12-16 02:45:36,CUST00557,P2,Payment Failure,Technical,Settlement API,Chat,L2 Support,Resolved,0.46,8.63,Yes,21,Yes
TKT0000533,2025-02-17 10:21:00,2025-02-20 05:07:18,CUST02580,P4,KYC,Technical,KYC Service,Chat,L1 Support,Resolved,0.49,66.77,No,18,Yes
TKT0000534,2025-11-28 21:58:00,2025-11-30 12:45:35,CUST01106,P3,KYC,Technical,Settlement API,Portal,L2 Support,Resolved,0.46,38.79,Yes,9,Yes
TKT0000535,2025-08-01 20:36:00,2025-08-02 06:56:53,CUST00607,P1,Login,Technical,Payments,Phone,Engineering,Resolved,0.36,10.35,No,51,Yes
TKT0000536,2025-10-27 16:20:00,2025-10-28 04:10:49,CUST02907,P4,API,Operational,KYC Service,Email,L2 Support,Resolved,0.55,11.85,No,3,No
TKT0000537,2025-12-13 03:32:00,2025-12-14 13:28:51,CUST00119,P3,Login,General,Wallet,Email,KYC Ops,Resolved,0.49,33.95,No,7,Yes
TKT0000538,2025-05-08 01:54:00,2025-05-10 01:48:26,CUST00557,P4,KYC,General,Settlement API,Email,L1 Support,Resolved,1.26,47.91,No,8,No
TKT0000539,2025-09-25 18:19:00,2025-09-27 02:25:02,CUST02735,P3,Login,General,Merchant Portal,Phone,L1 Support,Resolved,0.64,32.1,No,61,Yes
TKT0000540,2025-06-15 03:36:00,2025-06-16 18:29:50,CUST01839,P4,API,Technical,Wallet,Chat,KYC Ops,Resolved,0.61,38.9,No,5,No
TKT0000541,2025-07-05 10:54:00,2025-07-06 08:35:17,CUST00055,P4,Settlement,General,Payments,Email,Engineering,Resolved,0.11,21.69,Yes,12,No
TKT0000542,2025-08-19 01:47:00,2025-08-20 02:36:05,CUST00293,P3,Payment Failure,Technical,Wallet,Portal,L1 Support,Resolved,2.41,24.82,No,1,Yes
TKT0000543,2025-11-07 04:54:00,2025-11-07 15:43:00,CUST02019,P3,Payment Failure,Technical,Payments,Phone,Engineering,Resolved,0.81,10.82,No,3,No
TKT0000544,2025-08-16 09:14:00,2025-08-16 18:11:32,CUST00461,P3,Payment Failure,General,KYC Service,Phone,Payments Ops,Resolved,0.58,8.96,No,13,No
TKT0000545,2025-03-01 01:46:00,2025-03-01 22:42:00,CUST00365,P3,Refund,Operational,Merchant Portal,Portal,Engineering,Resolved,1.16,20.93,No,22,No
TKT0000546,2025-02-26 21:53:00,2025-02-27 09:57:38,CUST02946,P3,Settlement,General,Wallet,Email,KYC Ops,Resolved,1.31,12.08,No,3,No
TKT0000547,2025-04-03 03:48:00,2025-04-03 09:15:49,CUST00641,P2,Payment Failure,Technical,Merchant Portal,Email,L1 Support,Resolved,0.75,5.46,No,7,No
TKT0000548,2025-09-04 14:54:00,2025-09-05 22:07:19,CUST01903,P4,Login,Operational,Wallet,Phone,Engineering,Resolved,0.37,31.22,No,18,No
TKT0000549,2025-04-17 10:20:00,2025-04-18 09:20:51,CUST01347,P3,Settlement,Technical,Wallet,Email,Engineering,Resolved,0.8,23.01,No,28,No
TKT0000550,2025-10-14 00:25:00,2025-10-14 14:58:54,CUST00307,P4,Refund,Technical,Wallet,Chat,Engineering,Resolved,1.21,14.57,No,20,No
TKT0000551,2025-06-12 03:18:00,2025-06-13 01:49:13,CUST00603,P3,Refund,Operational,Settlement API,Chat,Engineering,Resolved,2.27,22.52,No,38,No
TKT0000552,2025-05-31 04:14:00,2025-05-31 23:47:57,CUST02205,P4,KYC,Operational,KYC Service,Chat,Engineering,Resolved,1.71,19.57,No,3,No
TKT0000553,2025-07-10 04:37:00,2025-07-12 01:02:28,CUST02137,P4,Refund,Operational,Merchant Portal,Phone,L2 Support,Resolved,1.81,44.42,No,17,No
TKT0000554,2025-05-28 00:33:00,2025-05-28 23:28:47,CUST02339,P3,Refund,General,Merchant Portal,Chat,KYC Ops,Resolved,0.85,22.93,No,7,No
TKT0000555,2025-11-27 08:48:00,2025-11-30 02:20:21,CUST00685,P4,Payment Failure,Technical,KYC Service,Email,KYC Ops,Resolved,0.65,65.54,Yes,3,Yes
TKT0000556,2025-09-16 00:31:00,2025-09-16 11:04:25,CUST01139,P2,Payment Failure,Technical,Settlement API,Email,Engineering,Resolved,0.28,10.56,No,77,Yes
TKT0000557,2025-04-13 05:53:00,2025-04-14 09:46:37,CUST02945,P4,API,Technical,Payments,Portal,L2 Support,Resolved,0.66,27.89,No,10,No
TKT0000558,2025-05-04 12:22:00,2025-05-05 02:38:29,CUST00871,P3,Payment Failure,General,Payments,Email,Payments Ops,Resolved,0.48,14.27,No,27,No
TKT0000559,2025-04-08 13:15:00,2025-04-08 19:19:03,CUST01784,P4,Settlement,Operational,KYC Service,Email,KYC Ops,Resolved,0.44,6.07,No,2,No
TKT0000560,2025-11-17 08:19:00,2025-11-17 23:02:24,CUST01020,P3,Payment Failure,General,Settlement API,Phone,L1 Support,Resolved,0.88,14.72,No,1,No
TKT0000561,2025-12-01 08:10:00,2025-12-01 23:24:46,CUST02729,P3,KYC,General,Wallet,Email,Payments Ops,Resolved,1.13,15.25,No,3,No
TKT0000562,2025-02-18 08:11:00,2025-02-18 19:41:12,CUST02601,P2,API,Operational,Payments,Portal,L2 Support,Resolved,0.73,11.5,No,7,Yes
TKT0000563,2025-08-15 07:24:00,2025-08-16 20:18:25,CUST01089,P4,Login,Operational,Merchant Portal,Chat,L2 Support,Resolved,0.73,36.91,No,29,No
TKT0000564,2025-06-15 07:53:00,2025-06-15 11:02:46,CUST00444,P2,Login,Technical,Merchant Portal,Portal,Payments Ops,Resolved,0.13,3.16,Yes,32,No
TKT0000565,2025-06-01 13:56:00,2025-06-01 15:46:20,CUST02736,P1,Payment Failure,Operational,KYC Service,Email,Engineering,Resolved,2.79,1.84,Yes,23,No
TKT0000566,2025-08-04 07:47:00,2025-08-05 03:58:40,CUST01876,P3,API,Technical,Payments,Phone,Payments Ops,Resolved,0.98,20.19,No,12,No
TKT0000567,2025-07-03 19:24:00,2025-07-04 19:23:24,CUST00846,P4,Payment Failure,General,Merchant Portal,Chat,L1 Support,Resolved,1.86,23.99,No,4,No
TKT0000568,2025-06-26 10:05:00,2025-06-29 13:56:35,CUST01048,P4,Refund,Operational,KYC Service,Phone,KYC Ops,Resolved,0.42,75.86,No,5,Yes
TKT0000569,2025-06-26 17:30:00,2025-06-27 00:39:03,CUST02975,P2,Payment Failure,Technical,Payments,Phone,KYC Ops,Resolved,1.64,7.15,Yes,4,No
TKT0000570,2025-05-10 09:26:00,2025-05-12 02:27:03,CUST02304,P4,Settlement,General,KYC Service,Phone,KYC Ops,Resolved,1.39,41.02,No,9,No
TKT0000571,2025-02-23 01:45:00,2025-02-23 22:53:06,CUST02070,P4,Payment Failure,General,Merchant Portal,Phone,L1 Support,Resolved,2.27,21.14,No,5,No
TKT0000572,2025-01-22 02:05:00,2025-01-22 08:58:46,CUST01039,P2,Login,General,Payments,Email,KYC Ops,Resolved,1.3,6.9,No,15,No
TKT0000573,2025-03-15 01:50:00,2025-03-15 04:02:12,CUST01014,P1,Payment Failure,General,KYC Service,Chat,L1 Support,Resolved,1.49,2.2,No,30,No
TKT0000574,2025-05-19 12:14:00,2025-05-19 22:36:55,CUST00647,P4,KYC,Operational,KYC Service,Portal,Payments Ops,Resolved,0.26,10.38,No,9,No
TKT0000575,2025-08-30 07:59:00,2025-08-30 14:54:18,CUST02324,P3,Payment Failure,Technical,Merchant Portal,Portal,Engineering,Resolved,1.93,6.92,Yes,1,No
TKT0000576,2025-02-08 17:25:00,2025-02-10 14:59:00,CUST00227,P4,API,General,KYC Service,Chat,KYC Ops,Resolved,1.39,45.57,No,6,No
TKT0000577,2025-09-04 05:07:00,2025-09-05 04:21:42,CUST00849,P3,KYC,Operational,Settlement API,Portal,Payments Ops,Resolved,3.74,23.25,No,1,No
TKT0000578,2025-02-02 20:26:00,2025-02-03 16:32:25,CUST01291,P3,KYC,Technical,Settlement API,Phone,KYC Ops,Resolved,1.25,20.11,Yes,6,No
TKT0000579,2025-01-20 12:18:00,2025-01-20 17:31:21,CUST00308,P2,Login,Operational,Settlement API,Portal,Payments Ops,Resolved,0.43,5.22,No,4,No
TKT0000580,2025-06-27 01:50:00,2025-06-27 11:15:49,CUST02033,P3,Payment Failure,Technical,Settlement API,Portal,L1 Support,Resolved,1.25,9.43,No,7,No
TKT0000581,2025-09-24 16:54:00,2025-09-25 03:49:20,CUST02790,P3,Payment Failure,Operational,Payments,Portal,L2 Support,Resolved,0.91,10.92,No,7,No
TKT0000582,2025-12-14 11:16:00,2025-12-15 05:20:13,CUST02292,P3,Payment Failure,Technical,Wallet,Email,Engineering,Resolved,1.62,18.07,No,2,No
TKT0000583,2025-09-03 11:58:00,2025-09-04 06:06:27,CUST00202,P3,Login,General,Wallet,Portal,L2 Support,Resolved,1.12,18.14,No,1,No
TKT0000584,2025-07-08 17:57:00,2025-07-09 12:27:16,CUST01864,P3,KYC,General,Settlement API,Chat,KYC Ops,Resolved,0.67,18.5,No,3,No
TKT0000585,2025-07-26 08:30:00,2025-07-26 16:02:11,CUST02685,P3,KYC,Operational,Merchant Portal,Portal,L2 Support,Resolved,0.53,7.54,No,3,No
TKT0000586,2025-03-29 17:11:00,2025-03-29 23:23:29,CUST02210,P3,Payment Failure,Operational,Payments,Phone,KYC Ops,Resolved,0.23,6.21,No,6,No
TKT0000587,2025-09-28 02:55:00,2025-09-28 19:55:12,CUST02471,P3,Login,Operational,Payments,Portal,KYC Ops,Resolved,0.68,17.0,No,6,No
TKT0000588,2025-12-01 16:43:00,2025-12-03 14:52:55,CUST01240,P4,Payment Failure,Technical,Settlement API,Chat,Engineering,Resolved,2.31,46.17,No,15,No
TKT0000589,2025-08-25 10:36:00,2025-08-25 15:43:42,CUST01910,P2,KYC,Technical,Merchant Portal,Email,L2 Support,Resolved,1.53,5.13,No,7,No
TKT0000590,2025-12-27 15:39:00,2025-12-27 19:32:43,CUST00719,P1,Payment Failure,General,Wallet,Phone,Payments Ops,Resolved,1.66,3.9,No,35,No
TKT0000591,2025-05-20 03:29:00,2025-05-20 21:13:02,CUST00342,P3,Refund,General,Merchant Portal,Phone,Payments Ops,Resolved,3.95,17.73,No,12,No
TKT0000592,2025-04-07 11:22:00,2025-04-09 01:22:46,CUST00506,P4,API,General,KYC Service,Chat,Payments Ops,Resolved,1.45,38.01,No,1,No
TKT0000593,2025-03-17 05:55:00,2025-03-18 06:56:29,CUST02628,P3,Payment Failure,General,Wallet,Chat,Payments Ops,Resolved,1.44,25.02,No,44,Yes
TKT0000594,2025-02-09 20:31:00,2025-02-10 10:20:24,CUST00865,P3,API,Operational,Settlement API,Chat,L1 Support,Resolved,2.06,13.82,No,30,No
TKT0000595,2025-10-23 07:09:00,2025-10-24 06:05:54,CUST01870,P3,Refund,Operational,KYC Service,Portal,Payments Ops,Resolved,0.58,22.95,No,10,No
TKT0000596,2025-09-06 17:18:00,2025-09-07 03:31:40,CUST02372,P3,Payment Failure,Technical,Wallet,Portal,Payments Ops,Resolved,1.24,10.23,No,48,No
TKT0000597,2025-12-19 00:27:00,2025-12-20 18:42:49,CUST01975,P4,Refund,General,Settlement API,Phone,KYC Ops,Resolved,0.36,42.26,No,5,No
TKT0000598,2025-01-15 12:40:00,2025-01-16 08:57:11,CUST02802,P4,Refund,General,Payments,Chat,L2 Support,Resolved,1.11,20.29,No,6,No
TKT0000599,2025-03-04 11:32:00,2025-03-04 15:11:28,CUST00083,P2,Refund,Operational,Wallet,Phone,KYC Ops,Resolved,0.57,3.66,Yes,21,No
TKT0000600,2025-02-07 15:09:00,2025-02-08 22:14:16,CUST01484,P3,API,General,Payments,Email,L2 Support,Resolved,0.61,31.09,No,6,Yes
TKT0000601,2025-12-07 21:28:00,2025-12-08 04:43:19,CUST00746,P2,KYC,General,KYC Service,Chat,L2 Support,Resolved,0.48,7.26,No,13,No
TKT0000602,2025-10-10 19:34:00,2025-10-11 23:46:12,CUST02101,P4,Login,Technical,Payments,Email,Engineering,Resolved,2.02,28.2,No,8,No
TKT0000603,2025-11-14 17:16:00,2025-11-15 07:37:10,CUST01907,P3,Settlement,General,Payments,Portal,L1 Support,Resolved,1.55,14.35,No,6,No
TKT0000604,2025-11-04 02:06:00,2025-11-04 06:25:38,CUST01911,P1,API,General,Wallet,Portal,Payments Ops,Resolved,0.27,4.33,No,85,Yes
TKT0000605,2025-02-09 18:59:00,2025-02-10 05:12:09,CUST02497,P3,Refund,Operational,Payments,Phone,Engineering,Resolved,0.22,10.22,No,20,No
TKT0000606,2025-02-20 06:49:00,2025-02-20 17:24:30,CUST02158,P4,Login,Operational,Wallet,Phone,Payments Ops,Resolved,0.51,10.59,No,9,No
TKT0000607,2025-03-17 02:49:00,2025-03-19 09:25:44,CUST00080,P4,KYC,General,Payments,Portal,KYC Ops,Resolved,1.66,54.61,No,3,Yes
TKT0000608,2025-11-15 17:52:00,2025-11-17 17:13:36,CUST01329,P4,KYC,General,Wallet,Chat,KYC Ops,Resolved,2.24,47.36,No,28,No
TKT0000609,2025-10-29 08:11:00,2025-10-29 22:00:18,CUST01233,P3,Settlement,Operational,Payments,Portal,Payments Ops,Resolved,0.24,13.82,No,1,No
TKT0000610,2025-12-29 13:09:00,2025-12-31 07:45:01,CUST02285,P4,Payment Failure,Operational,KYC Service,Chat,KYC Ops,Resolved,0.74,42.6,Yes,3,No
TKT0000611,2025-12-29 10:27:00,2025-12-30 12:02:31,CUST01025,P3,Refund,Technical,Merchant Portal,Portal,L2 Support,Resolved,1.01,25.59,No,9,Yes
TKT0000612,2025-01-20 17:27:00,2025-01-23 08:04:53,CUST02745,P4,API,Technical,KYC Service,Phone,L2 Support,Resolved,1.5,62.63,No,5,Yes
TKT0000613,2025-06-30 06:05:00,2025-07-01 16:07:19,CUST00024,P3,Login,Operational,Payments,Chat,KYC Ops,Resolved,1.31,34.04,No,22,Yes
TKT0000614,2025-08-06 09:13:00,2025-08-07 03:53:17,CUST02783,P3,Payment Failure,Technical,Payments,Portal,KYC Ops,Resolved,0.57,18.67,No,4,No
TKT0000615,2025-01-02 20:10:00,2025-01-03 05:39:56,CUST02334,P3,Refund,General,KYC Service,Phone,KYC Ops,Resolved,0.66,9.5,No,29,No
TKT0000616,2025-07-31 09:37:00,2025-08-01 19:42:50,CUST02417,P3,KYC,Operational,Payments,Chat,L2 Support,Resolved,2.29,34.1,No,7,Yes
TKT0000617,2025-11-27 10:09:00,2025-11-27 23:08:07,CUST00631,P4,Settlement,General,Merchant Portal,Phone,Engineering,Resolved,0.12,12.99,No,4,No
TKT0000618,2025-02-01 21:09:00,2025-02-02 19:46:10,CUST01528,P3,KYC,Operational,Payments,Phone,Payments Ops,Resolved,0.25,22.62,No,14,No
TKT0000619,2025-01-30 16:47:00,2025-01-31 09:36:52,CUST01735,P4,KYC,General,Wallet,Email,L2 Support,Resolved,0.44,16.83,No,24,No
TKT0000620,2025-09-04 01:27:00,2025-09-04 13:18:22,CUST00964,P3,Refund,Technical,Settlement API,Phone,Payments Ops,Resolved,0.56,11.86,No,4,No
TKT0000621,2025-08-25 16:54:00,2025-08-26 03:37:15,CUST00029,P3,Refund,Operational,Settlement API,Chat,Engineering,Resolved,0.98,10.72,No,9,No
TKT0000622,2025-06-12 23:21:00,2025-06-15 14:09:14,CUST02169,P4,Payment Failure,General,Wallet,Chat,Payments Ops,Resolved,0.93,62.8,No,11,Yes
TKT0000623,2025-08-04 01:31:00,2025-08-06 00:59:04,CUST01762,P4,Settlement,Operational,Payments,Phone,L2 Support,Resolved,0.64,47.47,No,1,No
TKT0000624,2025-03-09 09:09:00,2025-03-10 23:28:12,CUST02485,P4,Payment Failure,Technical,Wallet,Phone,Payments Ops,Resolved,1.88,38.32,No,3,No
TKT0000625,2025-03-15 09:41:00,2025-03-16 08:54:14,CUST01582,P3,Refund,Technical,Settlement API,Portal,L1 Support,Resolved,1.2,23.22,No,14,No
TKT0000626,2025-02-09 07:20:00,2025-02-10 09:11:56,CUST02520,P3,Refund,General,Wallet,Chat,Engineering,Resolved,1.1,25.87,No,36,Yes
TKT0000627,2025-06-10 23:09:00,2025-06-12 15:06:17,CUST00872,P4,Refund,Technical,Wallet,Phone,Engineering,Resolved,0.26,39.95,No,3,No
TKT0000628,2025-02-11 07:31:00,2025-02-12 04:38:51,CUST02465,P3,Payment Failure,Technical,Payments,Phone,KYC Ops,Resolved,1.39,21.13,Yes,17,No
TKT0000629,2025-08-31 21:36:00,2025-09-01 14:43:12,CUST02636,P4,Settlement,Operational,Wallet,Email,KYC Ops,Resolved,2.19,17.12,No,71,No
TKT0000630,2025-06-05 03:25:00,2025-06-05 23:30:13,CUST02893,P3,KYC,General,Wallet,Email,KYC Ops,Resolved,0.34,20.09,No,2,No
TKT0000631,2025-01-19 06:04:00,2025-01-20 16:35:51,CUST01360,P4,KYC,Operational,Wallet,Portal,Engineering,Resolved,0.37,34.53,No,43,No
TKT0000632,2025-08-04 22:41:00,2025-08-05 16:37:00,CUST02008,P3,Payment Failure,Technical,KYC Service,Chat,L2 Support,Resolved,1.11,17.93,No,14,No
TKT0000633,2025-09-10 13:14:00,2025-09-11 04:32:21,CUST00620,P3,Refund,Operational,KYC Service,Phone,Payments Ops,Resolved,0.74,15.31,No,3,No
TKT0000634,2025-10-05 00:05:00,2025-10-05 02:38:17,CUST02004,P2,Payment Failure,Operational,Wallet,Portal,Engineering,Resolved,0.81,2.55,No,4,No
TKT0000635,2025-05-12 08:25:00,2025-05-13 16:07:44,CUST01854,P3,KYC,Technical,KYC Service,Chat,Engineering,Resolved,0.36,31.71,No,8,Yes
TKT0000636,2025-04-12 07:53:00,2025-04-12 13:58:18,CUST02445,P3,Settlement,Technical,Payments,Chat,L2 Support,Resolved,2.15,6.09,No,12,No
TKT0000637,2025-02-19 21:51:00,2025-02-21 08:26:38,CUST01194,P3,Payment Failure,Operational,KYC Service,Email,L1 Support,Resolved,0.43,34.59,No,11,Yes
TKT0000638,2025-11-30 21:04:00,2025-12-02 01:26:43,CUST02524,P3,Payment Failure,General,Settlement API,Portal,L2 Support,Resolved,0.28,28.38,No,3,Yes
TKT0000639,2025-02-25 12:53:00,2025-02-25 22:50:04,CUST01624,P3,Payment Failure,Technical,Settlement API,Email,Engineering,Resolved,0.25,9.95,No,4,No
TKT0000640,2025-05-01 22:50:00,2025-05-02 09:58:37,CUST01578,P3,Login,Technical,Settlement API,Chat,Engineering,Resolved,0.72,11.14,No,10,No
TKT0000641,2025-08-20 13:25:00,2025-08-21 15:18:58,CUST01356,P3,Settlement,Technical,Merchant Portal,Email,L1 Support,Resolved,0.73,25.9,No,15,Yes
TKT0000642,2025-08-13 08:49:00,2025-08-13 17:37:10,CUST02467,P2,Login,General,KYC Service,Chat,KYC Ops,Resolved,0.19,8.8,No,7,Yes
TKT0000643,2025-08-24 12:46:00,2025-08-26 14:40:51,CUST01613,P3,Login,General,Wallet,Email,Payments Ops,Resolved,0.82,49.91,No,5,Yes
TKT0000644,2025-11-25 04:58:00,2025-11-25 08:19:24,CUST02134,P2,Login,Technical,KYC Service,Portal,L2 Support,Resolved,0.35,3.36,Yes,10,No
TKT0000645,2025-04-17 18:41:00,2025-04-17 22:22:27,CUST01379,P2,Payment Failure,Operational,Wallet,Portal,Payments Ops,Resolved,0.21,3.69,Yes,4,No
TKT0000646,2025-06-22 16:46:00,2025-06-22 21:27:29,CUST02851,P3,Settlement,Technical,KYC Service,Portal,Engineering,Resolved,1.15,4.69,No,1,No
TKT0000647,2025-09-12 22:41:00,2025-09-13 23:39:44,CUST01631,P4,API,Technical,Wallet,Email,L1 Support,Resolved,0.68,24.98,No,1,No
TKT0000648,2025-11-10 01:52:00,2025-11-11 01:06:05,CUST01811,P3,API,Technical,KYC Service,Email,KYC Ops,Resolved,0.29,23.23,No,3,No
TKT0000649,2025-01-04 21:44:00,2025-01-05 15:32:47,CUST00908,P4,Login,General,KYC Service,Chat,Payments Ops,Resolved,1.38,17.81,No,19,No
TKT0000650,2025-10-04 15:59:00,2025-10-05 04:17:50,CUST01574,P3,Payment Failure,General,Payments,Chat,L2 Support,Resolved,0.89,12.31,No,8,No
TKT0000651,2025-11-28 19:55:00,2025-11-29 11:02:12,CUST01688,P3,Payment Failure,General,Merchant Portal,Phone,L2 Support,Resolved,1.2,15.12,No,4,No
TKT0000652,2025-02-22 22:07:00,2025-02-23 09:37:02,CUST01436,P3,Payment Failure,Technical,KYC Service,Chat,L1 Support,Resolved,2.28,11.5,No,17,No
TKT0000653,2025-08-07 06:57:00,2025-08-07 12:11:01,CUST02636,P2,Refund,Technical,KYC Service,Chat,Engineering,Resolved,0.84,5.23,Yes,3,No
TKT0000654,2025-12-01 10:24:00,2025-12-02 07:39:08,CUST01366,P4,Payment Failure,Operational,KYC Service,Portal,Payments Ops,Resolved,1.63,21.25,No,9,No
TKT0000655,2025-07-29 05:32:00,2025-07-30 06:43:28,CUST01329,P3,API,Technical,KYC Service,Chat,KYC Ops,Resolved,0.74,25.19,No,6,Yes
TKT0000656,2025-03-08 10:07:00,2025-03-09 04:33:05,CUST00964,P3,Payment Failure,General,Wallet,Email,Payments Ops,Resolved,2.55,18.43,No,2,No
TKT0000657,2025-07-07 12:36:00,2025-07-08 06:08:21,CUST02570,P4,Payment Failure,General,Payments,Portal,Payments Ops,Resolved,0.5,17.54,Yes,3,No
TKT0000658,2025-01-11 07:26:00,2025-01-11 18:41:15,CUST01142,P3,API,Operational,Payments,Portal,L1 Support,Resolved,0.9,11.25,No,18,No
TKT0000659,2025-04-06 17:26:00,2025-04-07 11:28:07,CUST00431,P4,KYC,Technical,Payments,Chat,L1 Support,Resolved,1.81,18.04,No,1,No
TKT0000660,2025-02-11 01:28:00,2025-02-12 08:09:08,CUST02714,P4,KYC,General,KYC Service,Chat,KYC Ops,Resolved,0.44,30.69,No,11,No
TKT0000661,2025-02-28 03:31:00,2025-02-28 14:22:45,CUST01645,P3,Refund,General,Wallet,Portal,L1 Support,Resolved,0.52,10.86,No,6,No
TKT0000662,2025-03-25 01:22:00,2025-03-25 15:14:00,CUST02887,P3,Payment Failure,Technical,Settlement API,Portal,Payments Ops,Resolved,0.66,13.87,No,1,No
TKT0000663,2025-06-08 23:00:00,2025-06-09 12:02:47,CUST01117,P3,API,General,Merchant Portal,Phone,L1 Support,Resolved,0.66,13.05,No,17,No
TKT0000664,2025-01-17 02:38:00,2025-01-17 18:49:48,CUST02225,P4,Refund,General,Wallet,Portal,L1 Support,Resolved,0.87,16.2,No,5,No
TKT0000665,2025-03-23 12:10:00,2025-03-24 18:14:34,CUST00923,P4,Refund,General,Merchant Portal,Portal,KYC Ops,Resolved,1.18,30.08,No,2,No
TKT0000666,2025-01-28 12:25:00,2025-01-30 11:40:20,CUST01947,P4,API,Technical,Settlement API,Chat,KYC Ops,Resolved,0.84,47.26,No,1,No
TKT0000667,2025-04-13 16:39:00,2025-04-16 20:48:13,CUST00685,P4,API,Technical,Wallet,Chat,L2 Support,Resolved,1.01,76.15,Yes,7,Yes
TKT0000668,2025-04-04 05:50:00,2025-04-05 10:31:11,CUST01477,P3,Payment Failure,General,Payments,Phone,Payments Ops,Resolved,0.92,28.69,Yes,9,Yes
TKT0000669,2025-10-02 11:57:00,2025-10-04 19:32:22,CUST02970,P4,KYC,Operational,KYC Service,Chat,Payments Ops,Resolved,1.5,55.59,Yes,5,Yes
TKT0000670,2025-01-05 05:49:00,2025-01-05 08:03:03,CUST01617,P1,Refund,Technical,Payments,Phone,L1 Support,Resolved,1.31,2.23,Yes,46,No
TKT0000671,2025-04-20 22:36:00,2025-04-21 02:40:49,CUST02944,P2,API,General,Settlement API,Chat,L2 Support,Resolved,0.32,4.08,Yes,3,No
TKT0000672,2025-02-15 21:05:00,2025-02-16 10:25:36,CUST02406,P2,API,General,Payments,Phone,L1 Support,Resolved,1.73,13.34,No,18,Yes
TKT0000673,2025-10-26 23:29:00,2025-10-30 08:26:37,CUST00490,P4,API,General,Settlement API,Portal,L1 Support,Resolved,0.34,80.96,No,27,Yes
TKT0000674,2025-03-08 02:32:00,2025-03-09 09:51:28,CUST01861,P3,Login,Operational,Payments,Phone,L2 Support,Resolved,0.93,31.32,No,4,Yes
TKT0000675,2025-04-22 12:24:00,2025-04-22 18:29:53,CUST00288,P2,API,Technical,Payments,Portal,KYC Ops,Resolved,0.41,6.1,No,3,No
TKT0000676,2025-12-23 12:45:00,2025-12-24 07:52:50,CUST02037,P3,Refund,General,Merchant Portal,Portal,L2 Support,Resolved,1.17,19.13,No,4,No
TKT0000677,2025-07-10 11:42:00,2025-07-11 07:09:17,CUST00900,P4,Payment Failure,General,KYC Service,Email,KYC Ops,Resolved,1.22,19.45,No,3,No
TKT0000678,2025-06-28 04:01:00,2025-06-29 10:54:52,CUST00162,P4,Payment Failure,General,Wallet,Portal,Payments Ops,Resolved,1.03,30.9,No,15,No
TKT0000679,2025-08-24 21:55:00,2025-08-25 05:22:59,CUST01447,P3,KYC,General,Settlement API,Portal,L2 Support,Resolved,0.33,7.47,No,15,No
TKT0000680,2025-10-25 06:43:00,2025-10-26 05:57:16,CUST01757,P4,Refund,Technical,KYC Service,Phone,KYC Ops,Resolved,0.92,23.24,No,6,No
TKT0000681,2025-12-04 19:42:00,2025-12-05 15:14:44,CUST01985,P3,KYC,Technical,Payments,Email,Engineering,Resolved,1.45,19.55,No,6,No
TKT0000682,2025-06-26 11:42:00,2025-06-27 18:52:00,CUST02782,P4,Payment Failure,Technical,KYC Service,Email,L2 Support,Resolved,0.55,31.17,No,17,No
TKT0000683,2025-01-29 18:21:00,2025-01-30 14:35:27,CUST01960,P3,Payment Failure,General,Merchant Portal,Email,L2 Support,Resolved,1.01,20.24,No,7,No
TKT0000684,2025-11-21 23:21:00,2025-11-22 13:14:44,CUST00245,P3,API,Technical,KYC Service,Phone,L1 Support,Resolved,0.69,13.9,Yes,1,No
TKT0000685,2025-07-09 17:20:00,2025-07-10 04:54:50,CUST02091,P3,Payment Failure,Operational,Payments,Email,KYC Ops,Resolved,1.19,11.58,No,11,No
TKT0000686,2025-09-06 02:22:00,2025-09-08 04:18:09,CUST01662,P4,Refund,Operational,Settlement API,Chat,KYC Ops,Resolved,0.58,49.94,No,59,Yes
TKT0000687,2025-08-23 17:52:00,2025-08-23 21:10:17,CUST02419,P2,Payment Failure,General,Wallet,Chat,Engineering,Resolved,1.94,3.3,No,26,No
TKT0000688,2025-11-04 20:38:00,2025-11-05 07:24:41,CUST00526,P3,Settlement,General,KYC Service,Email,L2 Support,Resolved,0.83,10.78,No,14,No
TKT0000689,2025-08-30 07:14:00,2025-08-30 14:22:24,CUST02783,P2,Payment Failure,Operational,Wallet,Chat,Payments Ops,Resolved,1.26,7.14,No,6,No
TKT0000690,2025-06-23 07:15:00,2025-06-23 21:01:23,CUST02071,P2,API,Operational,Payments,Chat,Payments Ops,Resolved,0.19,13.77,No,2,Yes
TKT0000691,2025-10-08 20:31:00,2025-10-09 08:40:46,CUST02873,P3,Login,General,Wallet,Chat,Payments Ops,Resolved,1.58,12.16,No,5,No
TKT0000692,2025-02-24 07:59:00,2025-02-24 17:01:01,CUST01991,P3,Refund,General,Wallet,Email,KYC Ops,Resolved,1.3,9.03,No,8,No
TKT0000693,2025-01-14 14:08:00,2025-01-16 02:29:51,CUST02809,P3,Refund,General,Payments,Chat,L1 Support,Resolved,1.11,36.36,No,5,Yes
TKT0000694,2025-04-01 07:19:00,2025-04-01 12:47:07,CUST00135,P1,API,General,Settlement API,Portal,KYC Ops,Resolved,0.84,5.47,No,21,Yes
TKT0000695,2025-07-07 20:26:00,2025-07-08 10:26:49,CUST02516,P3,Login,Operational,Settlement API,Phone,Engineering,Resolved,1.34,14.01,No,18,No
TKT0000696,2025-02-04 00:54:00,2025-02-04 11:08:46,CUST01657,P3,Settlement,Technical,Payments,Portal,Payments Ops,Resolved,0.68,10.25,No,17,No
TKT0000697,2025-12-30 17:39:00,2025-12-31 14:12:21,CUST02395,P3,API,General,Merchant Portal,Email,Payments Ops,Resolved,2.18,20.56,No,7,No
TKT0000698,2025-06-01 11:01:00,2025-06-02 13:49:33,CUST02261,P4,Login,Technical,Settlement API,Email,L1 Support,Resolved,1.38,26.81,No,3,No
TKT0000699,2025-11-05 23:44:00,2025-11-07 10:17:40,CUST01825,P4,Settlement,General,Wallet,Phone,L2 Support,Resolved,1.18,34.56,No,3,No
TKT0000700,2025-06-28 15:00:00,2025-06-30 08:24:00,CUST01270,P4,API,Technical,KYC Service,Portal,Payments Ops,Resolved,0.56,41.4,Yes,1,No
TKT0000701,2025-03-30 04:35:00,2025-03-30 15:31:34,CUST00371,P2,Refund,Technical,KYC Service,Portal,L1 Support,Resolved,1.79,10.94,No,10,Yes
TKT0000702,2025-07-30 22:26:00,2025-08-01 12:25:23,CUST01279,P3,Refund,General,Wallet,Chat,KYC Ops,Resolved,3.02,37.99,Yes,3,Yes
TKT0000703,2025-09-01 07:44:00,2025-09-01 11:41:15,CUST02334,P2,Login,Operational,Merchant Portal,Chat,Payments Ops,Resolved,1.08,3.95,No,11,No
TKT0000704,2025-07-22 14:58:00,2025-07-23 10:30:33,CUST00529,P3,Refund,Operational,Wallet,Portal,Payments Ops,Resolved,0.27,19.54,No,2,No
TKT0000705,2025-01-28 21:18:00,2025-01-29 03:13:34,CUST01066,P2,Payment Failure,General,Merchant Portal,Portal,Payments Ops,Resolved,12.28,5.93,Yes,30,No
TKT0000706,2025-09-11 00:55:00,2025-09-11 05:36:29,CUST01293,P2,Payment Failure,General,Settlement API,Phone,L2 Support,Resolved,0.75,4.69,Yes,19,No
TKT0000707,2025-11-24 14:13:00,2025-11-25 07:43:18,CUST01564,P3,Login,Technical,Settlement API,Phone,L1 Support,Resolved,1.27,17.51,No,2,No
TKT0000708,2025-09-28 04:31:00,2025-09-28 08:50:12,CUST02475,P2,Payment Failure,Technical,Merchant Portal,Portal,L1 Support,Resolved,1.11,4.32,No,33,No
TKT0000709,2025-08-11 17:06:00,2025-08-12 02:43:54,CUST02652,P3,Login,Technical,Payments,Chat,Engineering,Resolved,0.55,9.63,No,4,No
TKT0000710,2025-04-04 23:23:00,2025-04-07 15:00:38,CUST00753,P4,Refund,Technical,Settlement API,Portal,Payments Ops,Resolved,1.04,63.63,No,13,Yes
TKT0000711,2025-05-26 17:29:00,2025-05-30 01:56:42,CUST01995,P4,API,General,Merchant Portal,Phone,Engineering,Resolved,1.32,80.46,No,19,Yes
TKT0000712,2025-02-07 07:14:00,2025-02-07 09:45:08,CUST01081,P2,KYC,General,Merchant Portal,Phone,L2 Support,Resolved,0.41,2.52,Yes,5,No
TKT0000713,2025-09-08 19:30:00,2025-09-09 09:05:44,CUST02103,P3,Refund,Operational,KYC Service,Email,Engineering,Resolved,1.33,13.6,No,40,No
TKT0000714,2025-08-21 04:47:00,2025-08-21 07:53:21,CUST02041,P1,Payment Failure,General,Settlement API,Email,Engineering,Resolved,0.67,3.11,No,49,No
TKT0000715,2025-04-09 19:24:00,2025-04-10 00:40:05,CUST01094,P2,Payment Failure,Operational,Payments,Email,Engineering,Resolved,2.59,5.27,Yes,5,No
TKT0000716,2025-07-24 00:31:00,2025-07-24 16:23:26,CUST00283,P4,Payment Failure,Operational,Settlement API,Chat,L1 Support,Resolved,0.32,15.87,No,23,No
TKT0000717,2025-08-31 07:06:00,2025-08-31 21:00:41,CUST00305,P3,Settlement,General,Wallet,Email,L1 Support,Resolved,0.35,13.91,No,18,No
TKT0000718,2025-06-09 11:13:00,2025-06-12 01:00:53,CUST01987,P4,Settlement,Operational,Merchant Portal,Chat,KYC Ops,Resolved,0.62,61.8,Yes,2,Yes
TKT0000719,2025-02-18 06:25:00,2025-02-18 11:38:14,CUST01473,P2,Settlement,General,Settlement API,Phone,L1 Support,Resolved,0.8,5.22,No,18,No
TKT0000720,2025-12-15 06:23:00,2025-12-15 16:20:12,CUST00996,P3,KYC,Operational,Payments,Chat,KYC Ops,Resolved,3.82,9.95,No,17,No
TKT0000721,2025-01-05 09:53:00,2025-01-05 17:38:56,CUST00643,P2,KYC,Technical,Wallet,Chat,L1 Support,Resolved,0.7,7.77,No,7,No
TKT0000722,2025-02-09 00:29:00,2025-02-10 10:01:48,CUST01026,P4,Login,Technical,KYC Service,Phone,L2 Support,Resolved,1.02,33.55,No,2,No
TKT0000723,2025-10-27 02:57:00,2025-10-27 13:37:20,CUST02875,P3,Refund,General,Settlement API,Chat,Payments Ops,Resolved,0.28,10.67,No,2,No
TKT0000724,2025-07-28 18:20:00,2025-07-28 20:39:53,CUST00385,P1,API,General,Merchant Portal,Phone,L1 Support,Resolved,0.29,2.33,No,55,No
TKT0000725,2025-09-29 21:26:00,2025-09-30 13:57:07,CUST01985,P3,Login,General,Wallet,Portal,L1 Support,Resolved,0.29,16.52,No,23,No
TKT0000726,2025-12-22 00:35:00,2025-12-22 06:42:06,CUST00357,P3,KYC,Technical,Settlement API,Phone,L2 Support,Resolved,1.05,6.12,No,36,No
TKT0000727,2025-05-05 08:17:00,2025-05-05 20:20:10,CUST02608,P3,KYC,Technical,Payments,Portal,Engineering,Resolved,0.85,12.05,No,3,No
TKT0000728,2025-01-27 05:03:00,2025-01-30 00:01:29,CUST02538,P4,Payment Failure,General,Merchant Portal,Portal,L1 Support,Resolved,0.83,66.97,No,4,Yes
TKT0000729,2025-07-02 20:52:00,2025-07-03 10:24:37,CUST02207,P3,Payment Failure,Technical,Wallet,Chat,L2 Support,Resolved,0.45,13.54,Yes,8,No
TKT0000730,2025-09-26 23:47:00,2025-09-28 12:42:34,CUST02437,P3,Payment Failure,General,Settlement API,Email,L2 Support,Resolved,0.57,36.93,No,71,Yes
TKT0000731,2025-11-05 00:42:00,2025-11-05 04:53:31,CUST01242,P2,Payment Failure,Technical,Wallet,Portal,Payments Ops,Resolved,1.5,4.19,Yes,8,No
TKT0000732,2025-02-04 10:01:00,2025-02-04 14:31:52,CUST01004,P3,Payment Failure,General,KYC Service,Phone,L1 Support,Resolved,1.14,4.51,No,18,No
TKT0000733,2025-01-12 14:48:00,2025-01-14 20:59:21,CUST02997,P4,Payment Failure,Operational,Settlement API,Phone,KYC Ops,Resolved,0.38,54.19,No,25,Yes
TKT0000734,2025-08-23 22:30:00,2025-08-24 12:30:07,CUST00939,P3,Refund,Technical,Payments,Email,KYC Ops,Resolved,0.87,14.0,No,4,No
TKT0000735,2025-03-04 17:28:00,2025-03-05 00:37:57,CUST00591,P2,Settlement,Technical,Merchant Portal,Portal,KYC Ops,Resolved,0.48,7.17,No,9,No
TKT0000736,2025-04-21 07:15:00,2025-04-21 18:58:14,CUST02110,P3,KYC,Operational,KYC Service,Portal,L1 Support,Resolved,1.51,11.72,No,1,No
TKT0000737,2025-08-17 14:02:00,2025-08-18 00:23:44,CUST00831,P3,Payment Failure,Operational,KYC Service,Email,Payments Ops,Resolved,0.32,10.36,No,13,No
TKT0000738,2025-09-12 00:46:00,2025-09-12 15:49:49,CUST02618,P4,Settlement,General,Settlement API,Phone,Payments Ops,Resolved,0.63,15.06,Yes,13,No
TKT0000739,2025-11-27 19:08:00,2025-11-29 07:21:30,CUST01734,P4,Refund,General,Payments,Email,L1 Support,Resolved,0.85,36.23,Yes,6,No
TKT0000740,2025-02-18 22:03:00,2025-02-20 06:37:31,CUST02017,P4,KYC,Technical,KYC Service,Phone,Engineering,Resolved,0.8,32.58,No,14,No
TKT0000741,2025-07-20 20:47:00,2025-07-21 00:55:00,CUST02693,P2,Payment Failure,General,Merchant Portal,Chat,Engineering,Resolved,0.82,4.13,No,20,No
TKT0000742,2025-01-21 05:13:00,2025-01-24 12:08:22,CUST02296,P4,Payment Failure,Technical,Settlement API,Chat,KYC Ops,Resolved,3.11,78.92,No,20,Yes
TKT0000743,2025-04-11 10:55:00,2025-04-12 08:53:23,CUST01186,P4,API,Technical,Payments,Chat,KYC Ops,Resolved,1.28,21.97,No,21,No
TKT0000744,2025-11-28 01:04:00,2025-11-28 21:44:08,CUST01930,P4,Login,General,Merchant Portal,Chat,Payments Ops,Resolved,2.34,20.67,Yes,18,No
TKT0000745,2025-08-30 22:15:00,2025-09-01 20:38:00,CUST00202,P4,API,Operational,Payments,Email,KYC Ops,Resolved,0.64,46.38,No,13,No
TKT0000746,2025-05-01 07:16:00,2025-05-01 13:46:01,CUST02338,P3,Payment Failure,Operational,Merchant Portal,Phone,KYC Ops,Resolved,0.61,6.5,No,4,No
TKT0000747,2025-12-02 15:48:00,2025-12-06 16:49:52,CUST02811,P4,Refund,General,KYC Service,Chat,Payments Ops,Resolved,0.43,97.03,Yes,5,Yes
TKT0000748,2025-02-18 12:40:00,2025-02-19 20:31:11,CUST02437,P3,API,Operational,Merchant Portal,Email,L2 Support,Resolved,2.31,31.85,No,12,Yes
TKT0000749,2025-08-17 13:37:00,2025-08-17 22:58:27,CUST01360,P3,KYC,Technical,KYC Service,Chat,Engineering,Resolved,3.02,9.36,No,18,No
TKT0000750,2025-09-19 02:22:00,2025-09-19 12:43:19,CUST00321,P3,Payment Failure,Operational,KYC Service,Phone,L1 Support,Resolved,5.89,10.36,No,3,No
TKT0000751,2025-06-11 20:10:00,2025-06-13 03:07:37,CUST00019,P4,API,Technical,Payments,Portal,KYC Ops,Resolved,0.96,30.96,No,3,No
TKT0000752,2025-04-15 05:15:00,2025-04-16 06:37:47,CUST00550,P3,KYC,General,Payments,Phone,KYC Ops,Resolved,1.08,25.38,No,14,Yes
TKT0000753,2025-06-19 21:21:00,2025-06-20 00:56:34,CUST01827,P3,Payment Failure,Technical,Wallet,Chat,L2 Support,Resolved,0.5,3.59,No,4,No
TKT0000754,2025-04-06 03:45:00,2025-04-07 05:27:37,CUST01923,P3,API,Operational,Merchant Portal,Portal,L1 Support,Resolved,0.24,25.71,No,2,Yes
TKT0000755,2025-02-13 05:28:00,2025-02-14 09:50:49,CUST01301,P3,Payment Failure,Operational,Settlement API,Chat,L2 Support,Resolved,0.86,28.38,No,7,Yes
TKT0000756,2025-10-31 09:49:00,2025-11-01 04:35:27,CUST02752,P4,Settlement,General,Wallet,Portal,L2 Support,Resolved,0.5,18.77,No,11,No
TKT0000757,2025-01-17 20:18:00,2025-01-18 03:37:56,CUST02886,P2,Refund,Technical,Wallet,Email,L1 Support,Resolved,2.03,7.33,Yes,108,No
TKT0000758,2025-03-09 21:16:00,2025-03-10 04:21:39,CUST01120,P2,Refund,Technical,Merchant Portal,Email,Payments Ops,Resolved,2.99,7.09,No,27,No
TKT0000759,2025-11-07 11:13:00,2025-11-08 02:27:28,CUST02717,P2,Settlement,Technical,Payments,Chat,Payments Ops,Resolved,0.59,15.24,No,7,Yes
TKT0000760,2025-09-22 21:54:00,2025-09-23 14:44:25,CUST02797,P3,Login,Operational,KYC Service,Email,L1 Support,Resolved,0.93,16.84,Yes,14,No
TKT0000761,2025-09-11 19:24:00,2025-09-12 17:06:57,CUST00065,P4,Payment Failure,Technical,Merchant Portal,Phone,L1 Support,Resolved,0.3,21.72,No,4,No
TKT0000762,2025-05-10 13:19:00,2025-05-10 14:47:44,CUST01269,P1,Payment Failure,Operational,Settlement API,Portal,KYC Ops,Resolved,0.52,1.48,Yes,61,No
TKT0000763,2025-12-24 05:05:00,2025-12-25 07:31:27,CUST02817,P3,API,General,Merchant Portal,Phone,L1 Support,Resolved,2.26,26.44,No,4,Yes
TKT0000764,2025-05-11 19:34:00,2025-05-12 22:08:07,CUST02683,P3,API,General,Settlement API,Portal,L1 Support,Resolved,0.51,26.57,No,24,Yes
TKT0000765,2025-04-30 14:44:00,2025-05-01 14:07:05,CUST01577,P3,Refund,Operational,Wallet,Portal,Engineering,Resolved,1.43,23.38,Yes,49,No
TKT0000766,2025-03-08 21:06:00,2025-03-10 06:03:27,CUST02964,P4,KYC,Technical,Settlement API,Phone,L1 Support,Resolved,0.37,32.96,No,2,No
TKT0000767,2025-08-13 20:02:00,2025-08-14 21:48:32,CUST02980,P3,KYC,Operational,Settlement API,Phone,Payments Ops,Resolved,5.47,25.78,No,2,Yes
TKT0000768,2025-02-20 21:49:00,2025-02-21 13:28:10,CUST01737,P4,Login,Technical,Merchant Portal,Portal,L2 Support,Resolved,0.8,15.65,No,15,No
TKT0000769,2025-08-04 20:21:00,2025-08-05 19:11:40,CUST02601,P4,KYC,Technical,Payments,Email,KYC Ops,Resolved,0.88,22.84,No,3,No
TKT0000770,2025-08-08 14:02:00,2025-08-09 21:57:26,CUST00823,P4,KYC,Operational,Settlement API,Portal,L1 Support,Resolved,1.05,31.92,No,10,No
TKT0000771,2025-07-24 12:22:00,2025-07-26 05:29:53,CUST01385,P4,Login,Technical,Payments,Email,Engineering,Resolved,0.64,41.13,No,22,No
TKT0000772,2025-07-17 14:31:00,2025-07-21 08:24:48,CUST02180,P4,Settlement,Operational,Payments,Email,Payments Ops,Resolved,2.5,89.9,No,51,Yes
TKT0000773,2025-03-13 01:21:00,2025-03-13 08:45:03,CUST01815,P2,Payment Failure,Technical,KYC Service,Email,L2 Support,Resolved,1.22,7.4,No,3,No
TKT0000774,2025-01-31 02:56:00,2025-02-01 16:54:09,CUST00597,P4,Login,Technical,KYC Service,Phone,Engineering,Resolved,0.41,37.97,No,4,No
TKT0000775,2025-02-28 05:55:00,2025-03-01 04:13:34,CUST01626,P4,Login,Operational,KYC Service,Chat,Payments Ops,Resolved,0.93,22.31,No,12,No
TKT0000776,2025-11-11 21:05:00,2025-11-14 12:29:38,CUST00240,P4,API,General,Wallet,Email,Payments Ops,Resolved,3.3,63.41,No,7,Yes
TKT0000777,2025-07-08 07:51:00,2025-07-09 14:04:51,CUST00883,P4,Settlement,General,Wallet,Phone,Engineering,Resolved,1.59,30.23,No,21,No
TKT0000778,2025-10-09 11:41:00,2025-10-10 01:34:01,CUST00867,P2,Payment Failure,General,Wallet,Portal,L1 Support,Resolved,0.55,13.88,Yes,9,Yes
TKT0000779,2025-02-27 08:47:00,2025-03-03 05:19:51,CUST00109,P4,Refund,General,Payments,Chat,Payments Ops,Resolved,0.89,92.55,No,4,Yes
TKT0000780,2025-05-27 07:42:00,2025-05-27 12:53:32,CUST01778,P3,Refund,Operational,Wallet,Email,Engineering,Resolved,0.85,5.19,No,4,No
TKT0000781,2025-02-14 18:22:00,2025-02-15 06:30:41,CUST01243,P4,Settlement,General,Settlement API,Email,KYC Ops,Resolved,0.3,12.14,No,5,No
TKT0000782,2025-10-03 13:19:00,2025-10-09 16:53:54,CUST00121,P4,KYC,Operational,KYC Service,Email,L1 Support,Resolved,0.54,147.58,No,36,Yes
TKT0000783,2025-04-10 15:42:00,2025-04-11 12:04:01,CUST01363,P4,KYC,General,Merchant Portal,Email,Engineering,Resolved,0.36,20.37,No,5,No
TKT0000784,2025-02-04 11:49:00,2025-02-06 02:31:39,CUST01188,P3,Payment Failure,Technical,KYC Service,Portal,Payments Ops,Resolved,0.67,38.71,No,19,Yes
TKT0000785,2025-03-03 01:59:00,2025-03-03 23:52:25,CUST00428,P4,Refund,General,Wallet,Chat,L1 Support,Resolved,0.86,21.89,No,5,No
TKT0000786,2025-04-03 00:10:00,2025-04-04 19:08:58,CUST01317,P3,API,General,Merchant Portal,Chat,L1 Support,Resolved,1.4,42.98,No,7,Yes
TKT0000787,2025-03-16 14:13:00,2025-03-17 16:45:13,CUST02986,P3,API,General,Settlement API,Email,L2 Support,Resolved,0.96,26.54,No,1,Yes
TKT0000788,2025-08-12 00:47:00,2025-08-12 02:43:51,CUST02466,P2,Login,General,Settlement API,Portal,Payments Ops,Resolved,0.65,1.95,No,6,No
TKT0000789,2025-05-04 11:22:00,2025-05-05 05:51:49,CUST00330,P3,KYC,General,Payments,Phone,Engineering,Resolved,1.7,18.5,No,6,No
TKT0000790,2025-01-31 14:55:00,2025-02-01 04:17:41,CUST02995,P3,Refund,Operational,Payments,Email,Payments Ops,Resolved,0.77,13.38,No,24,No
TKT0000791,2025-05-08 12:36:00,2025-05-08 20:59:34,CUST01151,P3,Refund,Technical,KYC Service,Email,KYC Ops,Resolved,1.72,8.39,No,3,No
TKT0000792,2025-06-01 05:28:00,2025-06-01 21:06:25,CUST02250,P4,Login,Technical,KYC Service,Email,Payments Ops,Resolved,1.34,15.64,No,11,No
TKT0000793,2025-08-31 10:14:00,2025-08-31 15:07:03,CUST02455,P2,KYC,Operational,Merchant Portal,Chat,L2 Support,Resolved,1.03,4.88,No,27,No
TKT0000794,2025-03-31 21:49:00,2025-04-05 02:56:04,CUST02780,P3,Login,Technical,Payments,Email,Payments Ops,Resolved,0.64,101.12,No,4,Yes
TKT0000795,2025-06-03 07:10:00,2025-06-03 16:49:44,CUST02707,P3,KYC,Operational,Merchant Portal,Chat,L2 Support,Resolved,1.7,9.66,Yes,39,No
TKT0000796,2025-10-02 14:38:00,2025-10-03 07:28:25,CUST01124,P4,Login,Technical,KYC Service,Portal,Payments Ops,Resolved,3.04,16.84,No,5,No
TKT0000797,2025-09-13 17:55:00,2025-09-13 19:47:18,CUST02626,P1,Payment Failure,General,KYC Service,Chat,KYC Ops,Resolved,0.39,1.87,No,5,No
TKT0000798,2025-12-18 15:41:00,2025-12-19 10:51:14,CUST02769,P3,Settlement,Operational,Settlement API,Chat,Engineering,Resolved,0.32,19.17,No,22,No
TKT0000799,2025-11-19 14:01:00,2025-11-19 18:59:47,CUST00320,P2,Payment Failure,Operational,Settlement API,Portal,L1 Support,Resolved,0.4,4.98,Yes,2,No
TKT0000800,2025-08-21 22:15:00,2025-08-22 19:01:46,CUST00354,P3,Settlement,Operational,Merchant Portal,Chat,L2 Support,Resolved,1.65,20.78,No,5,No
TKT0000801,2025-03-25 22:21:00,2025-03-27 12:01:38,CUST01981,P4,Payment Failure,General,Merchant Portal,Email,Engineering,Resolved,7.07,37.68,No,2,No
TKT0000802,2025-01-18 01:14:00,2025-01-19 02:52:33,CUST01314,P3,KYC,General,Merchant Portal,Chat,L2 Support,Resolved,1.49,25.64,No,33,Yes
TKT0000803,2025-08-21 04:48:00,2025-08-21 23:16:57,CUST01874,P4,Payment Failure,Technical,Payments,Chat,L2 Support,Resolved,1.04,18.48,No,6,No
TKT0000804,2025-02-12 13:01:00,2025-02-12 19:24:16,CUST01019,P2,Settlement,General,Wallet,Phone,L1 Support,Resolved,0.57,6.39,No,25,No
TKT0000805,2025-11-09 16:54:00,2025-11-10 03:19:16,CUST02571,P3,Settlement,Operational,KYC Service,Email,L1 Support,Resolved,1.8,10.42,No,7,No
TKT0000806,2025-12-16 21:54:00,2025-12-17 04:59:02,CUST00417,P3,KYC,General,KYC Service,Chat,Engineering,Resolved,0.95,7.08,Yes,30,No
TKT0000807,2025-10-09 17:38:00,2025-10-09 23:04:30,CUST02489,P3,Refund,Operational,Merchant Portal,Portal,L2 Support,Resolved,0.78,5.44,No,9,No
TKT0000808,2025-02-17 13:06:00,2025-02-18 08:48:34,CUST02918,P3,Payment Failure,General,Settlement API,Chat,Engineering,Resolved,1.27,19.71,No,5,No
TKT0000809,2025-03-10 20:26:00,2025-03-11 09:49:03,CUST00905,P3,API,Operational,Settlement API,Chat,Engineering,Resolved,2.01,13.38,No,4,No
TKT0000810,2025-12-06 22:17:00,2025-12-07 10:48:59,CUST02829,P4,Payment Failure,Technical,Payments,Email,KYC Ops,Resolved,0.36,12.53,Yes,22,No
TKT0000811,2025-07-11 00:51:00,2025-07-11 10:03:45,CUST02259,P4,Settlement,Operational,KYC Service,Portal,Engineering,Resolved,1.54,9.21,No,10,No
TKT0000812,2025-10-12 00:17:00,2025-10-13 18:51:45,CUST00995,P4,Payment Failure,General,Payments,Portal,Payments Ops,Resolved,0.8,42.58,No,16,No
TKT0000813,2025-10-04 00:29:00,2025-10-04 13:51:13,CUST00276,P3,Refund,Operational,Merchant Portal,Email,Payments Ops,Resolved,0.51,13.37,No,3,No
TKT0000814,2025-12-19 18:48:00,2025-12-20 10:35:14,CUST01100,P3,Payment Failure,Technical,Merchant Portal,Email,L1 Support,Resolved,1.18,15.79,No,8,No
TKT0000815,2025-01-29 00:09:00,2025-01-29 18:05:28,CUST01981,P4,API,Operational,Settlement API,Email,Payments Ops,Resolved,0.49,17.94,Yes,2,No
TKT0000816,2025-04-25 06:54:00,2025-04-26 07:11:30,CUST01075,P3,Settlement,General,Wallet,Chat,Payments Ops,Resolved,1.32,24.29,No,46,Yes
TKT0000817,2025-07-23 01:36:00,2025-07-23 23:29:30,CUST00993,P3,KYC,Operational,Wallet,Portal,L1 Support,Resolved,1.64,21.89,No,3,No
TKT0000818,2025-07-01 02:17:00,2025-07-01 09:03:22,CUST01444,P2,KYC,General,KYC Service,Chat,KYC Ops,Resolved,2.61,6.77,No,15,No
TKT0000819,2025-10-19 07:21:00,2025-10-20 05:02:12,CUST00148,P4,Payment Failure,General,Settlement API,Phone,Engineering,Resolved,1.45,21.69,No,16,No
TKT0000820,2025-07-28 14:03:00,2025-07-28 17:53:19,CUST01520,P2,Payment Failure,Technical,KYC Service,Phone,Payments Ops,Resolved,0.42,3.84,Yes,8,No
TKT0000821,2025-12-19 05:47:00,2025-12-20 06:19:34,CUST02398,P3,Refund,Operational,Wallet,Portal,KYC Ops,Resolved,1.01,24.54,No,30,Yes
TKT0000822,2025-11-11 04:24:00,2025-11-12 11:18:00,CUST01897,P3,Payment Failure,Operational,KYC Service,Phone,L1 Support,Resolved,0.89,30.9,No,1,Yes
TKT0000823,2025-12-29 23:44:00,2025-12-30 04:13:53,CUST02692,P2,Login,Technical,Settlement API,Email,L2 Support,Resolved,1.32,4.5,Yes,1,No
TKT0000824,2025-01-16 22:53:00,2025-01-18 06:32:19,CUST02743,P4,Login,Technical,Merchant Portal,Portal,L2 Support,Resolved,1.2,31.66,No,4,No
TKT0000825,2025-08-31 19:17:00,2025-09-01 14:29:44,CUST00293,P4,Refund,General,Payments,Portal,L2 Support,Resolved,0.35,19.21,No,7,No
TKT0000826,2025-01-31 12:50:00,2025-02-02 03:46:25,CUST00867,P4,Settlement,General,Settlement API,Phone,L1 Support,Resolved,0.64,38.94,Yes,3,No
TKT0000827,2025-03-13 08:47:00,2025-03-13 12:40:27,CUST02231,P3,Login,Technical,Payments,Phone,Payments Ops,Resolved,0.9,3.89,No,18,No
TKT0000828,2025-09-12 06:06:00,2025-09-12 14:13:42,CUST00286,P1,API,General,Merchant Portal,Chat,Engineering,Resolved,1.2,8.13,Yes,205,Yes
TKT0000829,2025-12-01 22:04:00,2025-12-03 14:28:43,CUST02054,P4,Settlement,Operational,Wallet,Email,L1 Support,Resolved,2.01,40.41,No,6,No
TKT0000830,2025-12-04 05:39:00,2025-12-08 00:58:30,CUST00094,P4,Payment Failure,General,Settlement API,Chat,L1 Support,Resolved,1.01,91.33,No,16,Yes
TKT0000831,2025-09-28 21:07:00,2025-09-28 23:25:02,CUST00469,P2,Payment Failure,Operational,Merchant Portal,Portal,KYC Ops,Resolved,1.69,2.3,No,17,No
TKT0000832,2025-05-22 23:32:00,2025-05-23 01:40:08,CUST01166,P1,Payment Failure,Technical,Payments,Phone,L2 Support,Resolved,0.63,2.14,No,4,No
TKT0000833,2025-05-01 16:04:00,2025-05-02 15:45:42,CUST00969,P3,KYC,Operational,Settlement API,Chat,Engineering,Resolved,0.99,23.7,No,14,No
TKT0000834,2025-07-13 15:07:00,2025-07-14 14:36:06,CUST02172,P4,KYC,General,Merchant Portal,Phone,Engineering,Resolved,1.11,23.49,No,20,No
TKT0000835,2025-11-15 21:18:00,2025-11-16 18:05:43,CUST02169,P4,Payment Failure,Operational,Merchant Portal,Phone,L1 Support,Resolved,2.35,20.8,No,16,No
TKT0000836,2025-01-23 18:06:00,2025-01-24 11:02:49,CUST01097,P3,Refund,Technical,Wallet,Phone,KYC Ops,Resolved,0.83,16.95,No,3,No
TKT0000837,2025-09-09 06:57:00,2025-09-11 08:41:36,CUST01602,P4,API,General,Merchant Portal,Portal,KYC Ops,Resolved,1.87,49.74,No,1,Yes
TKT0000838,2025-05-15 15:32:00,2025-05-16 07:19:50,CUST02388,P3,Settlement,General,Settlement API,Chat,L1 Support,Resolved,1.33,15.8,No,21,No
TKT0000839,2025-12-25 09:40:00,2025-12-27 03:29:50,CUST00631,P4,Login,Technical,KYC Service,Phone,KYC Ops,Resolved,1.08,41.83,No,1,No
TKT0000840,2025-10-23 10:02:00,2025-10-23 13:41:07,CUST00043,P2,KYC,Operational,KYC Service,Email,KYC Ops,Resolved,1.05,3.65,No,9,No
TKT0000841,2025-04-27 05:04:00,2025-04-27 21:46:25,CUST02595,P2,Payment Failure,General,Merchant Portal,Email,Engineering,Resolved,0.44,16.71,Yes,5,Yes
TKT0000842,2025-09-13 22:55:00,2025-09-18 10:16:59,CUST00132,P4,Login,Technical,Settlement API,Portal,Engineering,Resolved,0.48,107.37,No,17,Yes
TKT0000843,2025-10-19 17:27:00,2025-10-20 14:36:43,CUST00020,P3,KYC,Operational,Merchant Portal,Portal,Engineering,Resolved,0.52,21.16,Yes,3,No
TKT0000844,2025-11-04 18:17:00,2025-11-05 05:47:20,CUST00778,P3,KYC,Technical,Payments,Chat,L2 Support,Resolved,0.87,11.51,No,6,No
TKT0000845,2025-12-27 23:13:00,2025-12-28 11:47:39,CUST02273,P2,API,Technical,Wallet,Chat,Engineering,Resolved,1.32,12.58,No,4,Yes
TKT0000846,2025-08-25 13:38:00,2025-08-27 05:17:11,CUST01467,P4,KYC,Operational,Merchant Portal,Phone,L1 Support,Resolved,0.24,39.65,No,6,No
TKT0000847,2025-06-12 21:58:00,2025-06-13 00:19:59,CUST01288,P1,API,Technical,Wallet,Phone,L1 Support,Resolved,0.5,2.37,No,179,No
TKT0000848,2025-02-27 23:30:00,2025-02-28 15:03:44,CUST02413,P3,API,General,Merchant Portal,Portal,KYC Ops,Resolved,0.33,15.56,No,17,No
TKT0000849,2025-06-28 07:55:00,2025-06-29 04:09:13,CUST00768,P3,Refund,Operational,Payments,Chat,KYC Ops,Resolved,0.91,20.24,No,1,No
TKT0000850,2025-01-02 01:44:00,2025-01-03 03:43:54,CUST02644,P3,Refund,General,Payments,Portal,L2 Support,Resolved,0.7,26.0,No,60,Yes
TKT0000851,2025-06-28 16:33:00,2025-07-01 08:53:31,CUST00994,P4,Payment Failure,Technical,Merchant Portal,Phone,Engineering,Resolved,0.59,64.34,No,1,Yes
TKT0000852,2025-07-23 01:20:00,2025-07-23 14:26:03,CUST01964,P3,Login,Technical,KYC Service,Email,KYC Ops,Resolved,1.49,13.1,No,11,No
TKT0000853,2025-05-04 01:09:00,2025-05-05 17:13:00,CUST01532,P4,API,Technical,KYC Service,Email,L1 Support,Resolved,0.62,40.07,No,1,No
TKT0000854,2025-04-12 09:19:00,2025-04-14 09:54:02,CUST00408,P4,Refund,Technical,Payments,Phone,Payments Ops,Resolved,2.01,48.58,No,8,Yes
TKT0000855,2025-01-06 10:38:00,2025-01-06 17:57:27,CUST00693,P3,Settlement,Operational,KYC Service,Portal,Engineering,Resolved,1.13,7.32,Yes,23,No
TKT0000856,2025-04-16 17:02:00,2025-04-16 19:13:10,CUST00974,P1,API,General,Wallet,Chat,L1 Support,Resolved,0.54,2.19,Yes,137,No
TKT0000857,2025-07-24 01:49:00,2025-07-25 18:14:44,CUST01238,P4,Login,Technical,KYC Service,Chat,KYC Ops,Resolved,0.39,40.43,No,3,No
TKT0000858,2025-12-28 05:13:00,2025-12-28 13:42:25,CUST00116,P2,KYC,General,Wallet,Phone,Payments Ops,Resolved,0.72,8.49,No,6,Yes
TKT0000859,2025-11-28 08:27:00,2025-11-28 14:09:09,CUST02210,P2,Settlement,General,Payments,Phone,L2 Support,Resolved,0.82,5.7,No,4,No
TKT0000860,2025-09-28 13:03:00,2025-10-01 23:30:00,CUST00657,P4,Payment Failure,General,Merchant Portal,Portal,KYC Ops,Resolved,0.68,82.45,No,2,Yes
TKT0000861,2025-07-07 00:53:00,2025-07-09 04:35:12,CUST02895,P4,KYC,Technical,Payments,Email,KYC Ops,Resolved,0.46,51.7,No,38,Yes
TKT0000862,2025-03-07 02:27:00,2025-03-08 10:54:28,CUST02764,P4,Payment Failure,General,KYC Service,Email,KYC Ops,Resolved,0.25,32.46,No,4,No
TKT0000863,2025-01-07 07:29:00,2025-01-08 11:03:11,CUST02185,P4,Refund,Technical,Settlement API,Phone,Engineering,Resolved,0.91,27.57,No,2,No
TKT0000864,2025-04-20 17:02:00,2025-04-21 00:27:17,CUST00944,P3,Settlement,General,Merchant Portal,Email,Payments Ops,Resolved,1.74,7.42,No,13,No
TKT0000865,2025-12-22 17:02:00,2025-12-24 23:33:09,CUST02499,P4,API,Technical,KYC Service,Email,L2 Support,Resolved,0.29,54.52,No,1,Yes
TKT0000866,2025-12-21 00:21:00,2025-12-22 03:59:03,CUST00505,P3,KYC,General,Merchant Portal,Email,L1 Support,Resolved,0.28,27.63,Yes,4,Yes
TKT0000867,2025-10-05 07:22:00,2025-10-05 12:52:02,CUST00974,P3,KYC,Operational,Payments,Email,Payments Ops,Resolved,1.28,5.5,No,30,No
TKT0000868,2025-03-14 01:24:00,2025-03-14 03:44:01,CUST01781,P1,Payment Failure,Technical,Payments,Portal,L1 Support,Resolved,3.31,2.33,No,27,No
TKT0000869,2025-10-16 12:44:00,2025-10-16 22:59:52,CUST00009,P3,KYC,Technical,Settlement API,Phone,KYC Ops,Resolved,0.27,10.26,Yes,7,No
TKT0000870,2025-11-15 01:42:00,2025-11-15 10:46:25,CUST00590,P3,API,General,Payments,Phone,Payments Ops,Resolved,1.23,9.07,No,4,No
TKT0000871,2025-08-06 13:21:00,2025-08-07 22:58:53,CUST01200,P4,Payment Failure,Technical,Settlement API,Phone,L2 Support,Resolved,1.02,33.63,No,3,No
TKT0000872,2025-01-07 21:06:00,2025-01-08 05:30:13,CUST01050,P2,Payment Failure,Technical,Wallet,Email,L2 Support,Resolved,1.51,8.4,No,2,Yes
TKT0000873,2025-11-29 17:13:00,2025-12-01 02:06:23,CUST02488,P3,API,General,KYC Service,Phone,L2 Support,Resolved,1.24,32.89,No,1,Yes
TKT0000874,2025-02-06 23:41:00,2025-02-07 13:32:06,CUST00066,P3,Refund,General,Wallet,Email,Engineering,Resolved,0.75,13.85,No,4,No
TKT0000875,2025-10-10 04:00:00,2025-10-10 11:36:14,CUST01618,P2,KYC,Technical,Payments,Portal,L2 Support,Resolved,0.39,7.6,No,22,No
TKT0000876,2025-05-07 01:07:00,2025-05-07 13:47:51,CUST01482,P3,Refund,Operational,Wallet,Phone,KYC Ops,Resolved,1.64,12.68,Yes,29,No
TKT0000877,2025-03-14 08:03:00,2025-03-16 01:58:40,CUST02247,P4,KYC,Operational,KYC Service,Phone,L1 Support,Resolved,3.53,41.93,No,1,No
TKT0000878,2025-10-28 07:14:00,2025-10-28 09:22:52,CUST00573,P2,Refund,General,Wallet,Portal,Payments Ops,Resolved,3.21,2.15,No,18,No
TKT0000879,2025-01-02 00:15:00,2025-01-02 11:51:00,CUST02016,P3,Refund,General,Payments,Phone,Engineering,Resolved,0.09,11.6,No,1,No
TKT0000880,2025-02-23 02:30:00,2025-02-23 14:48:00,CUST02333,P3,Payment Failure,Technical,KYC Service,Phone,L2 Support,Resolved,2.19,12.3,No,22,No
TKT0000881,2025-06-16 21:51:00,2025-06-18 00:14:54,CUST00249,P4,Settlement,General,Wallet,Phone,L2 Support,Resolved,1.33,26.4,No,10,No
TKT0000882,2025-02-19 09:32:00,2025-02-19 18:28:09,CUST00216,P2,Payment Failure,Operational,KYC Service,Email,KYC Ops,Resolved,0.81,8.94,Yes,3,Yes
TKT0000883,2025-05-27 10:27:00,2025-05-28 18:35:21,CUST01765,P3,Payment Failure,Operational,Wallet,Chat,KYC Ops,Resolved,2.35,32.14,No,20,Yes
TKT0000884,2025-10-16 03:12:00,2025-10-16 12:08:13,CUST00048,P3,KYC,General,Payments,Email,KYC Ops,Resolved,0.78,8.94,No,1,No
TKT0000885,2025-04-14 02:18:00,2025-04-14 10:18:04,CUST00104,P3,Payment Failure,General,Payments,Phone,L1 Support,Resolved,0.35,8.0,No,12,No
TKT0000886,2025-07-12 11:32:00,2025-07-12 15:32:59,CUST01658,P3,KYC,Operational,Settlement API,Phone,Payments Ops,Resolved,2.11,4.02,No,11,No
TKT0000887,2025-09-11 04:41:00,2025-09-12 13:14:07,CUST02044,P4,KYC,Technical,Payments,Email,L1 Support,Resolved,0.98,32.55,No,16,No
TKT0000888,2025-06-03 03:18:00,2025-06-03 12:45:02,CUST01539,P3,API,Technical,Wallet,Portal,KYC Ops,Resolved,5.17,9.45,Yes,15,No
TKT0000889,2025-05-20 14:18:00,2025-05-22 00:46:54,CUST00430,P3,Payment Failure,Operational,Merchant Portal,Chat,L2 Support,Resolved,1.32,34.48,Yes,2,Yes
TKT0000890,2025-06-07 12:54:00,2025-06-07 22:08:04,CUST01325,P3,Payment Failure,General,Merchant Portal,Chat,KYC Ops,Resolved,0.57,9.23,No,6,No
TKT0000891,2025-01-09 08:34:00,2025-01-12 06:10:58,CUST02443,P3,Refund,General,Wallet,Portal,L1 Support,Resolved,0.35,69.62,Yes,35,Yes
TKT0000892,2025-08-11 18:08:00,2025-08-11 22:23:15,CUST00468,P2,Login,General,KYC Service,Portal,Engineering,Resolved,0.31,4.25,Yes,8,No
TKT0000893,2025-09-25 10:03:00,2025-09-26 18:25:36,CUST02234,P4,API,Operational,KYC Service,Portal,KYC Ops,Resolved,0.93,32.38,No,14,No
TKT0000894,2025-11-29 06:22:00,2025-11-29 14:01:55,CUST01583,P2,API,Technical,Merchant Portal,Phone,KYC Ops,Resolved,0.68,7.67,Yes,3,No
TKT0000895,2025-03-23 01:41:00,2025-03-23 11:32:38,CUST00726,P2,Settlement,Technical,Settlement API,Email,L2 Support,Resolved,2.28,9.86,No,3,Yes
TKT0000896,2025-12-25 19:07:00,2025-12-26 05:48:31,CUST00503,P4,Payment Failure,Operational,Merchant Portal,Portal,Engineering,Resolved,0.39,10.69,No,8,No
TKT0000897,2025-09-19 01:46:00,2025-09-19 22:45:56,CUST01576,P3,Settlement,General,Payments,Portal,L2 Support,Resolved,1.56,21.0,No,25,No
TKT0000898,2025-08-03 06:29:00,2025-08-04 01:39:53,CUST00903,P4,API,Operational,Merchant Portal,Portal,Engineering,Resolved,2.67,19.18,No,7,No
TKT0000899,2025-02-16 18:45:00,2025-02-17 11:31:11,CUST00549,P3,API,General,Wallet,Email,Engineering,Resolved,0.63,16.77,No,4,No
TKT0000900,2025-01-31 23:48:00,2025-02-01 23:45:12,CUST00457,P4,Payment Failure,Operational,KYC Service,Phone,Payments Ops,Resolved,2.3,23.95,Yes,18,No
TKT0000901,2025-12-24 00:38:00,2025-12-24 11:37:06,CUST00753,P4,KYC,Technical,Merchant Portal,Chat,Payments Ops,Resolved,0.55,10.99,No,3,No
TKT0000902,2025-04-04 15:51:00,2025-04-04 17:58:21,CUST00021,P1,Refund,General,Settlement API,Phone,L1 Support,Resolved,1.02,2.12,No,12,No
TKT0000903,2025-09-18 00:57:00,2025-09-19 07:27:36,CUST02184,P4,Payment Failure,Technical,Wallet,Portal,Engineering,Resolved,0.47,30.51,No,2,No
TKT0000904,2025-10-08 02:41:00,2025-10-08 12:19:15,CUST00449,P3,Refund,General,Settlement API,Phone,KYC Ops,Resolved,0.71,9.64,No,3,No
TKT0000905,2025-06-08 23:49:00,2025-06-09 09:47:53,CUST02554,P3,KYC,Operational,KYC Service,Chat,L2 Support,Resolved,1.67,9.98,No,7,No
TKT0000906,2025-11-28 09:49:00,2025-11-29 12:56:22,CUST02790,P3,Refund,Operational,Merchant Portal,Chat,L2 Support,Resolved,0.87,27.12,No,8,Yes
TKT0000907,2025-04-26 04:39:00,2025-04-27 05:55:16,CUST01464,P3,Settlement,Operational,Merchant Portal,Portal,KYC Ops,Resolved,1.35,25.27,No,24,Yes
TKT0000908,2025-07-27 17:46:00,2025-07-28 19:23:06,CUST00242,P4,Settlement,Technical,Payments,Phone,L1 Support,Resolved,3.33,25.62,No,2,No
TKT0000909,2025-08-15 20:03:00,2025-08-16 10:23:26,CUST00250,P3,Login,Operational,Payments,Chat,Payments Ops,Resolved,1.9,14.34,No,7,No
TKT0000910,2025-08-04 14:51:00,2025-08-04 23:48:56,CUST00823,P3,Refund,General,Merchant Portal,Portal,L2 Support,Resolved,1.03,8.97,No,25,No
TKT0000911,2025-07-13 12:07:00,2025-07-14 04:00:16,CUST00720,P3,Settlement,Operational,Wallet,Phone,L1 Support,Resolved,0.27,15.89,No,4,No
TKT0000912,2025-04-20 10:58:00,2025-04-21 10:58:57,CUST02185,P4,Payment Failure,General,Wallet,Chat,Payments Ops,Resolved,2.08,24.02,No,11,No
TKT0000913,2025-12-18 08:01:00,2025-12-19 10:39:13,CUST01671,P3,Payment Failure,Operational,Wallet,Chat,Payments Ops,Resolved,0.36,26.64,No,3,Yes
TKT0000914,2025-12-23 21:52:00,2025-12-25 22:10:24,CUST02598,P3,Settlement,Operational,Settlement API,Phone,L2 Support,Resolved,1.68,48.31,No,10,Yes
TKT0000915,2025-12-26 23:30:00,2025-12-27 15:30:41,CUST00139,P4,Settlement,Operational,Payments,Portal,KYC Ops,Resolved,2.15,16.01,No,16,No
TKT0000916,2025-11-01 09:34:00,2025-11-02 18:43:37,CUST00572,P4,Payment Failure,General,Wallet,Email,KYC Ops,Resolved,0.46,33.16,No,6,No
TKT0000917,2025-05-13 09:26:00,2025-05-16 17:49:06,CUST01903,P4,API,Technical,Payments,Portal,Payments Ops,Resolved,0.2,80.39,No,47,Yes
TKT0000918,2025-09-02 23:23:00,2025-09-03 05:22:55,CUST01244,P2,API,General,Merchant Portal,Email,L1 Support,Resolved,0.78,6.0,No,38,No
TKT0000919,2025-06-24 02:22:00,2025-06-26 01:07:44,CUST02874,P4,KYC,General,Payments,Email,Engineering,Resolved,0.6,46.76,No,5,No
TKT0000920,2025-10-06 11:03:00,2025-10-08 19:27:54,CUST01741,P4,KYC,General,Merchant Portal,Email,L2 Support,Resolved,0.5,56.42,Yes,9,Yes
TKT0000921,2025-10-21 13:11:00,2025-10-21 16:20:56,CUST02136,P1,Settlement,Technical,Wallet,Email,Payments Ops,Resolved,1.63,3.17,Yes,172,No
TKT0000922,2025-06-20 07:05:00,2025-06-20 19:02:07,CUST00450,P3,API,General,Settlement API,Chat,KYC Ops,Resolved,2.05,11.95,No,7,No
TKT0000923,2025-01-13 11:19:00,2025-01-14 00:29:56,CUST01403,P2,API,Technical,Merchant Portal,Chat,Payments Ops,Resolved,0.52,13.18,No,1,Yes
TKT0000924,2025-10-05 16:58:00,2025-10-05 20:59:42,CUST00849,P2,Login,General,Wallet,Email,L1 Support,Resolved,1.03,4.03,Yes,30,No
TKT0000925,2025-12-08 12:25:00,2025-12-09 12:41:10,CUST01394,P4,Payment Failure,General,Merchant Portal,Chat,L1 Support,Resolved,0.22,24.27,No,5,No
TKT0000926,2025-05-28 12:54:00,2025-05-29 05:58:38,CUST01396,P3,Settlement,Operational,Wallet,Email,L1 Support,Resolved,1.37,17.08,No,8,No
TKT0000927,2025-09-07 00:20:00,2025-09-08 19:16:20,CUST02113,P4,API,General,Wallet,Phone,Payments Ops,Resolved,1.06,42.94,No,1,No
TKT0000928,2025-03-05 12:47:00,2025-03-06 02:39:17,CUST01767,P3,Payment Failure,General,KYC Service,Phone,KYC Ops,Resolved,1.16,13.87,No,15,No
TKT0000929,2025-04-19 05:10:00,2025-04-20 17:11:58,CUST01683,P3,Payment Failure,Technical,Wallet,Phone,Payments Ops,Resolved,0.84,36.03,No,17,Yes
TKT0000930,2025-08-27 20:54:00,2025-08-28 08:20:57,CUST01567,P3,API,General,KYC Service,Chat,L2 Support,Resolved,0.45,11.45,No,3,No
TKT0000931,2025-04-13 11:40:00,2025-04-14 14:39:52,CUST00114,P3,Settlement,Operational,Payments,Email,L2 Support,Resolved,0.22,27.0,No,2,Yes
TKT0000932,2025-09-08 14:44:00,2025-09-10 00:06:51,CUST01871,P4,Login,Operational,Wallet,Portal,KYC Ops,Resolved,0.72,33.38,Yes,8,No
TKT0000933,2025-08-08 20:37:00,2025-08-09 03:46:36,CUST02097,P2,KYC,General,Settlement API,Portal,L1 Support,Resolved,0.2,7.16,No,36,No
TKT0000934,2025-06-27 17:39:00,2025-06-28 18:15:34,CUST00884,P4,Payment Failure,Operational,Settlement API,Phone,L2 Support,Resolved,0.94,24.61,No,9,No
TKT0000935,2025-02-09 05:56:00,2025-02-09 23:16:09,CUST00716,P3,Payment Failure,Technical,Wallet,Portal,Payments Ops,Resolved,1.19,17.34,No,38,No
TKT0000936,2025-10-30 14:53:00,2025-11-01 04:28:39,CUST02652,P4,Payment Failure,Operational,KYC Service,Phone,Payments Ops,Resolved,0.35,37.59,Yes,2,No
TKT0000937,2025-12-03 09:50:00,2025-12-05 02:01:50,CUST01650,P3,Payment Failure,Operational,Wallet,Phone,L2 Support,Resolved,0.37,40.2,No,47,Yes
TKT0000938,2025-05-21 14:40:00,2025-05-21 16:03:36,CUST02617,P1,Login,Technical,Wallet,Email,KYC Ops,Resolved,2.9,1.39,Yes,693,No
TKT0000939,2025-02-03 07:46:00,2025-02-03 16:53:11,CUST01485,P3,Payment Failure,Operational,Payments,Email,Engineering,Resolved,5.33,9.12,Yes,4,No
TKT0000940,2025-05-03 14:52:00,2025-05-03 21:08:00,CUST00179,P3,Payment Failure,General,KYC Service,Portal,Payments Ops,Resolved,0.46,6.27,No,3,No
TKT0000941,2025-05-31 10:36:00,2025-06-04 13:22:24,CUST00222,P3,API,Operational,Payments,Email,L1 Support,Resolved,1.59,98.77,No,20,Yes
TKT0000942,2025-06-01 10:28:00,2025-06-01 12:40:11,CUST00386,P1,Login,Operational,KYC Service,Phone,L2 Support,Resolved,1.21,2.2,No,26,No
TKT0000943,2025-09-28 05:20:00,2025-09-29 18:48:09,CUST00120,P4,Payment Failure,Technical,Wallet,Phone,Engineering,Resolved,0.26,37.47,Yes,3,No
TKT0000944,2025-11-06 05:28:00,2025-11-06 14:05:26,CUST02159,P3,KYC,General,Payments,Portal,L2 Support,Resolved,0.76,8.62,No,8,No
TKT0000945,2025-07-11 03:13:00,2025-07-11 14:38:43,CUST02278,P3,Payment Failure,Operational,Wallet,Email,KYC Ops,Resolved,4.36,11.43,No,7,No
TKT0000946,2025-05-26 08:06:00,2025-05-27 04:24:16,CUST00777,P3,API,Operational,Wallet,Phone,Payments Ops,Resolved,1.17,20.3,No,1,No
TKT0000947,2025-08-22 05:01:00,2025-08-22 22:50:25,CUST00856,P4,API,Technical,Merchant Portal,Chat,KYC Ops,Resolved,5.07,17.82,No,7,No
TKT0000948,2025-07-24 19:53:00,2025-07-26 12:22:09,CUST00221,P4,Login,Operational,Wallet,Chat,KYC Ops,Resolved,5.39,40.49,No,21,No
TKT0000949,2025-11-30 07:19:00,2025-11-30 22:22:22,CUST02866,P3,Payment Failure,Operational,Payments,Chat,L1 Support,Resolved,1.02,15.06,No,2,No
TKT0000950,2025-12-30 16:33:00,2026-01-02 13:31:45,CUST02290,P4,Refund,Operational,Wallet,Chat,KYC Ops,Resolved,0.42,68.98,No,3,Yes
TKT0000951,2025-02-28 13:21:00,2025-03-03 02:16:04,CUST02034,P4,API,Operational,Payments,Phone,L2 Support,Resolved,4.69,60.92,No,64,Yes
TKT0000952,2025-02-28 18:55:00,2025-03-01 03:08:17,CUST00051,P3,Login,General,Merchant Portal,Chat,L1 Support,Resolved,2.54,8.22,No,6,No
TKT0000953,2025-03-03 16:25:00,2025-03-05 02:26:05,CUST02414,P4,API,Technical,KYC Service,Email,KYC Ops,Resolved,0.52,34.02,No,11,No
TKT0000954,2025-08-09 19:11:00,2025-08-10 10:26:13,CUST00976,P3,Settlement,General,Merchant Portal,Phone,Payments Ops,Resolved,0.94,15.25,No,19,No
TKT0000955,2025-09-14 05:43:00,2025-09-14 10:28:01,CUST00627,P2,Login,Operational,Merchant Portal,Chat,Engineering,Resolved,0.98,4.75,No,1,No
TKT0000956,2025-01-24 15:08:00,2025-01-26 05:40:43,CUST02043,P3,API,Operational,Settlement API,Chat,Engineering,Resolved,0.47,38.55,No,2,Yes
TKT0000957,2025-10-02 06:23:00,2025-10-02 19:38:48,CUST00595,P4,Payment Failure,Technical,Settlement API,Chat,Payments Ops,Resolved,0.32,13.26,No,1,No
TKT0000958,2025-09-29 08:49:00,2025-09-29 16:43:46,CUST02592,P2,API,Operational,Wallet,Portal,L2 Support,Resolved,0.97,7.91,No,16,No
TKT0000959,2025-08-22 22:43:00,2025-08-23 19:01:45,CUST02478,P3,Login,General,KYC Service,Email,Engineering,Resolved,2.78,20.31,No,3,No
TKT0000960,2025-06-23 18:58:00,2025-06-24 07:16:05,CUST02847,P3,Settlement,Operational,Payments,Chat,L1 Support,Resolved,2.79,12.3,Yes,1,No
TKT0000961,2025-12-03 02:04:00,2025-12-03 03:11:36,CUST01965,P1,Settlement,General,KYC Service,Portal,Payments Ops,Resolved,0.35,1.13,Yes,25,No
TKT0000962,2025-04-04 02:03:00,2025-04-05 21:47:47,CUST00197,P4,API,Operational,KYC Service,Chat,KYC Ops,Resolved,0.58,43.75,No,34,No
TKT0000963,2025-04-29 17:35:00,2025-05-01 02:24:41,CUST01408,P4,Payment Failure,General,Merchant Portal,Chat,L2 Support,Resolved,1.33,32.83,No,5,No
TKT0000964,2025-06-28 05:41:00,2025-06-29 19:43:42,CUST02664,P4,Refund,Technical,Merchant Portal,Email,L1 Support,Resolved,0.36,38.05,No,8,No
TKT0000965,2025-11-20 17:31:00,2025-11-21 07:24:30,CUST02240,P3,KYC,General,Merchant Portal,Portal,L1 Support,Resolved,3.15,13.89,No,29,No
TKT0000966,2025-05-19 07:48:00,2025-05-20 02:59:14,CUST01726,P3,Payment Failure,General,KYC Service,Chat,KYC Ops,Resolved,0.25,19.19,No,3,No
TKT0000967,2025-08-13 05:59:00,2025-08-14 03:13:45,CUST00848,P4,KYC,General,Wallet,Chat,Engineering,Resolved,1.07,21.25,No,9,No
TKT0000968,2025-10-27 23:17:00,2025-10-29 11:27:02,CUST02047,P4,KYC,Technical,Settlement API,Phone,KYC Ops,Resolved,3.23,36.17,No,1,No
TKT0000969,2025-12-24 01:24:00,2025-12-24 07:57:05,CUST02624,P3,Payment Failure,General,Merchant Portal,Email,L1 Support,Resolved,0.4,6.55,Yes,6,No
TKT0000970,2025-09-23 07:40:00,2025-09-23 12:20:22,CUST02068,P3,API,General,Payments,Email,Engineering,Resolved,0.73,4.67,No,1,No
TKT0000971,2025-08-26 03:55:00,2025-08-26 07:00:22,CUST01209,P1,Payment Failure,General,Settlement API,Email,Payments Ops,Resolved,0.73,3.09,No,20,No
TKT0000972,2025-12-29 14:08:00,2025-12-30 02:29:27,CUST00035,P3,Refund,General,KYC Service,Email,KYC Ops,Resolved,1.22,12.36,No,2,No
TKT0000973,2025-10-07 18:31:00,2025-10-08 11:32:56,CUST01486,P4,Payment Failure,Technical,Merchant Portal,Email,Engineering,Resolved,2.0,17.03,No,15,No
TKT0000974,2025-12-18 06:37:00,2025-12-19 19:23:56,CUST01373,P4,Settlement,Operational,Merchant Portal,Phone,KYC Ops,Resolved,1.34,36.78,No,11,No
TKT0000975,2025-08-22 13:36:00,2025-08-23 00:07:01,CUST00715,P3,Payment Failure,General,Settlement API,Portal,KYC Ops,Resolved,0.83,10.52,No,5,No
TKT0000976,2025-03-21 10:50:00,2025-03-21 15:17:11,CUST01083,P2,KYC,Technical,KYC Service,Email,L2 Support,Resolved,3.69,4.45,No,3,No
TKT0000977,2025-08-09 12:13:00,2025-08-09 22:19:39,CUST01296,P3,Payment Failure,Technical,Settlement API,Chat,KYC Ops,Resolved,1.17,10.11,No,1,No
TKT0000978,2025-10-16 09:02:00,2025-10-17 02:19:32,CUST02784,P3,Payment Failure,General,Payments,Email,Engineering,Resolved,1.44,17.29,No,23,No
TKT0000979,2025-03-24 10:06:00,2025-03-24 23:22:04,CUST00331,P2,Login,Technical,KYC Service,Phone,Payments Ops,Resolved,0.97,13.27,Yes,90,Yes
TKT0000980,2025-01-13 21:41:00,2025-01-15 03:08:47,CUST00575,P3,Payment Failure,Operational,Wallet,Chat,Payments Ops,Resolved,0.95,29.46,No,4,Yes
TKT0000981,2025-07-11 02:53:00,2025-07-14 10:12:29,CUST01140,P4,Payment Failure,General,Merchant Portal,Portal,L2 Support,Resolved,0.28,79.32,No,15,Yes
TKT0000982,2025-10-24 15:07:00,2025-10-25 03:25:14,CUST00220,P3,Payment Failure,Operational,Settlement API,Phone,KYC Ops,Resolved,1.44,12.3,No,7,No
TKT0000983,2025-05-29 18:00:00,2025-05-30 08:05:43,CUST02632,P3,Settlement,Operational,KYC Service,Portal,L2 Support,Resolved,2.69,14.1,No,6,No
TKT0000984,2025-04-19 23:57:00,2025-04-20 18:42:46,CUST01081,P3,Payment Failure,Operational,Settlement API,Portal,Engineering,Resolved,1.86,18.76,No,3,No
TKT0000985,2025-08-01 18:16:00,2025-08-01 21:50:29,CUST00897,P2,Refund,General,Wallet,Email,L1 Support,Resolved,0.98,3.57,Yes,3,No
TKT0000986,2025-09-30 15:51:00,2025-10-01 18:32:22,CUST00783,P4,Login,General,Wallet,Portal,Payments Ops,Resolved,0.59,26.69,Yes,18,No
TKT0000987,2025-06-05 18:57:00,2025-06-06 02:20:29,CUST01688,P2,Refund,General,Merchant Portal,Chat,Engineering,Resolved,0.55,7.39,No,3,No
TKT0000988,2025-05-09 13:13:00,2025-05-10 14:40:07,CUST02157,P3,Payment Failure,General,KYC Service,Chat,Engineering,Resolved,0.49,25.45,No,16,Yes
TKT0000989,2025-08-15 05:53:00,2025-08-15 12:27:11,CUST02436,P2,API,Technical,Payments,Chat,L1 Support,Resolved,2.71,6.57,No,5,No
TKT0000990,2025-03-28 13:40:00,2025-03-28 18:33:54,CUST02481,P2,Settlement,Operational,Settlement API,Chat,L2 Support,Resolved,2.11,4.9,Yes,5,No
TKT0000991,2025-02-06 05:43:00,2025-02-07 17:58:22,CUST01392,P3,Refund,Operational,Merchant Portal,Portal,KYC Ops,Resolved,0.27,36.26,No,13,Yes
TKT0000992,2025-04-15 06:11:00,2025-04-16 03:03:22,CUST01220,P3,Login,General,Payments,Email,Engineering,Resolved,0.31,20.87,No,1,No
TKT0000993,2025-11-19 22:57:00,2025-11-21 00:07:24,CUST02319,P3,Login,Operational,KYC Service,Chat,L2 Support,Resolved,1.06,25.17,No,9,Yes
TKT0000994,2025-02-14 13:50:00,2025-02-18 01:51:27,CUST02719,P4,Refund,Technical,Merchant Portal,Chat,L2 Support,Resolved,1.4,84.02,No,12,Yes
TKT0000995,2025-06-17 23:35:00,2025-06-18 01:58:54,CUST02968,P1,Refund,General,Wallet,Portal,KYC Ops,Resolved,0.93,2.4,No,68,No
TKT0000996,2025-05-10 09:30:00,2025-05-10 21:25:26,CUST02504,P2,API,General,Wallet,Chat,L2 Support,Resolved,1.07,11.92,Yes,2,Yes
TKT0000997,2025-10-24 14:34:00,2025-10-25 02:01:24,CUST02454,P3,Payment Failure,General,KYC Service,Portal,KYC Ops,Resolved,1.02,11.46,No,9,No
TKT0000998,2025-07-06 12:51:00,2025-07-06 21:04:57,CUST00370,P3,Payment Failure,Technical,KYC Service,Phone,KYC Ops,Resolved,0.92,8.23,No,22,No
TKT0000999,2025-11-23 23:50:00,2025-11-25 09:25:55,CUST02013,P3,Login,General,Settlement API,Portal,Engineering,Resolved,2.49,33.6,No,3,Yes
TKT0001000,2025-01-16 05:09:00,2025-01-16 17:47:51,CUST01075,P4,Settlement,General,Merchant Portal,Portal,KYC Ops,Resolved,0.39,12.65,No,6,No
TKT0001001,2025-02-18 14:01:00,2025-02-19 05:01:54,CUST01120,P4,KYC,Technical,KYC Service,Phone,KYC Ops,Resolved,1.3,15.02,No,26,No
TKT0001002,2025-08-26 11:03:00,2025-08-26 16:38:41,CUST01929,P2,Settlement,General,Wallet,Portal,Payments Ops,Resolved,0.53,5.59,No,5,No
TKT0001003,2025-03-08 09:59:00,2025-03-09 22:26:13,CUST01646,P4,KYC,General,Merchant Portal,Chat,L1 Support,Resolved,0.88,36.45,No,13,No
TKT0001004,2025-05-18 16:34:00,2025-05-18 20:38:30,CUST02487,P2,Settlement,General,Payments,Portal,KYC Ops,Resolved,0.99,4.08,No,7,No
TKT0001005,2025-02-15 20:26:00,2025-02-16 15:47:59,CUST01685,P3,Settlement,General,Wallet,Phone,Payments Ops,Resolved,1.78,19.37,No,6,No
TKT0001006,2025-02-17 11:47:00,2025-02-17 13:10:08,CUST01503,P2,Settlement,Technical,Payments,Phone,L1 Support,Resolved,0.99,1.39,No,12,No
TKT0001007,2025-03-27 11:53:00,2025-03-28 15:28:50,CUST00748,P4,Payment Failure,Operational,Payments,Portal,L1 Support,Resolved,0.6,27.6,Yes,1,No
TKT0001008,2025-09-26 08:42:00,2025-09-29 18:47:26,CUST00926,P4,Payment Failure,Operational,Wallet,Chat,L1 Support,Resolved,0.39,82.09,No,4,Yes
TKT0001009,2025-05-11 06:47:00,2025-05-14 00:33:42,CUST00875,P4,Login,Technical,Settlement API,Phone,Engineering,Resolved,0.47,65.78,Yes,55,Yes
TKT0001010,2025-08-02 10:34:00,2025-08-03 14:45:36,CUST00044,P4,Payment Failure,Operational,Wallet,Email,KYC Ops,Resolved,0.76,28.19,No,2,No
TKT0001011,2025-10-09 17:09:00,2025-10-09 21:28:56,CUST00221,P2,Payment Failure,General,KYC Service,Phone,KYC Ops,Resolved,0.44,4.33,Yes,34,No
TKT0001012,2025-04-17 10:41:00,2025-04-18 14:09:04,CUST02138,P3,KYC,Technical,Merchant Portal,Portal,L2 Support,Resolved,0.85,27.47,No,92,Yes
TKT0001013,2025-06-07 21:18:00,2025-06-08 21:23:50,CUST01871,P3,Payment Failure,Technical,Merchant Portal,Chat,L1 Support,Resolved,0.38,24.1,No,3,Yes
TKT0001014,2025-07-25 04:14:00,2025-07-26 21:55:01,CUST01738,P4,Payment Failure,Operational,Settlement API,Portal,Payments Ops,Resolved,0.75,41.68,No,2,No
TKT0001015,2025-08-10 01:14:00,2025-08-10 04:53:02,CUST02755,P2,Settlement,Technical,Wallet,Phone,Engineering,Resolved,1.17,3.65,No,12,No
TKT0001016,2025-02-13 21:19:00,2025-02-14 12:43:38,CUST01276,P3,Payment Failure,General,Payments,Portal,KYC Ops,Resolved,0.94,15.41,No,5,No
TKT0001017,2025-09-21 16:00:00,2025-09-23 07:59:53,CUST02839,P4,KYC,General,Settlement API,Chat,Payments Ops,Resolved,0.09,40.0,No,2,No
TKT0001018,2025-04-17 03:53:00,2025-04-17 10:08:52,CUST00901,P3,Payment Failure,Operational,KYC Service,Chat,Payments Ops,Resolved,0.54,6.26,Yes,1,No
TKT0001019,2025-12-13 19:57:00,2025-12-14 15:19:05,CUST00607,P4,API,Technical,Wallet,Phone,L1 Support,Resolved,0.74,19.37,No,9,No
TKT0001020,2025-03-19 07:06:00,2025-03-20 16:00:41,CUST02185,P4,Payment Failure,Operational,Payments,Phone,Payments Ops,Resolved,0.71,32.91,No,6,No
TKT0001021,2025-08-24 13:41:00,2025-08-25 05:14:09,CUST01594,P3,Settlement,Technical,Settlement API,Phone,L1 Support,Resolved,0.26,15.55,No,2,No
TKT0001022,2025-12-16 04:49:00,2025-12-16 15:38:29,CUST01318,P3,API,Operational,KYC Service,Chat,Payments Ops,Resolved,0.28,10.82,Yes,31,No
TKT0001023,2025-10-02 17:58:00,2025-10-03 00:19:22,CUST01189,P2,API,Technical,Wallet,Portal,L2 Support,Resolved,0.75,6.36,No,22,No
TKT0001024,2025-07-01 04:46:00,2025-07-01 15:12:38,CUST01606,P3,API,General,Settlement API,Phone,KYC Ops,Resolved,2.72,10.44,No,11,No
TKT0001025,2025-08-04 01:03:00,2025-08-05 11:20:39,CUST02733,P3,Payment Failure,General,Payments,Phone,L1 Support,Resolved,2.68,34.29,Yes,9,Yes
TKT0001026,2025-04-21 21:30:00,2025-04-22 07:39:11,CUST02839,P3,Refund,Technical,Payments,Chat,L2 Support,Resolved,0.96,10.15,Yes,7,No
TKT0001027,2025-07-18 12:48:00,2025-07-19 10:09:52,CUST01349,P3,Payment Failure,Operational,Payments,Phone,L2 Support,Resolved,4.31,21.36,No,1,No
TKT0001028,2025-07-19 04:31:00,2025-07-21 09:25:13,CUST00531,P4,Payment Failure,General,Settlement API,Phone,KYC Ops,Resolved,0.26,52.9,No,1,Yes
TKT0001029,2025-03-31 17:28:00,2025-04-01 09:30:08,CUST00858,P3,KYC,Operational,KYC Service,Chat,L1 Support,Resolved,1.03,16.04,No,9,No
TKT0001030,2025-08-11 07:50:00,2025-08-11 12:17:38,CUST01971,P2,Refund,Technical,Merchant Portal,Email,KYC Ops,Resolved,0.94,4.46,Yes,5,No
TKT0001031,2025-08-21 00:09:00,2025-08-22 03:55:33,CUST02088,P4,Payment Failure,Operational,KYC Service,Phone,Engineering,Resolved,0.39,27.78,No,1,No
TKT0001032,2025-06-03 16:55:00,2025-06-06 00:26:28,CUST02660,P3,Payment Failure,General,Wallet,Phone,Engineering,Resolved,0.78,55.52,Yes,1,Yes
TKT0001033,2025-08-24 20:04:00,2025-08-27 06:52:43,CUST02835,P4,Login,Technical,Settlement API,Phone,L1 Support,Resolved,1.01,58.81,No,7,Yes
TKT0001034,2025-05-15 06:02:00,2025-05-17 01:33:12,CUST00898,P4,KYC,Operational,Merchant Portal,Phone,Payments Ops,Resolved,0.54,43.52,Yes,49,No
TKT0001035,2025-05-08 08:33:00,2025-05-09 12:13:01,CUST01649,P3,Payment Failure,Technical,KYC Service,Phone,L2 Support,Resolved,0.49,27.67,No,5,Yes
TKT0001036,2025-03-28 10:17:00,2025-03-29 16:16:59,CUST00595,P3,Settlement,Operational,Wallet,Portal,KYC Ops,Resolved,0.21,30.0,No,6,Yes
TKT0001037,2025-10-23 02:17:00,2025-10-24 17:00:53,CUST00774,P3,Payment Failure,Technical,KYC Service,Phone,KYC Ops,Resolved,1.5,38.73,Yes,28,Yes
TKT0001038,2025-03-19 14:13:00,2025-03-20 06:33:05,CUST00154,P3,Payment Failure,Operational,Merchant Portal,Portal,KYC Ops,Resolved,1.56,16.33,No,2,No
TKT0001039,2025-03-07 20:19:00,2025-03-09 06:16:18,CUST00953,P4,KYC,Technical,Merchant Portal,Chat,L1 Support,Resolved,2.98,33.96,No,15,No
TKT0001040,2025-10-20 15:58:00,2025-10-21 02:31:30,CUST01082,P3,Settlement,Technical,KYC Service,Chat,L1 Support,Resolved,1.98,10.56,No,20,No
TKT0001041,2025-03-23 17:29:00,2025-03-25 12:39:06,CUST01838,P4,Login,Operational,KYC Service,Email,Engineering,Resolved,0.52,43.17,No,1,No
TKT0001042,2025-11-25 16:48:00,2025-11-28 12:08:44,CUST00487,P4,API,Technical,Payments,Email,Engineering,Resolved,1.23,67.35,No,4,Yes
TKT0001043,2025-05-27 02:47:00,2025-05-30 04:32:19,CUST01930,P4,API,General,Merchant Portal,Chat,Payments Ops,Resolved,0.53,73.76,No,90,Yes
TKT0001044,2025-10-07 16:51:00,2025-10-08 00:43:19,CUST00421,P2,API,Operational,Payments,Email,KYC Ops,Resolved,0.23,7.87,No,1,No
TKT0001045,2025-04-25 05:31:00,2025-04-26 13:22:51,CUST02293,P3,API,Operational,Settlement API,Chat,Engineering,Resolved,0.72,31.86,No,12,Yes
TKT0001046,2025-06-26 09:53:00,2025-06-27 05:09:42,CUST00547,P3,Payment Failure,General,Payments,Phone,Engineering,Resolved,4.66,19.28,No,1,No
TKT0001047,2025-03-08 13:50:00,2025-03-09 02:03:28,CUST01111,P4,Settlement,Technical,Payments,Chat,Engineering,Resolved,1.67,12.22,Yes,3,No
TKT0001048,2025-04-30 12:47:00,2025-05-01 18:04:39,CUST02857,P4,Payment Failure,Technical,Wallet,Portal,Engineering,Resolved,3.88,29.29,No,5,No
TKT0001049,2025-12-30 14:47:00,2025-12-31 08:29:57,CUST02833,P3,Refund,Operational,Wallet,Chat,Payments Ops,Resolved,0.47,17.72,No,1,No
TKT0001050,2025-03-07 08:32:00,2025-03-07 11:18:37,CUST02458,P1,Settlement,Operational,Settlement API,Chat,Engineering,Resolved,3.57,2.78,No,59,No
TKT0001051,2025-12-31 02:53:00,2025-12-31 15:58:58,CUST02402,P4,Settlement,Operational,Settlement API,Email,L1 Support,Resolved,5.85,13.1,No,1,No
TKT0001052,2025-05-29 06:35:00,2025-05-30 02:09:59,CUST02081,P4,Refund,Technical,Payments,Chat,L1 Support,Resolved,0.19,19.58,No,3,No
TKT0001053,2025-09-12 09:43:00,2025-09-14 19:31:16,CUST00185,P4,Settlement,Operational,Merchant Portal,Phone,Engineering,Resolved,0.9,57.8,No,17,Yes
TKT0001054,2025-08-19 01:24:00,2025-08-20 15:29:54,CUST00337,P4,Payment Failure,Operational,Settlement API,Chat,L2 Support,Resolved,0.98,38.1,No,19,No
TKT0001055,2025-07-20 13:19:00,2025-07-20 15:23:15,CUST01577,P1,KYC,Technical,Wallet,Chat,Payments Ops,Resolved,1.73,2.07,No,154,No
TKT0001056,2025-05-23 07:22:00,2025-05-25 11:35:28,CUST01614,P4,API,Operational,KYC Service,Phone,Payments Ops,Resolved,0.51,52.22,No,2,Yes
TKT0001057,2025-11-12 05:14:00,2025-11-12 18:52:47,CUST00470,P3,Refund,General,KYC Service,Portal,KYC Ops,Resolved,1.64,13.65,No,1,No
TKT0001058,2025-12-23 05:17:00,2025-12-24 23:23:29,CUST02655,P4,Payment Failure,Operational,KYC Service,Phone,Payments Ops,Resolved,2.06,42.11,No,2,No
TKT0001059,2025-03-04 13:10:00,2025-03-04 22:03:09,CUST01077,P3,API,General,Settlement API,Email,Engineering,Resolved,2.3,8.89,No,12,No
TKT0001060,2025-09-24 08:10:00,2025-09-24 11:08:03,CUST00140,P1,Payment Failure,Technical,Payments,Phone,Payments Ops,Resolved,1.64,2.97,No,15,No
TKT0001061,2025-09-01 23:54:00,2025-09-02 22:19:42,CUST00705,P3,KYC,General,Settlement API,Portal,L2 Support,Resolved,1.0,22.43,No,1,No
TKT0001062,2025-07-21 20:37:00,2025-07-21 23:39:54,CUST01126,P2,Payment Failure,Operational,Payments,Phone,KYC Ops,Resolved,0.28,3.05,No,18,No
TKT0001063,2025-10-19 15:48:00,2025-10-20 05:44:30,CUST02991,P4,KYC,Operational,Merchant Portal,Chat,Engineering,Resolved,1.2,13.94,No,17,No
TKT0001064,2025-08-20 17:34:00,2025-08-22 10:00:03,CUST01958,P3,KYC,General,Merchant Portal,Email,KYC Ops,Resolved,0.99,40.43,No,27,Yes
TKT0001065,2025-04-15 14:36:00,2025-04-16 08:22:06,CUST02018,P3,Login,General,Merchant Portal,Email,KYC Ops,Resolved,5.41,17.77,No,3,No
TKT0001066,2025-11-11 21:17:00,2025-11-12 11:01:43,CUST02483,P3,API,General,Settlement API,Portal,L1 Support,Resolved,1.43,13.75,No,11,No
TKT0001067,2025-07-07 08:09:00,2025-07-08 07:08:08,CUST01753,P4,API,Technical,Settlement API,Email,Payments Ops,Resolved,1.07,22.99,No,2,No
TKT0001068,2025-08-26 17:34:00,2025-08-28 01:04:15,CUST01797,P4,Payment Failure,General,Merchant Portal,Portal,KYC Ops,Resolved,1.51,31.5,No,9,No
TKT0001069,2025-06-24 06:13:00,2025-06-26 12:13:34,CUST02603,P4,Payment Failure,General,Merchant Portal,Chat,KYC Ops,Resolved,0.7,54.01,No,7,Yes
TKT0001070,2025-08-18 10:20:00,2025-08-19 16:47:01,CUST00894,P3,Login,Technical,KYC Service,Phone,KYC Ops,Resolved,0.67,30.45,No,6,Yes
TKT0001071,2025-10-27 09:11:00,2025-10-28 01:00:05,CUST00418,P3,Login,General,Settlement API,Portal,L1 Support,Resolved,14.27,15.82,No,17,No
TKT0001072,2025-08-15 00:05:00,2025-08-15 04:09:54,CUST02748,P1,API,Operational,Payments,Email,Payments Ops,Resolved,0.76,4.08,Yes,22,Yes
TKT0001073,2025-12-08 21:11:00,2025-12-09 12:17:41,CUST01685,P3,Payment Failure,Technical,KYC Service,Phone,KYC Ops,Resolved,0.37,15.11,No,2,No
TKT0001074,2025-03-13 00:27:00,2025-03-13 23:36:38,CUST00259,P4,KYC,General,Payments,Chat,L2 Support,Resolved,0.37,23.16,No,10,No
TKT0001075,2025-12-29 22:37:00,2025-12-30 12:10:33,CUST02485,P3,Refund,General,Merchant Portal,Email,Engineering,Resolved,2.44,13.56,No,6,No
TKT0001076,2025-11-22 05:44:00,2025-11-22 20:53:57,CUST02843,P3,Login,Operational,Wallet,Email,L1 Support,Resolved,0.37,15.17,No,17,No
TKT0001077,2025-04-26 05:29:00,2025-04-26 17:09:50,CUST00826,P3,Login,Technical,Wallet,Portal,L1 Support,Resolved,0.83,11.68,No,119,No
TKT0001078,2025-03-24 23:58:00,2025-03-27 17:26:46,CUST00845,P3,KYC,Technical,KYC Service,Portal,L2 Support,Resolved,1.94,65.48,No,1,Yes
TKT0001079,2025-04-01 16:47:00,2025-04-02 20:00:45,CUST00001,P4,Payment Failure,Technical,Wallet,Portal,L2 Support,Resolved,1.01,27.23,No,3,No
TKT0001080,2025-02-08 10:33:00,2025-02-08 22:43:06,CUST00052,P3,Refund,General,Settlement API,Email,KYC Ops,Resolved,0.78,12.17,No,1,No
TKT0001081,2025-10-02 19:43:00,2025-10-03 04:02:57,CUST00093,P2,KYC,General,Merchant Portal,Email,L1 Support,Resolved,1.03,8.33,No,2,Yes
TKT0001082,2025-10-28 21:22:00,2025-10-29 09:20:37,CUST02019,P3,KYC,Operational,Settlement API,Phone,L2 Support,Resolved,0.33,11.98,No,16,No
TKT0001083,2025-02-26 20:42:00,2025-02-28 19:15:50,CUST01788,P4,KYC,General,Merchant Portal,Portal,L2 Support,Resolved,0.57,46.56,No,4,No
TKT0001084,2025-06-14 08:31:00,2025-06-15 04:37:46,CUST02315,P4,Payment Failure,Technical,KYC Service,Portal,L2 Support,Resolved,1.19,20.11,No,7,No
TKT0001085,2025-09-19 19:31:00,2025-09-19 23:39:36,CUST02090,P2,Settlement,Technical,KYC Service,Email,L1 Support,Resolved,0.41,4.14,No,15,No
TKT0001086,2025-04-11 14:37:00,2025-04-12 02:05:12,CUST00803,P2,Settlement,General,Settlement API,Email,Engineering,Resolved,2.06,11.47,No,23,Yes
TKT0001087,2025-01-23 15:23:00,2025-01-24 16:35:39,CUST01790,P4,Payment Failure,General,Merchant Portal,Phone,Payments Ops,Resolved,0.71,25.21,No,2,No
TKT0001088,2025-10-07 21:51:00,2025-10-08 14:10:31,CUST01463,P3,Refund,Operational,Wallet,Phone,Engineering,Resolved,1.64,16.33,No,14,No
TKT0001089,2025-02-12 02:44:00,2025-02-12 20:27:31,CUST00164,P3,Payment Failure,General,Wallet,Email,Engineering,Resolved,0.81,17.73,No,3,No
TKT0001090,2025-05-29 06:08:00,2025-05-30 06:10:11,CUST01185,P3,API,Operational,Settlement API,Chat,L1 Support,Resolved,0.75,24.04,No,21,Yes
TKT0001091,2025-03-26 17:33:00,2025-03-26 23:51:15,CUST02288,P2,Payment Failure,Operational,Settlement API,Phone,KYC Ops,Resolved,0.94,6.3,No,4,No
TKT0001092,2025-04-09 17:17:00,2025-04-09 22:46:26,CUST01786,P2,Payment Failure,Technical,Settlement API,Chat,L2 Support,Resolved,1.13,5.49,No,15,No
TKT0001093,2025-08-15 07:52:00,2025-08-16 02:37:52,CUST01178,P4,Payment Failure,General,KYC Service,Chat,Payments Ops,Resolved,2.84,18.76,No,6,No
TKT0001094,2025-01-27 08:06:00,2025-01-28 17:36:41,CUST01407,P3,API,General,Settlement API,Chat,L2 Support,Resolved,2.65,33.51,No,3,Yes
TKT0001095,2025-05-17 14:17:00,2025-05-17 20:26:30,CUST01718,P2,Payment Failure,Operational,Settlement API,Portal,Engineering,Resolved,0.37,6.16,Yes,10,No
TKT0001096,2025-02-01 09:22:00,2025-02-01 17:18:27,CUST02944,P2,KYC,Technical,KYC Service,Chat,Engineering,Resolved,3.82,7.94,No,14,No
TKT0001097,2025-07-30 08:55:00,2025-07-31 10:46:06,CUST01067,P4,API,General,KYC Service,Phone,Engineering,Resolved,0.5,25.85,No,31,No
TKT0001098,2025-06-30 10:19:00,2025-06-30 13:26:00,CUST01251,P2,Login,Technical,Wallet,Email,L1 Support,Resolved,0.65,3.12,No,3,No
TKT0001099,2025-10-19 01:57:00,2025-10-20 01:35:12,CUST02354,P4,Refund,General,Merchant Portal,Portal,Payments Ops,Resolved,1.15,23.64,No,9,No
TKT0001100,2025-06-06 00:57:00,2025-06-06 20:52:06,CUST01872,P3,Login,General,Wallet,Email,Payments Ops,Resolved,0.32,19.92,Yes,26,No
TKT0001101,2025-03-10 23:24:00,2025-03-11 15:45:35,CUST02082,P3,Settlement,Technical,Merchant Portal,Portal,L2 Support,Resolved,0.23,16.36,No,17,No
TKT0001102,2025-12-10 22:47:00,2025-12-12 06:48:03,CUST00541,P3,Payment Failure,Operational,Wallet,Email,Engineering,Resolved,0.56,32.02,No,22,Yes
TKT0001103,2025-09-25 06:45:00,2025-09-26 05:40:57,CUST02490,P4,API,Technical,Payments,Email,KYC Ops,Resolved,0.45,22.93,No,1,No
TKT0001104,2025-03-18 07:14:00,2025-03-20 07:31:54,CUST00303,P4,Payment Failure,Operational,Settlement API,Email,Engineering,Resolved,0.42,48.3,No,7,Yes
TKT0001105,2025-09-18 08:20:00,2025-09-19 16:20:54,CUST01396,P4,Payment Failure,General,Wallet,Portal,Payments Ops,Resolved,1.79,32.02,No,30,No
TKT0001106,2025-03-05 16:32:00,2025-03-05 23:11:09,CUST00951,P2,Payment Failure,Operational,KYC Service,Portal,L1 Support,Resolved,1.18,6.65,No,34,No
TKT0001107,2025-04-06 20:51:00,2025-04-07 21:19:49,CUST02231,P3,API,Technical,KYC Service,Phone,Payments Ops,Resolved,0.52,24.48,Yes,26,Yes
TKT0001108,2025-02-14 01:02:00,2025-02-14 16:41:20,CUST00120,P3,Payment Failure,Technical,Merchant Portal,Email,L1 Support,Resolved,0.18,15.66,No,33,No
TKT0001109,2025-08-04 01:21:00,2025-08-04 17:39:36,CUST01446,P3,Refund,Technical,Merchant Portal,Chat,Payments Ops,Resolved,4.96,16.31,No,2,No
TKT0001110,2025-12-18 11:50:00,2025-12-18 22:33:48,CUST02333,P3,Refund,Technical,Settlement API,Phone,Payments Ops,Resolved,0.86,10.73,No,25,No
TKT0001111,2025-09-05 05:05:00,2025-09-06 11:28:23,CUST02985,P3,KYC,Operational,Settlement API,Phone,L2 Support,Resolved,2.46,30.39,No,2,Yes
TKT0001112,2025-12-29 16:06:00,2025-12-30 01:35:18,CUST01036,P4,Settlement,General,Wallet,Email,Payments Ops,Resolved,1.18,9.49,No,6,No
TKT0001113,2025-02-18 21:15:00,2025-02-20 08:48:16,CUST02048,P3,API,General,Wallet,Portal,L2 Support,Resolved,0.68,35.55,No,13,Yes
TKT0001114,2025-04-03 20:50:00,2025-04-04 06:16:53,CUST02470,P4,Settlement,General,KYC Service,Chat,Payments Ops,Resolved,0.9,9.45,No,16,No
TKT0001115,2025-01-11 21:56:00,2025-01-13 10:36:22,CUST02196,P3,KYC,General,Merchant Portal,Email,Payments Ops,Resolved,1.53,36.67,No,2,Yes
TKT0001116,2025-02-22 02:09:00,2025-02-22 12:08:46,CUST01793,P3,Refund,General,Wallet,Phone,KYC Ops,Resolved,1.43,10.0,No,3,No
TKT0001117,2025-03-14 06:54:00,2025-03-14 22:04:49,CUST02802,P4,Payment Failure,Operational,Payments,Portal,KYC Ops,Resolved,1.29,15.18,No,6,No
TKT0001118,2025-07-28 01:17:00,2025-07-28 13:36:48,CUST01836,P3,Payment Failure,General,KYC Service,Phone,KYC Ops,Resolved,0.66,12.33,No,1,No
TKT0001119,2025-06-08 04:32:00,2025-06-08 17:52:17,CUST01349,P4,Settlement,Technical,Settlement API,Phone,Engineering,Resolved,0.68,13.34,No,4,No
TKT0001120,2025-12-05 06:01:00,2025-12-05 15:32:57,CUST00755,P3,KYC,Technical,Merchant Portal,Chat,Payments Ops,Resolved,0.73,9.53,No,3,No
TKT0001121,2025-03-23 14:16:00,2025-03-26 09:20:01,CUST02660,P4,Login,Operational,KYC Service,Email,L1 Support,Resolved,0.89,67.07,Yes,1,Yes
TKT0001122,2025-11-20 16:12:00,2025-11-21 01:55:13,CUST01767,P3,Login,General,Settlement API,Chat,L2 Support,Resolved,0.58,9.72,No,3,No
TKT0001123,2025-10-17 01:10:00,2025-10-17 05:47:51,CUST00477,P2,API,Technical,KYC Service,Portal,Payments Ops,Resolved,6.98,4.63,No,29,No
TKT0001124,2025-05-07 15:35:00,2025-05-08 14:18:58,CUST01657,P3,KYC,General,Merchant Portal,Phone,L2 Support,Resolved,2.29,22.73,Yes,31,No
TKT0001125,2025-01-12 02:06:00,2025-01-12 07:18:41,CUST01298,P3,Payment Failure,General,Wallet,Email,Engineering,Resolved,1.8,5.21,Yes,1,No
TKT0001126,2025-05-16 20:24:00,2025-05-18 02:31:10,CUST01849,P4,KYC,General,Settlement API,Portal,KYC Ops,Resolved,1.04,30.12,No,1,No
TKT0001127,2025-11-15 04:25:00,2025-11-15 15:32:51,CUST01698,P3,API,Technical,Merchant Portal,Portal,KYC Ops,Resolved,1.72,11.13,No,16,No
TKT0001128,2025-11-26 20:03:00,2025-11-27 01:24:10,CUST01668,P2,Payment Failure,Operational,Payments,Email,KYC Ops,Resolved,1.39,5.35,Yes,6,No
TKT0001129,2025-10-24 12:53:00,2025-10-25 05:11:55,CUST00476,P3,Settlement,Operational,Merchant Portal,Email,KYC Ops,Resolved,2.07,16.32,No,1,No
TKT0001130,2025-05-06 06:10:00,2025-05-06 10:49:32,CUST00101,P1,Login,General,Payments,Portal,KYC Ops,Resolved,1.82,4.66,No,55,Yes
TKT0001131,2025-12-31 10:13:00,2026-01-01 18:34:40,CUST00098,P4,Login,General,Payments,Phone,Payments Ops,Resolved,0.93,32.36,No,24,No
TKT0001132,2025-03-15 18:59:00,2025-03-16 14:39:12,CUST02158,P4,KYC,General,Merchant Portal,Portal,Payments Ops,Resolved,2.96,19.67,No,8,No
TKT0001133,2025-05-06 02:36:00,2025-05-06 09:39:00,CUST02887,P2,Settlement,General,Settlement API,Portal,L2 Support,Resolved,0.61,7.05,No,1,No
TKT0001134,2025-02-12 12:52:00,2025-02-13 19:04:08,CUST00138,P4,Settlement,General,Wallet,Portal,Payments Ops,Resolved,0.99,30.2,No,8,No
TKT0001135,2025-11-26 04:59:00,2025-11-26 07:46:53,CUST02802,P2,Payment Failure,General,Merchant Portal,Email,Engineering,Resolved,0.56,2.8,Yes,21,No
TKT0001136,2025-03-31 15:54:00,2025-04-02 08:02:05,CUST00509,P3,API,General,KYC Service,Phone,L2 Support,Resolved,1.52,40.13,No,7,Yes
TKT0001137,2025-01-31 16:21:00,2025-02-01 15:54:49,CUST02555,P4,Payment Failure,Technical,Wallet,Email,L1 Support,Resolved,1.0,23.56,No,3,No
TKT0001138,2025-02-04 00:11:00,2025-02-04 06:33:56,CUST01309,P2,Payment Failure,Operational,Wallet,Phone,L1 Support,Resolved,1.4,6.38,Yes,29,No
TKT0001139,2025-04-05 10:57:00,2025-04-05 16:06:31,CUST02775,P3,Payment Failure,Technical,Merchant Portal,Chat,L1 Support,Resolved,2.77,5.16,No,12,No
TKT0001140,2025-04-09 06:16:00,2025-04-09 10:11:44,CUST01063,P1,KYC,Operational,Payments,Chat,Payments Ops,Resolved,1.44,3.93,No,75,No
TKT0001141,2025-09-24 04:11:00,2025-09-25 00:56:25,CUST01916,P3,Settlement,General,KYC Service,Portal,L1 Support,Resolved,0.75,20.76,No,4,No
TKT0001142,2025-02-17 08:10:00,2025-02-18 16:30:58,CUST02750,P4,Settlement,General,Merchant Portal,Chat,Engineering,Resolved,0.7,32.35,No,3,No
TKT0001143,2025-04-09 13:34:00,2025-04-09 21:40:09,CUST00319,P3,Payment Failure,Operational,Settlement API,Portal,Payments Ops,Resolved,0.42,8.1,No,83,No
TKT0001144,2025-03-03 16:58:00,2025-03-04 02:03:29,CUST00250,P2,Payment Failure,Technical,Merchant Portal,Phone,Payments Ops,Resolved,3.66,9.09,No,7,Yes
TKT0001145,2025-07-16 03:00:00,2025-07-17 00:36:26,CUST02285,P3,Login,Technical,Settlement API,Phone,L1 Support,Resolved,0.3,21.61,No,25,No
TKT0001146,2025-10-30 18:07:00,2025-10-31 07:35:06,CUST01792,P3,Settlement,Technical,Wallet,Chat,L1 Support,Resolved,0.73,13.47,No,23,No
TKT0001147,2025-01-09 08:57:00,2025-01-10 00:30:55,CUST02058,P3,Login,General,KYC Service,Chat,Payments Ops,Resolved,0.55,15.57,No,27,No
TKT0001148,2025-11-09 19:18:00,2025-11-10 21:40:51,CUST00038,P4,Login,General,Payments,Portal,L1 Support,Resolved,0.29,26.38,No,7,No
TKT0001149,2025-12-30 05:26:00,2025-12-31 00:03:42,CUST00096,P3,KYC,Technical,Merchant Portal,Chat,Engineering,Resolved,0.36,18.63,No,2,No
TKT0001150,2025-02-24 11:08:00,2025-02-25 10:10:07,CUST00546,P4,Payment Failure,General,Settlement API,Email,Engineering,Resolved,0.55,23.04,No,5,No
TKT0001151,2025-07-03 21:14:00,2025-07-04 21:25:57,CUST00709,P4,API,Technical,KYC Service,Email,L2 Support,Resolved,0.32,24.2,No,15,No
TKT0001152,2025-01-05 23:18:00,2025-01-07 02:31:43,CUST00148,P4,Refund,General,Wallet,Portal,Engineering,Resolved,0.57,27.23,No,25,No
TKT0001153,2025-10-07 12:43:00,2025-10-08 05:24:58,CUST02543,P4,Settlement,Technical,Settlement API,Phone,Payments Ops,Resolved,0.89,16.7,No,5,No
TKT0001154,2025-06-15 05:35:00,2025-06-15 18:06:01,CUST00381,P3,API,Operational,Settlement API,Chat,Payments Ops,Resolved,0.22,12.52,No,17,No
TKT0001155,2025-06-19 20:37:00,2025-06-20 20:31:40,CUST02135,P4,Payment Failure,General,Wallet,Chat,Payments Ops,Resolved,1.49,23.91,No,17,No
TKT0001156,2025-10-29 20:35:00,2025-10-31 19:37:19,CUST01229,P4,API,Operational,Wallet,Chat,Engineering,Resolved,1.1,47.04,No,22,No
TKT0001157,2025-11-30 21:59:00,2025-12-02 22:19:29,CUST02878,P4,Settlement,Technical,Settlement API,Email,Engineering,Resolved,1.51,48.34,No,6,Yes
TKT0001158,2025-08-13 10:54:00,2025-08-14 01:51:22,CUST00307,P3,Refund,Operational,Merchant Portal,Portal,L1 Support,Resolved,0.82,14.96,No,1,No
TKT0001159,2025-11-18 17:49:00,2025-11-20 10:29:39,CUST02720,P3,API,Operational,Merchant Portal,Email,L2 Support,Resolved,0.76,40.68,No,4,Yes
TKT0001160,2025-09-08 11:31:00,2025-09-09 09:42:02,CUST01455,P3,API,Operational,Settlement API,Email,L1 Support,Resolved,0.41,22.18,No,6,No
TKT0001161,2025-05-08 11:41:00,2025-05-08 20:01:16,CUST01466,P3,Payment Failure,General,Settlement API,Phone,Engineering,Resolved,0.95,8.34,No,3,No
TKT0001162,2025-01-24 00:32:00,2025-01-24 13:09:33,CUST00646,P3,Payment Failure,Operational,Merchant Portal,Phone,L1 Support,Resolved,0.75,12.63,No,1,No
TKT0001163,2025-11-21 09:53:00,2025-11-22 06:19:47,CUST01165,P4,Login,General,Wallet,Phone,KYC Ops,Resolved,1.11,20.45,No,1,No
TKT0001164,2025-01-27 09:45:00,2025-01-28 03:07:47,CUST00451,P4,Refund,Technical,Merchant Portal,Phone,Payments Ops,Resolved,0.66,17.38,No,5,No
TKT0001165,2025-02-05 08:07:00,2025-02-05 21:15:48,CUST01158,P4,KYC,Technical,Payments,Portal,Engineering,Resolved,1.58,13.15,No,1,No
TKT0001166,2025-07-08 06:26:00,2025-07-09 10:44:10,CUST01048,P3,Settlement,General,KYC Service,Chat,L2 Support,Resolved,3.08,28.3,No,7,Yes
TKT0001167,2025-03-26 23:48:00,2025-03-27 04:34:46,CUST01659,P3,Payment Failure,Technical,Merchant Portal,Chat,Payments Ops,Resolved,4.2,4.78,No,25,No
TKT0001168,2025-05-31 07:55:00,2025-05-31 18:53:47,CUST02414,P3,Refund,Technical,Payments,Portal,Engineering,Resolved,4.02,10.98,No,5,No
TKT0001169,2025-12-12 05:16:00,2025-12-13 07:09:43,CUST01850,P3,Payment Failure,Technical,KYC Service,Portal,KYC Ops,Resolved,1.41,25.9,No,1,Yes
TKT0001170,2025-06-28 15:40:00,2025-06-28 21:30:36,CUST00301,P2,Payment Failure,Technical,Merchant Portal,Portal,Payments Ops,Resolved,1.33,5.84,Yes,7,No
TKT0001171,2025-01-01 14:44:00,2025-01-01 16:47:40,CUST02713,P1,Refund,Operational,KYC Service,Chat,L1 Support,Resolved,0.98,2.06,No,2,No
TKT0001172,2025-11-06 21:42:00,2025-11-08 07:03:36,CUST01174,P4,API,General,Settlement API,Phone,Payments Ops,Resolved,1.84,33.36,No,6,No
TKT0001173,2025-03-16 18:31:00,2025-03-17 03:57:38,CUST01660,P3,Settlement,Operational,KYC Service,Chat,L1 Support,Resolved,0.49,9.44,No,5,No
TKT0001174,2025-05-31 05:22:00,2025-06-01 06:24:33,CUST01462,P4,Settlement,General,Wallet,Portal,KYC Ops,Resolved,1.26,25.04,No,4,No
TKT0001175,2025-03-22 08:33:00,2025-03-22 16:53:14,CUST02111,P3,KYC,Technical,Wallet,Portal,L2 Support,Resolved,1.05,8.34,No,19,No
TKT0001176,2025-09-26 21:03:00,2025-09-27 12:32:48,CUST02423,P3,API,Operational,KYC Service,Portal,L2 Support,Resolved,1.56,15.5,No,3,No
TKT0001177,2025-02-26 10:59:00,2025-02-27 00:15:45,CUST00110,P3,Payment Failure,General,Merchant Portal,Chat,Engineering,Resolved,0.35,13.28,No,31,No
TKT0001178,2025-11-03 23:42:00,2025-11-05 08:43:00,CUST01321,P4,Payment Failure,General,Settlement API,Portal,KYC Ops,Resolved,0.47,33.02,No,8,No
TKT0001179,2025-08-08 02:46:00,2025-08-08 05:16:24,CUST01549,P1,Payment Failure,Technical,Settlement API,Portal,KYC Ops,Resolved,0.8,2.51,No,122,No
TKT0001180,2025-08-04 15:05:00,2025-08-06 01:47:25,CUST02295,P4,Login,Technical,KYC Service,Email,L2 Support,Resolved,0.28,34.71,No,2,No
TKT0001181,2025-09-14 10:35:00,2025-09-14 13:02:33,CUST02395,P2,Login,General,Wallet,Portal,Engineering,Resolved,0.35,2.46,No,44,No
TKT0001182,2025-03-29 04:37:00,2025-04-02 01:36:20,CUST02634,P3,Payment Failure,Operational,Merchant Portal,Email,Payments Ops,Resolved,0.23,92.99,No,2,Yes
TKT0001183,2025-12-04 13:43:00,2025-12-05 13:42:31,CUST00820,P3,KYC,Technical,Merchant Portal,Portal,Engineering,Resolved,0.35,23.99,No,6,No
TKT0001184,2025-01-11 18:09:00,2025-01-13 21:20:32,CUST02311,P4,API,General,Wallet,Email,L1 Support,Resolved,0.44,51.19,No,18,Yes
TKT0001185,2025-09-19 20:38:00,2025-09-20 16:17:45,CUST01002,P3,Login,General,Settlement API,Phone,KYC Ops,Resolved,1.57,19.66,No,16,No
TKT0001186,2025-01-25 08:18:00,2025-01-25 11:27:41,CUST00869,P3,Settlement,Operational,Payments,Chat,L1 Support,Resolved,0.49,3.16,No,5,No
TKT0001187,2025-08-10 00:29:00,2025-08-11 03:32:19,CUST00426,P4,Payment Failure,Operational,Merchant Portal,Email,Payments Ops,Resolved,1.76,27.06,No,1,No
TKT0001188,2025-09-23 21:13:00,2025-09-26 10:15:38,CUST02389,P4,KYC,General,KYC Service,Portal,L1 Support,Resolved,3.88,61.04,No,2,Yes
TKT0001189,2025-11-20 05:08:00,2025-11-21 07:03:41,CUST01072,P3,Refund,General,Wallet,Phone,Payments Ops,Resolved,4.58,25.93,No,9,Yes
TKT0001190,2025-12-05 16:07:00,2025-12-06 11:46:52,CUST02932,P3,KYC,Technical,Settlement API,Email,L1 Support,Resolved,0.28,19.66,No,4,No
TKT0001191,2025-04-01 15:34:00,2025-04-02 22:16:02,CUST02729,P4,Payment Failure,Operational,Wallet,Phone,Engineering,Resolved,1.62,30.7,No,16,No
TKT0001192,2025-02-21 08:41:00,2025-02-22 07:54:19,CUST02248,P3,Payment Failure,Technical,KYC Service,Chat,Engineering,Resolved,1.95,23.22,No,5,No
TKT0001193,2025-04-18 01:00:00,2025-04-18 05:53:56,CUST02223,P2,Refund,General,Settlement API,Chat,L1 Support,Resolved,1.45,4.9,No,4,No
TKT0001194,2025-04-05 03:50:00,2025-04-05 20:43:37,CUST02826,P3,Payment Failure,Operational,Wallet,Chat,L2 Support,Resolved,1.18,16.89,No,1,No
TKT0001195,2025-12-30 01:22:00,2026-01-03 07:04:59,CUST01327,P4,Refund,Operational,Payments,Email,Payments Ops,Resolved,0.36,101.72,No,7,Yes
TKT0001196,2025-09-30 15:11:00,2025-10-01 11:02:52,CUST00690,P3,Payment Failure,Operational,Wallet,Chat,L2 Support,Resolved,0.48,19.86,Yes,4,No
TKT0001197,2025-03-13 04:18:00,2025-03-13 07:45:11,CUST00519,P1,Settlement,Technical,Wallet,Portal,L1 Support,Resolved,0.75,3.45,No,27,No
TKT0001198,2025-06-27 18:51:00,2025-07-03 12:05:23,CUST02190,P4,Login,Technical,Wallet,Portal,Engineering,Resolved,1.51,137.24,No,2,Yes
TKT0001199,2025-06-21 16:32:00,2025-06-22 11:41:53,CUST01747,P4,Payment Failure,General,Merchant Portal,Phone,L2 Support,Resolved,0.91,19.16,No,8,No
TKT0001200,2025-03-01 05:05:00,2025-03-04 00:11:27,CUST01383,P4,Refund,Operational,Merchant Portal,Phone,Engineering,Resolved,1.71,67.11,No,4,Yes
TKT0001201,2025-03-21 17:20:00,2025-03-22 16:21:16,CUST00250,P3,Settlement,General,Wallet,Phone,Engineering,Resolved,1.48,23.02,No,16,No
TKT0001202,2025-09-27 00:54:00,2025-09-27 13:28:22,CUST00269,P3,Login,Operational,Payments,Chat,L1 Support,Resolved,0.28,12.57,No,11,No
TKT0001203,2025-12-14 02:17:00,2025-12-16 13:17:14,CUST02737,P3,Payment Failure,Operational,Wallet,Email,KYC Ops,Resolved,1.6,59.0,No,68,Yes
TKT0001204,2025-12-20 11:24:00,2025-12-21 11:38:15,CUST01454,P3,Settlement,General,Merchant Portal,Chat,L2 Support,Resolved,0.3,24.24,No,11,Yes
TKT0001205,2025-10-31 17:51:00,2025-11-01 03:08:02,CUST02302,P3,Payment Failure,Technical,Wallet,Chat,L1 Support,Resolved,0.54,9.28,Yes,2,No
TKT0001206,2025-11-28 13:43:00,2025-11-30 22:38:38,CUST00117,P4,API,General,Wallet,Portal,Payments Ops,Resolved,0.83,56.93,No,15,Yes
TKT0001207,2025-06-17 16:39:00,2025-06-19 00:11:26,CUST02602,P4,Settlement,Operational,KYC Service,Portal,L2 Support,Resolved,1.96,31.54,No,8,No
TKT0001208,2025-09-22 12:34:00,2025-09-22 13:44:59,CUST02150,P1,Payment Failure,General,Settlement API,Chat,L1 Support,Resolved,0.67,1.18,Yes,8,No
TKT0001209,2025-11-24 17:05:00,2025-11-26 02:05:19,CUST00679,P3,API,Operational,Payments,Chat,Engineering,Resolved,1.13,33.01,No,2,Yes
TKT0001210,2025-12-28 05:08:00,2025-12-28 07:38:46,CUST02993,P1,Login,Technical,Merchant Portal,Portal,L1 Support,Resolved,1.08,2.51,Yes,4,No
TKT0001211,2025-02-18 03:12:00,2025-02-18 13:33:31,CUST01209,P3,Payment Failure,Technical,Merchant Portal,Phone,Engineering,Resolved,1.01,10.36,No,1,No
TKT0001212,2025-04-21 17:11:00,2025-04-22 13:52:33,CUST01849,P4,KYC,Technical,Wallet,Portal,L1 Support,Resolved,0.65,20.69,No,7,No
TKT0001213,2025-11-17 06:11:00,2025-11-19 10:18:51,CUST01863,P4,Refund,General,KYC Service,Email,L2 Support,Resolved,2.51,52.13,Yes,11,Yes
TKT0001214,2025-11-29 07:52:00,2025-11-29 22:00:59,CUST01957,P3,Login,Technical,Payments,Email,L1 Support,Resolved,0.74,14.15,No,4,No
TKT0001215,2025-08-25 06:21:00,2025-08-26 14:39:07,CUST02977,P3,Refund,Technical,Payments,Email,L2 Support,Resolved,0.75,32.3,No,1,Yes
TKT0001216,2025-01-30 07:44:00,2025-01-31 04:28:02,CUST02352,P3,Settlement,Operational,Payments,Email,L1 Support,Resolved,0.61,20.73,No,3,No
TKT0001217,2025-07-12 05:48:00,2025-07-12 09:31:31,CUST02540,P1,Refund,Operational,Payments,Phone,KYC Ops,Resolved,1.46,3.73,No,312,No
TKT0001218,2025-07-09 22:29:00,2025-07-10 05:39:52,CUST00205,P2,Payment Failure,Technical,Payments,Email,Payments Ops,Resolved,0.17,7.18,No,13,No
TKT0001219,2025-07-23 18:58:00,2025-07-24 19:16:59,CUST02962,P4,KYC,Operational,Wallet,Chat,L1 Support,Resolved,0.4,24.32,No,6,No
TKT0001220,2025-03-02 00:34:00,2025-03-02 11:28:52,CUST02485,P4,Payment Failure,Technical,KYC Service,Phone,Payments Ops,Resolved,0.22,10.91,No,4,No
TKT0001221,2025-12-08 10:01:00,2025-12-10 09:27:41,CUST00443,P4,Refund,Technical,Payments,Phone,Engineering,Resolved,1.14,47.44,No,16,No
TKT0001222,2025-10-06 01:27:00,2025-10-06 02:31:09,CUST01228,P2,Payment Failure,General,Wallet,Email,Engineering,Resolved,0.85,1.07,No,3,No
TKT0001223,2025-04-05 04:27:00,2025-04-07 10:56:08,CUST02266,P3,Payment Failure,General,Payments,Portal,Payments Ops,Resolved,0.7,54.49,Yes,5,Yes
TKT0001224,2025-03-06 12:32:00,2025-03-06 19:23:17,CUST00850,P3,Payment Failure,General,Payments,Chat,Engineering,Resolved,4.24,6.85,No,29,No
TKT0001225,2025-02-13 15:35:00,2025-02-13 23:55:11,CUST01009,P4,Payment Failure,Technical,Settlement API,Chat,Engineering,Resolved,1.32,8.34,No,8,No
TKT0001226,2025-05-04 10:33:00,2025-05-04 16:55:55,CUST01883,P3,Payment Failure,General,Payments,Chat,Engineering,Resolved,0.88,6.38,No,5,No
TKT0001227,2025-06-30 01:55:00,2025-07-01 06:21:33,CUST00269,P3,API,Technical,KYC Service,Email,Payments Ops,Resolved,1.23,28.44,No,47,Yes
TKT0001228,2025-11-02 08:17:00,2025-11-05 04:09:48,CUST02063,P4,API,Operational,Wallet,Portal,KYC Ops,Resolved,2.21,67.88,No,3,Yes
TKT0001229,2025-02-08 19:37:00,2025-02-09 02:26:57,CUST01231,P2,Payment Failure,Technical,KYC Service,Portal,Payments Ops,Resolved,0.46,6.83,Yes,3,No
TKT0001230,2025-11-23 05:16:00,2025-11-23 15:46:31,CUST00224,P3,API,Operational,Payments,Portal,KYC Ops,Resolved,0.69,10.51,No,1,No
TKT0001231,2025-05-22 15:50:00,2025-05-23 03:24:29,CUST01337,P2,API,General,Wallet,Chat,L1 Support,Resolved,0.16,11.57,No,7,Yes
TKT0001232,2025-06-30 00:23:00,2025-07-01 08:30:31,CUST00278,P3,Payment Failure,Technical,Payments,Portal,KYC Ops,Resolved,0.63,32.13,No,3,Yes
TKT0001233,2025-09-20 01:55:00,2025-09-20 04:50:48,CUST02750,P2,KYC,General,Payments,Email,L1 Support,Resolved,0.35,2.93,No,10,No
TKT0001234,2025-07-16 11:19:00,2025-07-17 20:00:13,CUST00220,P4,Refund,Technical,Settlement API,Email,Engineering,Resolved,1.66,32.69,No,14,No
TKT0001235,2025-02-22 21:03:00,2025-02-22 22:02:23,CUST01794,P1,Payment Failure,General,KYC Service,Email,L2 Support,Resolved,1.32,0.99,No,26,No
TKT0001236,2025-07-02 08:20:00,2025-07-04 05:06:54,CUST00592,P4,Payment Failure,Technical,Merchant Portal,Email,Payments Ops,Resolved,0.74,44.78,No,7,No
TKT0001237,2025-02-20 19:51:00,2025-02-21 07:20:55,CUST00130,P3,Payment Failure,Technical,KYC Service,Portal,Engineering,Resolved,4.27,11.5,Yes,16,No
TKT0001238,2025-03-09 13:13:00,2025-03-10 07:54:42,CUST01188,P3,API,Operational,Wallet,Email,Engineering,Resolved,1.04,18.7,No,5,No
TKT0001239,2025-08-03 08:01:00,2025-08-03 17:34:32,CUST02237,P3,Payment Failure,General,Merchant Portal,Email,KYC Ops,Resolved,0.35,9.56,Yes,1,No
TKT0001240,2025-03-14 07:09:00,2025-03-16 05:37:40,CUST01659,P4,Refund,General,Payments,Chat,Payments Ops,Resolved,0.96,46.48,No,10,No
TKT0001241,2025-11-17 13:05:00,2025-11-20 22:43:02,CUST02406,P4,Payment Failure,Technical,Payments,Phone,L1 Support,Resolved,0.82,81.63,No,13,Yes
TKT0001242,2025-05-28 11:22:00,2025-05-29 09:35:48,CUST02465,P3,Payment Failure,Technical,KYC Service,Portal,L1 Support,Resolved,0.18,22.23,No,17,No
TKT0001243,2025-01-28 21:56:00,2025-01-29 17:49:21,CUST02318,P3,Login,General,Wallet,Phone,L2 Support,Resolved,1.0,19.89,No,30,No
TKT0001244,2025-01-25 04:20:00,2025-01-26 06:33:25,CUST01306,P4,API,General,Wallet,Portal,KYC Ops,Resolved,0.83,26.22,No,3,No
TKT0001245,2025-06-29 02:13:00,2025-06-29 11:03:59,CUST01127,P3,KYC,Technical,Wallet,Portal,L2 Support,Resolved,1.29,8.85,No,21,No
TKT0001246,2025-02-09 12:58:00,2025-02-10 05:01:04,CUST00496,P3,Refund,Operational,KYC Service,Email,L2 Support,Resolved,0.32,16.05,No,8,No
TKT0001247,2025-01-29 01:31:00,2025-01-30 07:42:06,CUST00708,P3,Refund,Operational,Wallet,Email,Engineering,Resolved,2.2,30.19,No,22,Yes
TKT0001248,2025-09-15 12:28:00,2025-09-16 00:28:33,CUST00851,P3,Refund,General,Merchant Portal,Email,L2 Support,Resolved,1.02,12.01,No,2,No
TKT0001249,2025-01-15 09:36:00,2025-01-16 01:42:49,CUST00047,P3,Settlement,General,Merchant Portal,Phone,L2 Support,Resolved,0.28,16.11,No,3,No
TKT0001250,2025-03-03 10:13:00,2025-03-04 01:20:45,CUST00620,P3,Payment Failure,General,Merchant Portal,Chat,L1 Support,Resolved,9.03,15.13,No,11,No
TKT0001251,2025-09-16 08:06:00,2025-09-17 18:50:37,CUST02312,P3,API,Technical,KYC Service,Email,Engineering,Resolved,0.43,34.74,No,9,Yes
TKT0001252,2025-10-05 02:02:00,2025-10-05 16:42:09,CUST01749,P3,API,Technical,Payments,Portal,KYC Ops,Resolved,0.6,14.67,No,13,No
TKT0001253,2025-06-09 01:35:00,2025-06-10 16:27:57,CUST02142,P4,Login,Operational,Merchant Portal,Phone,Payments Ops,Resolved,0.63,38.88,No,10,No
TKT0001254,2025-06-02 18:22:00,2025-06-02 21:25:40,CUST02952,P1,Payment Failure,Technical,Settlement API,Chat,L1 Support,Resolved,1.0,3.06,Yes,52,No
TKT0001255,2025-04-16 12:12:00,2025-04-17 05:13:08,CUST00988,P3,KYC,General,Settlement API,Phone,L2 Support,Resolved,5.17,17.02,No,3,No
TKT0001256,2025-06-28 18:47:00,2025-06-29 13:42:04,CUST00432,P3,Payment Failure,Operational,Settlement API,Portal,KYC Ops,Resolved,1.97,18.92,No,24,No
TKT0001257,2025-07-15 15:32:00,2025-07-17 00:42:42,CUST02310,P4,Settlement,General,Payments,Portal,Payments Ops,Resolved,1.42,33.18,No,9,No
TKT0001258,2025-07-29 10:11:00,2025-07-31 07:00:25,CUST02791,P4,Settlement,Technical,Wallet,Chat,KYC Ops,Resolved,0.89,44.82,Yes,6,No
TKT0001259,2025-09-08 07:25:00,2025-09-09 03:41:44,CUST02017,P4,Login,General,KYC Service,Phone,Payments Ops,Resolved,0.55,20.28,No,6,No
TKT0001260,2025-07-12 09:30:00,2025-07-17 08:19:59,CUST02682,P4,API,Operational,Merchant Portal,Email,L1 Support,Resolved,0.78,118.83,Yes,2,Yes
TKT0001261,2025-09-08 05:30:00,2025-09-08 13:53:15,CUST02010,P3,KYC,General,Merchant Portal,Portal,Payments Ops,Resolved,1.18,8.39,No,20,No
TKT0001262,2025-04-20 15:21:00,2025-04-22 06:52:55,CUST01101,P3,Settlement,Operational,Wallet,Phone,Engineering,Resolved,0.77,39.53,No,6,Yes
TKT0001263,2025-08-11 04:10:00,2025-08-12 04:58:30,CUST00177,P4,Settlement,Operational,Wallet,Phone,Engineering,Resolved,0.32,24.81,No,6,No
TKT0001264,2025-07-05 01:29:00,2025-07-05 22:05:51,CUST01400,P3,Settlement,General,Wallet,Email,L1 Support,Resolved,0.59,20.61,No,6,No
TKT0001265,2025-06-21 16:04:00,2025-06-22 19:34:20,CUST02964,P3,Payment Failure,Technical,KYC Service,Phone,KYC Ops,Resolved,0.77,27.51,No,1,Yes
TKT0001266,2025-04-10 07:39:00,2025-04-10 22:53:55,CUST02457,P4,Refund,Operational,Settlement API,Portal,Payments Ops,Resolved,0.5,15.25,No,8,No
TKT0001267,2025-03-27 20:22:00,2025-03-28 02:38:47,CUST02734,P2,API,Operational,Merchant Portal,Portal,Payments Ops,Resolved,0.52,6.28,Yes,5,No
TKT0001268,2025-10-10 10:35:00,2025-10-11 08:17:38,CUST02009,P4,Login,General,Merchant Portal,Email,Payments Ops,Resolved,0.72,21.71,No,2,No
TKT0001269,2025-03-25 07:32:00,2025-03-26 18:39:16,CUST01246,P4,API,Technical,Settlement API,Email,L2 Support,Resolved,1.72,35.12,Yes,18,No
TKT0001270,2025-07-28 20:38:00,2025-07-29 15:11:58,CUST02063,P2,API,Technical,Settlement API,Portal,Payments Ops,Resolved,2.69,18.57,Yes,7,Yes
TKT0001271,2025-10-11 01:32:00,2025-10-11 17:42:19,CUST00371,P2,Login,General,Merchant Portal,Phone,KYC Ops,Resolved,2.32,16.17,Yes,4,Yes
TKT0001272,2025-06-02 07:54:00,2025-06-02 10:09:40,CUST02438,P2,Login,General,KYC Service,Portal,L2 Support,Resolved,0.97,2.26,No,5,No
TKT0001273,2025-06-11 08:05:00,2025-06-11 18:36:38,CUST02156,P2,API,General,KYC Service,Chat,L2 Support,Resolved,0.3,10.53,Yes,1,Yes
TKT0001274,2025-07-26 04:07:00,2025-07-29 17:35:02,CUST01206,P4,API,Technical,Payments,Phone,L2 Support,Resolved,1.17,85.47,No,7,Yes
TKT0001275,2025-09-21 04:11:00,2025-09-22 07:22:52,CUST00262,P3,Refund,General,Wallet,Chat,Engineering,Resolved,1.36,27.2,No,10,Yes
TKT0001276,2025-07-10 15:43:00,2025-07-10 21:39:42,CUST01695,P2,Payment Failure,Technical,Payments,Chat,Payments Ops,Resolved,0.64,5.95,Yes,3,No
TKT0001277,2025-04-19 20:36:00,2025-04-22 04:23:36,CUST02934,P4,Settlement,Technical,Wallet,Portal,L2 Support,Resolved,1.99,55.79,No,3,Yes
TKT0001278,2025-04-04 22:46:00,2025-04-05 05:27:38,CUST01021,P3,Payment Failure,Operational,KYC Service,Email,Payments Ops,Resolved,2.62,6.69,No,48,No
TKT0001279,2025-04-15 02:04:00,2025-04-16 04:22:51,CUST02303,P3,Login,General,Merchant Portal,Chat,Payments Ops,Resolved,2.79,26.31,No,3,Yes
TKT0001280,2025-07-02 00:42:00,2025-07-04 09:01:26,CUST02921,P4,Payment Failure,General,Wallet,Portal,Engineering,Resolved,1.43,56.32,No,11,Yes
TKT0001281,2025-12-16 04:56:00,2025-12-17 17:47:09,CUST00811,P4,Settlement,General,Wallet,Chat,L1 Support,Resolved,1.01,36.85,No,6,No
TKT0001282,2025-02-08 09:17:00,2025-02-08 17:13:38,CUST00389,P2,Payment Failure,Technical,Wallet,Phone,L1 Support,Resolved,2.17,7.94,Yes,2,No
TKT0001283,2025-01-18 21:32:00,2025-01-20 17:29:32,CUST02943,P4,Login,General,Payments,Portal,Payments Ops,Resolved,2.77,43.96,No,3,No
TKT0001284,2025-01-11 09:09:00,2025-01-11 23:29:58,CUST02259,P3,Login,General,Payments,Portal,L2 Support,Resolved,0.18,14.35,No,5,No
TKT0001285,2025-02-04 02:06:00,2025-02-04 16:28:27,CUST00642,P3,API,Operational,Wallet,Phone,L2 Support,Resolved,1.3,14.37,No,1,No
TKT0001286,2025-05-19 09:20:00,2025-05-20 10:26:17,CUST00429,P4,Payment Failure,Technical,Settlement API,Phone,L1 Support,Resolved,0.8,25.1,No,13,No
TKT0001287,2025-11-12 13:34:00,2025-11-13 00:08:00,CUST02364,P4,API,Operational,KYC Service,Email,L1 Support,Resolved,0.89,10.57,No,3,No
TKT0001288,2025-12-29 12:50:00,2025-12-29 23:23:36,CUST01250,P2,API,Operational,Merchant Portal,Email,L2 Support,Resolved,1.81,10.56,Yes,47,Yes
TKT0001289,2025-01-13 21:15:00,2025-01-14 22:01:46,CUST02220,P4,Refund,Operational,Merchant Portal,Phone,L2 Support,Resolved,0.11,24.78,No,5,No
TKT0001290,2025-02-09 05:42:00,2025-02-09 15:10:01,CUST00006,P2,KYC,General,KYC Service,Chat,L2 Support,Resolved,1.58,9.47,Yes,10,Yes
TKT0001291,2025-03-30 20:32:00,2025-03-31 22:17:09,CUST01696,P4,Payment Failure,Technical,Wallet,Phone,Payments Ops,Resolved,0.31,25.75,No,1,No
TKT0001292,2025-08-01 21:26:00,2025-08-02 10:26:17,CUST00834,P2,API,General,Wallet,Email,L2 Support,Resolved,1.04,13.0,No,13,Yes
TKT0001293,2025-08-20 08:44:00,2025-08-20 17:39:50,CUST02369,P3,Login,Technical,Settlement API,Chat,Engineering,Resolved,0.66,8.93,No,1,No
TKT0001294,2025-11-19 20:55:00,2025-11-21 09:56:46,CUST00919,P3,Login,Operational,Wallet,Email,L2 Support,Resolved,0.95,37.03,No,5,Yes
TKT0001295,2025-05-26 04:03:00,2025-05-26 08:22:59,CUST02216,P2,Settlement,Technical,Wallet,Chat,Engineering,Resolved,1.03,4.33,No,1,No
TKT0001296,2025-04-11 12:37:00,2025-04-11 16:44:50,CUST01961,P1,Settlement,General,KYC Service,Phone,KYC Ops,Resolved,0.2,4.13,No,33,Yes
TKT0001297,2025-05-16 21:05:00,2025-05-17 10:44:42,CUST01139,P2,Settlement,Operational,KYC Service,Phone,L2 Support,Resolved,0.79,13.66,No,2,Yes
TKT0001298,2025-08-08 17:55:00,2025-08-11 01:44:15,CUST01410,P3,API,Technical,Settlement API,Chat,Engineering,Resolved,0.5,55.82,Yes,1,Yes
TKT0001299,2025-11-11 07:53:00,2025-11-11 19:37:44,CUST00942,P3,Login,Technical,Merchant Portal,Chat,KYC Ops,Resolved,3.03,11.75,No,52,No
TKT0001300,2025-03-16 09:58:00,2025-03-16 12:41:43,CUST02306,P2,Payment Failure,Technical,Payments,Chat,L2 Support,Resolved,0.62,2.73,No,16,No
TKT0001301,2025-10-01 14:56:00,2025-10-01 22:33:34,CUST00442,P2,KYC,General,Settlement API,Phone,L2 Support,Resolved,1.73,7.63,Yes,6,No
TKT0001302,2025-06-18 21:46:00,2025-06-19 11:06:38,CUST02110,P3,API,Technical,Wallet,Email,KYC Ops,Resolved,1.32,13.34,No,5,No
TKT0001303,2025-01-02 09:44:00,2025-01-02 11:53:27,CUST02823,P2,KYC,Technical,Wallet,Portal,L1 Support,Resolved,1.27,2.16,No,2,No
TKT0001304,2025-03-28 21:35:00,2025-03-29 10:29:04,CUST00520,P4,Payment Failure,General,Settlement API,Email,Engineering,Resolved,0.58,12.9,No,1,No
TKT0001305,2025-09-18 21:10:00,2025-09-20 13:01:40,CUST01890,P4,KYC,General,Settlement API,Chat,L1 Support,Resolved,0.74,39.86,No,12,No
TKT0001306,2025-10-25 15:55:00,2025-10-28 17:53:25,CUST00160,P4,Settlement,Technical,Payments,Chat,L2 Support,Resolved,0.24,73.97,No,9,Yes
TKT0001307,2025-09-16 07:00:00,2025-09-17 08:37:20,CUST00731,P4,Login,Operational,Wallet,Chat,Payments Ops,Resolved,0.6,25.62,No,12,No
TKT0001308,2025-05-21 07:01:00,2025-05-22 17:47:10,CUST00617,P4,KYC,Operational,Settlement API,Phone,KYC Ops,Resolved,7.0,34.77,No,3,No
TKT0001309,2025-02-21 02:34:00,2025-02-21 06:17:23,CUST00184,P2,Payment Failure,Technical,Wallet,Portal,L2 Support,Resolved,0.45,3.72,Yes,3,No
TKT0001310,2025-06-14 00:31:00,2025-06-14 14:40:30,CUST02514,P3,Payment Failure,General,Wallet,Email,Engineering,Resolved,1.79,14.16,No,13,No
TKT0001311,2025-05-16 21:05:00,2025-05-16 22:24:22,CUST00927,P1,Payment Failure,Operational,Wallet,Email,KYC Ops,Resolved,0.24,1.32,No,19,No
TKT0001312,2025-06-15 03:10:00,2025-06-15 08:49:23,CUST00222,P2,KYC,General,Settlement API,Email,Payments Ops,Resolved,3.71,5.66,No,3,No
TKT0001313,2025-12-21 03:48:00,2025-12-21 23:45:19,CUST02955,P3,Refund,General,KYC Service,Chat,Engineering,Resolved,2.53,19.96,No,11,No
TKT0001314,2025-03-16 00:36:00,2025-03-16 03:31:05,CUST02089,P1,KYC,Technical,Settlement API,Chat,L2 Support,Resolved,0.24,2.92,No,13,No
TKT0001315,2025-09-18 10:21:00,2025-09-19 01:13:17,CUST02547,P2,Settlement,Technical,Wallet,Phone,L1 Support,Resolved,0.39,14.87,No,9,Yes
TKT0001316,2025-12-09 01:00:00,2025-12-10 07:28:54,CUST02174,P3,Settlement,Operational,Settlement API,Phone,L2 Support,Resolved,1.32,30.48,No,26,Yes
TKT0001317,2025-09-03 02:24:00,2025-09-03 23:10:37,CUST01591,P3,KYC,Technical,Wallet,Chat,Engineering,Resolved,0.8,20.78,No,22,No
TKT0001318,2025-08-10 22:20:00,2025-08-12 06:44:25,CUST02269,P4,Login,Technical,Merchant Portal,Chat,L2 Support,Resolved,0.28,32.41,No,1,No
TKT0001319,2025-06-04 05:53:00,2025-06-05 03:35:04,CUST00519,P3,Payment Failure,Technical,Payments,Phone,Engineering,Resolved,0.38,21.7,No,5,No
TKT0001320,2025-08-27 00:05:00,2025-08-29 09:02:45,CUST02920,P4,API,Operational,Settlement API,Email,L2 Support,Resolved,0.44,56.96,No,10,Yes
TKT0001321,2025-07-26 05:38:00,2025-07-27 05:11:16,CUST01972,P3,Payment Failure,Operational,Merchant Portal,Phone,L2 Support,Resolved,2.83,23.55,No,29,No
TKT0001322,2025-06-06 16:33:00,2025-06-07 10:30:59,CUST02303,P4,Refund,Operational,Wallet,Email,KYC Ops,Resolved,0.74,17.97,No,16,No
TKT0001323,2025-09-14 00:40:00,2025-09-15 06:43:20,CUST02427,P4,KYC,Operational,Merchant Portal,Phone,KYC Ops,Resolved,1.39,30.06,No,9,No
TKT0001324,2025-11-04 08:32:00,2025-11-04 10:07:03,CUST00766,P1,KYC,Operational,Wallet,Phone,Engineering,Resolved,0.89,1.58,No,27,No
TKT0001325,2025-02-22 15:27:00,2025-02-25 01:04:13,CUST00062,P4,KYC,General,Wallet,Portal,KYC Ops,Resolved,1.45,57.62,Yes,6,Yes
TKT0001326,2025-02-08 20:17:00,2025-02-08 23:34:20,CUST02725,P2,Payment Failure,Operational,KYC Service,Phone,L2 Support,Resolved,1.85,3.29,Yes,1,No
TKT0001327,2025-10-31 10:15:00,2025-10-31 11:48:26,CUST00111,P1,API,Technical,Settlement API,Chat,L2 Support,Resolved,0.48,1.56,No,124,No
TKT0001328,2025-08-24 15:31:00,2025-08-26 08:23:00,CUST01531,P4,KYC,General,Wallet,Email,L1 Support,Resolved,1.96,40.87,No,10,No
TKT0001329,2025-10-14 02:21:00,2025-10-14 17:02:55,CUST02615,P2,Payment Failure,Operational,Payments,Chat,KYC Ops,Resolved,1.16,14.7,No,1,Yes
TKT0001330,2025-09-28 02:23:00,2025-09-28 03:49:00,CUST02585,P1,Payment Failure,General,Settlement API,Email,Payments Ops,Resolved,0.93,1.43,No,9,No
TKT0001331,2025-09-03 20:41:00,2025-09-04 01:23:28,CUST00208,P2,Payment Failure,General,Wallet,Email,L1 Support,Resolved,0.62,4.71,Yes,14,No
TKT0001332,2025-08-15 11:16:00,2025-08-15 15:28:09,CUST01556,P2,Settlement,Technical,KYC Service,Email,L2 Support,Resolved,0.74,4.2,No,6,No
TKT0001333,2025-11-02 23:38:00,2025-11-05 09:34:58,CUST01590,P3,API,Operational,Settlement API,Chat,L1 Support,Resolved,0.98,57.95,Yes,5,Yes
TKT0001334,2025-07-26 14:11:00,2025-07-27 04:11:12,CUST01564,P4,Login,General,Payments,Portal,Payments Ops,Resolved,1.58,14.0,No,18,No
TKT0001335,2025-07-25 07:26:00,2025-07-27 01:53:54,CUST02003,P4,Payment Failure,Operational,Settlement API,Chat,L1 Support,Resolved,0.23,42.47,Yes,17,No
TKT0001336,2025-05-05 23:27:00,2025-05-06 10:57:41,CUST02014,P2,API,Operational,Merchant Portal,Phone,L2 Support,Resolved,0.5,11.51,Yes,6,Yes
TKT0001337,2025-09-06 13:25:00,2025-09-07 05:57:05,CUST02339,P4,Refund,General,Payments,Portal,L2 Support,Resolved,0.17,16.53,No,22,No
TKT0001338,2025-03-31 10:49:00,2025-04-01 07:11:40,CUST00455,P3,Login,General,Settlement API,Portal,L2 Support,Resolved,2.36,20.38,No,35,No
TKT0001339,2025-07-04 01:04:00,2025-07-04 07:38:07,CUST02984,P2,Refund,General,KYC Service,Chat,Engineering,Resolved,0.59,6.57,No,3,No
TKT0001340,2025-07-17 00:05:00,2025-07-17 17:49:45,CUST01313,P3,API,Operational,Payments,Chat,Engineering,Resolved,0.26,17.75,No,9,No
TKT0001341,2025-03-06 05:04:00,2025-03-08 17:40:13,CUST00149,P4,Settlement,Operational,Wallet,Email,KYC Ops,Resolved,0.37,60.6,No,27,Yes
TKT0001342,2025-08-05 18:52:00,2025-08-06 21:02:18,CUST01908,P4,Refund,General,Settlement API,Phone,L2 Support,Resolved,0.86,26.17,Yes,1,No
TKT0001343,2025-02-28 04:16:00,2025-03-03 04:21:48,CUST02265,P4,Payment Failure,Operational,Wallet,Phone,L1 Support,Resolved,0.85,72.1,No,4,Yes
TKT0001344,2025-07-11 12:40:00,2025-07-13 06:07:41,CUST00391,P4,Settlement,Operational,KYC Service,Email,KYC Ops,Resolved,0.11,41.46,Yes,15,No
TKT0001345,2025-02-13 14:10:00,2025-02-15 01:37:12,CUST01979,P4,Payment Failure,Technical,KYC Service,Email,L2 Support,Resolved,0.9,35.45,No,5,No
TKT0001346,2025-07-10 01:24:00,2025-07-10 14:42:20,CUST02090,P3,API,General,Settlement API,Chat,Engineering,Resolved,0.82,13.31,No,4,No
TKT0001347,2025-05-31 09:54:00,2025-05-31 13:57:03,CUST01552,P2,Settlement,Operational,KYC Service,Portal,KYC Ops,Resolved,0.72,4.05,No,33,No
TKT0001348,2025-04-24 05:55:00,2025-04-25 02:40:03,CUST02592,P4,Payment Failure,General,Merchant Portal,Phone,Engineering,Resolved,0.65,20.75,No,27,No
TKT0001349,2025-04-27 12:27:00,2025-04-27 21:53:48,CUST01929,P3,Refund,Technical,Wallet,Portal,Payments Ops,Resolved,0.65,9.45,No,5,No
TKT0001350,2025-08-09 15:42:00,2025-08-10 01:39:28,CUST01532,P2,API,Technical,Wallet,Email,L2 Support,Resolved,0.26,9.96,No,10,Yes
TKT0001351,2025-03-08 10:14:00,2025-03-08 14:26:49,CUST00926,P3,KYC,General,KYC Service,Portal,Engineering,Resolved,0.2,4.21,No,3,No
TKT0001352,2025-01-02 05:48:00,2025-01-02 21:31:06,CUST00554,P4,Payment Failure,General,Payments,Phone,Engineering,Resolved,1.91,15.72,No,214,No
TKT0001353,2025-01-16 19:06:00,2025-01-17 14:35:08,CUST01783,P3,Refund,General,KYC Service,Chat,Payments Ops,Resolved,1.19,19.49,No,6,No
TKT0001354,2025-01-02 21:27:00,2025-01-03 14:58:43,CUST00895,P3,Payment Failure,General,Wallet,Email,KYC Ops,Resolved,0.39,17.53,No,5,No
TKT0001355,2025-05-03 18:23:00,2025-05-07 09:23:54,CUST02325,P4,Payment Failure,General,Merchant Portal,Chat,Payments Ops,Resolved,1.23,87.02,No,1,Yes
TKT0001356,2025-12-07 09:04:00,2025-12-09 17:38:10,CUST00183,P3,Refund,Technical,Merchant Portal,Chat,Engineering,Resolved,0.12,56.57,No,41,Yes
TKT0001357,2025-02-02 22:10:00,2025-02-03 21:32:53,CUST00836,P4,KYC,General,Settlement API,Portal,L2 Support,Resolved,1.72,23.38,Yes,11,No
TKT0001358,2025-07-12 06:53:00,2025-07-12 10:22:51,CUST02965,P2,Settlement,General,Wallet,Chat,L1 Support,Resolved,0.47,3.5,No,37,No
TKT0001359,2025-01-12 06:37:00,2025-01-13 03:41:57,CUST01445,P3,Payment Failure,Technical,Settlement API,Email,Engineering,Resolved,3.04,21.08,No,4,No
TKT0001360,2025-04-12 23:18:00,2025-04-14 01:52:59,CUST02990,P4,Login,Operational,KYC Service,Chat,KYC Ops,Resolved,2.64,26.58,No,3,No
TKT0001361,2025-04-23 20:57:00,2025-04-24 04:22:41,CUST02921,P3,Refund,General,Settlement API,Email,KYC Ops,Resolved,0.68,7.43,Yes,1,No
TKT0001362,2025-05-16 00:43:00,2025-05-16 11:02:20,CUST00578,P3,Settlement,General,Merchant Portal,Portal,L2 Support,Resolved,5.46,10.32,No,16,No
TKT0001363,2025-03-06 16:56:00,2025-03-07 06:08:04,CUST02255,P4,KYC,Operational,Payments,Email,KYC Ops,Resolved,0.64,13.2,No,1,No
TKT0001364,2025-07-09 04:16:00,2025-07-09 18:35:19,CUST01203,P3,KYC,Technical,KYC Service,Email,L1 Support,Resolved,5.6,14.32,No,6,No
TKT0001365,2025-04-25 09:14:00,2025-04-26 10:13:33,CUST02084,P3,Settlement,Technical,Payments,Chat,L2 Support,Resolved,0.15,24.99,No,7,Yes
TKT0001366,2025-01-03 20:48:00,2025-01-06 00:16:17,CUST01017,P4,Settlement,General,Wallet,Phone,L1 Support,Resolved,2.4,51.47,No,1,Yes
TKT0001367,2025-03-04 01:13:00,2025-03-06 00:12:26,CUST01201,P4,Payment Failure,General,Merchant Portal,Phone,L2 Support,Resolved,2.75,46.99,No,2,No
TKT0001368,2025-08-24 14:16:00,2025-08-25 02:30:57,CUST02037,P3,Payment Failure,Operational,Settlement API,Email,KYC Ops,Resolved,4.31,12.25,No,4,No
TKT0001369,2025-07-07 19:42:00,2025-07-08 15:53:26,CUST02328,P4,Settlement,Technical,Payments,Phone,KYC Ops,Resolved,0.59,20.19,No,2,No
TKT0001370,2025-06-21 16:55:00,2025-06-22 06:54:22,CUST01111,P3,KYC,Operational,Settlement API,Phone,L1 Support,Resolved,0.4,13.99,No,10,No
TKT0001371,2025-07-02 09:59:00,2025-07-04 04:06:57,CUST02891,P4,KYC,General,Payments,Chat,L2 Support,Resolved,1.25,42.13,No,3,No
TKT0001372,2025-03-13 07:08:00,2025-03-13 23:36:59,CUST00620,P3,Payment Failure,Technical,Wallet,Chat,Engineering,Resolved,1.08,16.48,No,12,No
TKT0001373,2025-10-30 18:38:00,2025-10-31 16:01:13,CUST01951,P3,Payment Failure,General,Wallet,Portal,Payments Ops,Resolved,1.08,21.39,No,18,No
TKT0001374,2025-04-12 02:32:00,2025-04-13 14:18:29,CUST01829,P4,API,Technical,Payments,Portal,L2 Support,Resolved,0.43,35.77,No,6,No
TKT0001375,2025-01-22 11:08:00,2025-01-24 20:55:16,CUST01321,P4,Payment Failure,Technical,KYC Service,Portal,Engineering,Resolved,0.48,57.79,No,5,Yes
TKT0001376,2025-10-15 10:48:00,2025-10-16 06:03:48,CUST02477,P3,Payment Failure,Technical,Settlement API,Portal,L2 Support,Resolved,0.82,19.26,No,17,No
TKT0001377,2025-11-06 21:49:00,2025-11-07 08:57:03,CUST02990,P3,KYC,Technical,Payments,Email,L1 Support,Resolved,0.6,11.13,No,1,No
TKT0001378,2025-06-21 10:17:00,2025-06-22 16:26:00,CUST00038,P4,Settlement,Operational,Merchant Portal,Email,L1 Support,Resolved,1.89,30.15,No,27,No
TKT0001379,2025-07-10 16:07:00,2025-07-11 19:36:03,CUST00669,P4,Payment Failure,Technical,Payments,Email,Engineering,Resolved,3.45,27.48,Yes,30,No
TKT0001380,2025-01-15 10:48:00,2025-01-15 11:59:40,CUST02007,P1,Payment Failure,Technical,Settlement API,Chat,L2 Support,Resolved,1.2,1.19,Yes,12,No
TKT0001381,2025-10-02 12:56:00,2025-10-02 21:58:04,CUST02016,P3,KYC,Operational,Wallet,Chat,L1 Support,Resolved,1.06,9.03,No,10,No
TKT0001382,2025-08-10 04:41:00,2025-08-10 10:34:34,CUST01535,P2,KYC,General,Wallet,Email,L2 Support,Resolved,1.14,5.89,No,4,No
TKT0001383,2025-08-30 09:24:00,2025-08-30 23:35:46,CUST01660,P3,API,General,Settlement API,Phone,L2 Support,Resolved,1.59,14.2,No,12,No
TKT0001384,2025-09-06 22:12:00,2025-09-07 09:34:09,CUST01636,P4,Refund,Operational,Payments,Phone,L1 Support,Resolved,0.33,11.37,No,22,No
TKT0001385,2025-01-16 03:26:00,2025-01-16 06:05:20,CUST01862,P1,Settlement,Technical,Settlement API,Portal,Payments Ops,Resolved,0.39,2.66,No,70,No
TKT0001386,2025-11-24 07:16:00,2025-11-25 05:31:29,CUST01573,P4,Settlement,Technical,Merchant Portal,Phone,Payments Ops,Resolved,0.82,22.26,No,10,No
TKT0001387,2025-05-28 19:50:00,2025-05-31 05:44:51,CUST01236,P4,Login,General,Settlement API,Email,L1 Support,Resolved,1.96,57.91,No,3,Yes
TKT0001388,2025-01-24 07:41:00,2025-01-24 20:52:22,CUST01655,P3,API,General,Wallet,Chat,L1 Support,Resolved,0.18,13.19,No,5,No
TKT0001389,2025-11-11 04:22:00,2025-11-11 18:34:45,CUST01214,P4,Login,Operational,Settlement API,Phone,Payments Ops,Resolved,2.24,14.21,No,1,No
TKT0001390,2025-09-21 14:38:00,2025-09-22 15:58:48,CUST01492,P3,API,Operational,Wallet,Email,Payments Ops,Resolved,1.39,25.35,No,2,Yes
TKT0001391,2025-05-01 03:43:00,2025-05-01 05:50:01,CUST02074,P2,Refund,Technical,Wallet,Portal,Payments Ops,Resolved,1.26,2.12,Yes,7,No
TKT0001392,2025-04-03 22:38:00,2025-04-05 19:09:12,CUST02879,P4,KYC,Technical,Merchant Portal,Phone,L1 Support,Resolved,1.01,44.52,No,1,No
TKT0001393,2025-01-24 06:30:00,2025-01-24 09:41:59,CUST00027,P1,API,General,Settlement API,Email,Engineering,Resolved,1.7,3.2,No,6,No
TKT0001394,2025-05-30 05:01:00,2025-05-30 06:49:47,CUST00710,P2,Refund,General,Merchant Portal,Email,Payments Ops,Resolved,0.46,1.81,Yes,7,No
TKT0001395,2025-03-14 07:04:00,2025-03-14 09:30:43,CUST02498,P3,KYC,General,Settlement API,Portal,Payments Ops,Resolved,0.45,2.45,No,1,No
TKT0001396,2025-09-19 10:20:00,2025-09-21 13:53:41,CUST00321,P3,API,Technical,Merchant Portal,Portal,L1 Support,Resolved,2.16,51.56,No,1,Yes
TKT0001397,2025-11-29 17:26:00,2025-11-30 03:05:27,CUST02446,P3,KYC,General,Merchant Portal,Chat,Engineering,Resolved,0.81,9.66,No,1,No
TKT0001398,2025-01-07 13:23:00,2025-01-08 03:07:15,CUST02509,P3,Login,Operational,Payments,Phone,KYC Ops,Resolved,0.84,13.74,No,12,No
TKT0001399,2025-03-05 05:53:00,2025-03-05 08:38:08,CUST01531,P1,API,General,Wallet,Phone,KYC Ops,Resolved,1.02,2.75,No,368,No
TKT0001400,2025-09-15 18:42:00,2025-09-16 13:31:45,CUST00898,P4,Refund,General,Wallet,Portal,L1 Support,Resolved,1.37,18.83,No,1,No
TKT0001401,2025-02-21 07:23:00,2025-02-21 12:52:09,CUST01854,P2,Payment Failure,Operational,Settlement API,Portal,L2 Support,Resolved,1.71,5.49,Yes,10,No
TKT0001402,2025-01-30 22:45:00,2025-01-31 05:57:32,CUST02547,P2,KYC,General,Wallet,Email,L2 Support,Resolved,0.27,7.21,No,92,No
TKT0001403,2025-10-03 09:00:00,2025-10-04 14:39:34,CUST00138,P3,Login,Technical,Wallet,Portal,Engineering,Resolved,3.53,29.66,No,1,Yes
TKT0001404,2025-05-22 05:51:00,2025-05-22 14:03:46,CUST01791,P2,Login,Operational,Wallet,Email,KYC Ops,Resolved,0.43,8.21,Yes,3,Yes
TKT0001405,2025-05-19 16:31:00,2025-05-20 05:58:04,CUST02901,P3,KYC,Technical,KYC Service,Email,Engineering,Resolved,0.34,13.45,No,1,No
TKT0001406,2025-01-25 17:18:00,2025-01-26 11:16:12,CUST01362,P3,Payment Failure,Technical,Merchant Portal,Email,L1 Support,Resolved,5.61,17.97,No,10,No
TKT0001407,2025-10-03 17:13:00,2025-10-05 09:12:18,CUST01450,P4,Payment Failure,Technical,KYC Service,Chat,L2 Support,Resolved,1.09,39.99,No,4,No
TKT0001408,2025-08-01 08:46:00,2025-08-05 02:21:04,CUST01942,P4,Login,Operational,KYC Service,Chat,Payments Ops,Resolved,0.5,89.58,No,16,Yes
TKT0001409,2025-05-07 14:57:00,2025-05-08 05:58:09,CUST02429,P3,Payment Failure,Operational,Merchant Portal,Portal,Payments Ops,Resolved,0.44,15.02,No,7,No
TKT0001410,2025-06-06 06:03:00,2025-06-06 16:37:25,CUST00567,P4,Payment Failure,Operational,Merchant Portal,Chat,Payments Ops,Resolved,4.0,10.57,No,13,No
TKT0001411,2025-09-26 08:01:00,2025-09-27 12:39:17,CUST02598,P4,Payment Failure,Technical,Payments,Email,KYC Ops,Resolved,0.42,28.64,No,6,No
TKT0001412,2025-06-03 20:16:00,2025-06-04 05:22:49,CUST02117,P3,Login,Operational,Merchant Portal,Email,Payments Ops,Resolved,0.51,9.11,No,23,No
TKT0001413,2025-11-21 04:42:00,2025-11-22 16:58:21,CUST01085,P3,Settlement,Operational,Merchant Portal,Portal,L1 Support,Resolved,1.02,36.27,Yes,1,Yes
TKT0001414,2025-04-14 17:05:00,2025-04-15 23:56:19,CUST00040,P3,Payment Failure,Operational,Merchant Portal,Email,Engineering,Resolved,0.22,30.86,No,3,Yes
TKT0001415,2025-06-04 17:12:00,2025-06-06 10:41:39,CUST02071,P4,Settlement,Operational,Wallet,Chat,Payments Ops,Resolved,0.32,41.49,No,4,No
TKT0001416,2025-07-18 16:14:00,2025-07-20 03:13:14,CUST02886,P3,Settlement,Technical,Settlement API,Phone,Engineering,Resolved,1.72,34.99,No,9,Yes
TKT0001417,2025-04-16 23:20:00,2025-04-18 07:24:48,CUST02207,P4,KYC,Operational,Wallet,Phone,Payments Ops,Resolved,0.52,32.08,No,17,No
TKT0001418,2025-07-29 01:03:00,2025-07-29 05:52:25,CUST00565,P2,Login,Technical,KYC Service,Chat,L1 Support,Resolved,0.41,4.82,No,119,No
TKT0001419,2025-06-11 10:46:00,2025-06-12 18:27:51,CUST02469,P4,KYC,Operational,Settlement API,Portal,Engineering,Resolved,0.87,31.7,No,12,No
TKT0001420,2025-10-18 13:25:00,2025-10-19 01:20:30,CUST01163,P3,Payment Failure,Technical,Settlement API,Chat,L1 Support,Resolved,1.7,11.93,No,7,No
TKT0001421,2025-04-18 22:38:00,2025-04-19 11:26:53,CUST02837,P2,API,Technical,KYC Service,Portal,KYC Ops,Resolved,0.67,12.81,No,6,Yes
TKT0001422,2025-01-21 18:50:00,2025-01-22 01:07:49,CUST00236,P3,Settlement,General,Wallet,Chat,Payments Ops,Resolved,1.04,6.3,No,6,No
TKT0001423,2025-09-06 13:52:00,2025-09-06 23:37:57,CUST00483,P4,KYC,Technical,Wallet,Phone,L2 Support,Resolved,0.52,9.77,No,75,No
TKT0001424,2025-10-19 17:18:00,2025-10-21 04:53:12,CUST02986,P3,Login,General,Wallet,Email,L2 Support,Resolved,0.33,35.59,No,5,Yes
TKT0001425,2025-08-29 22:21:00,2025-08-30 18:25:39,CUST00452,P4,Payment Failure,Operational,Wallet,Email,L2 Support,Resolved,1.07,20.08,No,123,No
TKT0001426,2025-08-17 16:37:00,2025-08-18 07:26:16,CUST01993,P4,API,Operational,Settlement API,Chat,Engineering,Resolved,2.5,14.82,No,3,No
TKT0001427,2025-12-24 03:43:00,2025-12-25 06:14:31,CUST00995,P3,API,General,Settlement API,Email,Engineering,Resolved,0.42,26.53,No,3,Yes
TKT0001428,2025-07-17 01:37:00,2025-07-17 13:14:03,CUST02646,P4,Payment Failure,Operational,Wallet,Portal,L1 Support,Resolved,0.56,11.62,No,39,No
TKT0001429,2025-02-26 23:19:00,2025-02-27 16:10:20,CUST02500,P4,Payment Failure,General,Settlement API,Phone,Engineering,Resolved,2.49,16.86,No,9,No
TKT0001430,2025-10-03 05:39:00,2025-10-04 01:43:36,CUST01758,P4,Refund,Operational,Settlement API,Email,Engineering,Resolved,0.33,20.08,No,15,No
TKT0001431,2025-11-03 18:52:00,2025-11-04 04:40:54,CUST00059,P2,API,Operational,Settlement API,Phone,Payments Ops,Resolved,0.62,9.82,No,4,Yes
TKT0001432,2025-10-02 07:50:00,2025-10-02 11:03:52,CUST00323,P1,Payment Failure,Operational,Wallet,Phone,Payments Ops,Resolved,0.31,3.23,No,5,No
TKT0001433,2025-03-12 18:19:00,2025-03-14 00:33:23,CUST01538,P4,Payment Failure,General,Settlement API,Portal,Engineering,Resolved,0.65,30.24,No,14,No
TKT0001434,2025-09-24 21:27:00,2025-09-25 07:28:16,CUST00676,P3,Login,Operational,KYC Service,Phone,L1 Support,Resolved,1.89,10.02,No,2,No
TKT0001435,2025-04-10 20:29:00,2025-04-12 00:13:32,CUST01687,P3,Payment Failure,Operational,Payments,Email,Payments Ops,Resolved,0.66,27.74,No,18,Yes
TKT0001436,2025-11-29 17:04:00,2025-11-30 05:21:01,CUST01698,P3,Login,Technical,Wallet,Phone,KYC Ops,Resolved,1.22,12.28,No,2,No
TKT0001437,2025-07-25 15:44:00,2025-07-26 10:13:40,CUST01613,P3,Payment Failure,Operational,Payments,Email,L1 Support,Resolved,0.49,18.49,No,2,No
TKT0001438,2025-03-18 02:29:00,2025-03-18 04:12:47,CUST00566,P1,Login,Technical,Wallet,Chat,Engineering,Resolved,0.23,1.73,No,16,No
TKT0001439,2025-03-11 15:10:00,2025-03-12 06:53:50,CUST02561,P3,Settlement,General,Settlement API,Phone,Payments Ops,Resolved,0.33,15.73,No,27,No
TKT0001440,2025-11-22 00:10:00,2025-11-23 10:01:30,CUST00776,P4,Payment Failure,General,Settlement API,Phone,Payments Ops,Resolved,1.42,33.86,No,8,No
TKT0001441,2025-06-23 00:18:00,2025-06-24 07:24:14,CUST02532,P3,Refund,Operational,Wallet,Chat,KYC Ops,Resolved,1.0,31.1,No,21,Yes
TKT0001442,2025-05-04 09:05:00,2025-05-04 12:08:42,CUST01628,P1,KYC,Operational,Wallet,Chat,Engineering,Resolved,2.56,3.06,Yes,7,No
TKT0001443,2025-09-03 23:55:00,2025-09-04 06:43:47,CUST00796,P3,Login,General,Wallet,Portal,L2 Support,Resolved,0.51,6.81,No,32,No
TKT0001444,2025-04-05 14:54:00,2025-04-07 12:13:48,CUST00898,P4,KYC,Technical,Wallet,Email,Payments Ops,Resolved,2.6,45.33,Yes,2,No
TKT0001445,2025-12-28 20:28:00,2025-12-29 05:27:05,CUST00747,P3,Payment Failure,Operational,Payments,Email,KYC Ops,Resolved,1.31,8.98,No,4,No
TKT0001446,2025-12-14 04:48:00,2025-12-15 19:13:14,CUST02790,P3,Payment Failure,Technical,KYC Service,Portal,Payments Ops,Resolved,0.8,38.42,No,20,Yes
TKT0001447,2025-11-12 02:13:00,2025-11-12 11:18:11,CUST01017,P3,Refund,Operational,KYC Service,Phone,Engineering,Resolved,1.68,9.09,No,1,No
TKT0001448,2025-12-21 05:04:00,2025-12-21 17:15:35,CUST02845,P3,Payment Failure,Technical,Settlement API,Email,L2 Support,Resolved,0.77,12.19,No,2,No
TKT0001449,2025-11-07 22:04:00,2025-11-09 23:57:37,CUST01626,P4,API,Operational,KYC Service,Email,Payments Ops,Resolved,0.71,49.89,No,2,Yes
TKT0001450,2025-11-13 15:04:00,2025-11-14 03:57:25,CUST01670,P2,Payment Failure,Operational,KYC Service,Portal,KYC Ops,Resolved,1.04,12.89,No,13,Yes
TKT0001451,2025-09-08 15:21:00,2025-09-10 22:08:03,CUST00631,P4,Payment Failure,Operational,KYC Service,Email,L2 Support,Resolved,0.9,54.78,No,1,Yes
TKT0001452,2025-05-25 08:29:00,2025-05-27 05:25:02,CUST00789,P4,KYC,Operational,Payments,Portal,L2 Support,Resolved,2.52,44.93,No,13,No
TKT0001453,2025-08-20 00:53:00,2025-08-23 00:41:54,CUST02757,P4,API,General,Payments,Phone,Payments Ops,Resolved,2.12,71.82,No,9,Yes
TKT0001454,2025-02-17 18:30:00,2025-02-18 07:08:10,CUST01292,P3,Login,General,Merchant Portal,Chat,L2 Support,Resolved,2.08,12.64,No,19,No
TKT0001455,2025-07-23 10:32:00,2025-07-23 19:22:20,CUST00250,P3,Payment Failure,Technical,Payments,Chat,Payments Ops,Resolved,0.46,8.84,No,7,No
TKT0001456,2025-07-06 03:36:00,2025-07-06 23:27:28,CUST01821,P4,Refund,General,Payments,Email,KYC Ops,Resolved,1.75,19.86,No,6,No
TKT0001457,2025-10-09 03:24:00,2025-10-09 12:24:22,CUST00830,P3,Login,Operational,Merchant Portal,Phone,L1 Support,Resolved,0.47,9.01,No,28,No
TKT0001458,2025-04-27 23:37:00,2025-04-29 05:39:17,CUST01978,P3,KYC,Operational,Merchant Portal,Portal,L2 Support,Resolved,1.21,30.04,No,5,Yes
TKT0001459,2025-04-25 12:16:00,2025-04-27 04:42:19,CUST00633,P4,KYC,Operational,Wallet,Chat,Engineering,Resolved,0.38,40.44,No,3,No
TKT0001460,2025-04-06 12:37:00,2025-04-06 23:55:36,CUST02104,P4,KYC,General,Settlement API,Phone,Engineering,Resolved,0.17,11.31,No,6,No
TKT0001461,2025-03-13 21:29:00,2025-03-15 00:02:20,CUST01067,P4,Refund,Technical,Payments,Phone,Engineering,Resolved,1.55,26.56,No,4,No
TKT0001462,2025-09-06 21:53:00,2025-09-09 01:09:20,CUST00202,P3,Login,General,Wallet,Email,L2 Support,Resolved,0.2,51.27,No,26,Yes
TKT0001463,2025-08-24 17:02:00,2025-08-25 20:29:44,CUST02139,P3,Login,General,Wallet,Portal,Engineering,Resolved,0.39,27.46,No,3,Yes
TKT0001464,2025-03-03 06:56:00,2025-03-03 11:02:33,CUST00846,P2,KYC,General,Merchant Portal,Phone,Engineering,Resolved,1.59,4.11,No,4,No
TKT0001465,2025-08-26 23:29:00,2025-08-27 09:24:04,CUST01595,P2,Payment Failure,Operational,KYC Service,Email,Payments Ops,Resolved,1.64,9.92,No,2,Yes
TKT0001466,2025-05-08 03:02:00,2025-05-08 13:03:22,CUST02926,P3,API,Technical,Settlement API,Email,L1 Support,Resolved,0.15,10.02,No,10,No
TKT0001467,2025-10-03 04:52:00,2025-10-03 16:03:55,CUST00250,P3,KYC,General,Merchant Portal,Chat,L2 Support,Resolved,0.62,11.2,No,3,No
TKT0001468,2025-02-21 08:03:00,2025-02-22 15:22:49,CUST01460,P3,Refund,Operational,KYC Service,Portal,Engineering,Resolved,0.46,31.33,No,3,Yes
TKT0001469,2025-11-03 00:18:00,2025-11-04 10:07:29,CUST00619,P3,API,General,Merchant Portal,Email,L1 Support,Resolved,0.71,33.82,No,13,Yes
TKT0001470,2025-10-09 05:12:00,2025-10-09 13:30:29,CUST01316,P2,Payment Failure,Technical,Settlement API,Chat,Engineering,Resolved,0.93,8.31,No,16,Yes
TKT0001471,2025-07-01 14:54:00,2025-07-02 16:21:47,CUST01734,P3,KYC,Technical,KYC Service,Portal,Payments Ops,Resolved,0.24,25.46,No,10,Yes
TKT0001472,2025-12-10 14:53:00,2025-12-11 15:00:44,CUST02745,P4,Login,General,Merchant Portal,Chat,Payments Ops,Resolved,1.95,24.13,No,1,No
TKT0001473,2025-06-02 22:00:00,2025-06-03 14:14:11,CUST02549,P3,Refund,General,KYC Service,Chat,L2 Support,Resolved,0.33,16.24,No,1,No
TKT0001474,2025-04-04 22:07:00,2025-04-05 06:27:33,CUST01278,P2,Login,Technical,Wallet,Phone,Payments Ops,Resolved,3.04,8.34,No,13,Yes
TKT0001475,2025-01-11 11:50:00,2025-01-17 08:03:08,CUST00790,P4,KYC,Technical,Settlement API,Portal,KYC Ops,Resolved,0.56,140.22,Yes,91,Yes
TKT0001476,2025-02-03 10:52:00,2025-02-03 22:06:23,CUST00588,P3,Payment Failure,Operational,Wallet,Portal,L2 Support,Resolved,0.95,11.24,No,2,No
TKT0001477,2025-04-20 11:50:00,2025-04-22 15:01:47,CUST01970,P4,KYC,Operational,Payments,Portal,L2 Support,Resolved,1.41,51.2,No,21,Yes
TKT0001478,2025-03-24 05:00:00,2025-03-25 16:53:58,CUST02494,P3,Settlement,General,Settlement API,Email,Payments Ops,Resolved,0.96,35.9,No,15,Yes
TKT0001479,2025-02-08 23:27:00,2025-02-09 09:31:06,CUST01572,P3,Payment Failure,Operational,Settlement API,Chat,Engineering,Resolved,0.59,10.07,No,5,No
TKT0001480,2025-01-22 13:46:00,2025-01-23 12:39:30,CUST02673,P4,Payment Failure,General,Wallet,Chat,L1 Support,Resolved,0.52,22.89,No,27,No
TKT0001481,2025-06-29 04:26:00,2025-06-29 06:31:17,CUST02206,P2,Settlement,Technical,Wallet,Chat,L1 Support,Resolved,1.0,2.09,Yes,9,No
TKT0001482,2025-01-03 15:15:00,2025-01-04 00:23:07,CUST00362,P4,KYC,Technical,KYC Service,Email,Engineering,Resolved,1.36,9.14,No,16,No
TKT0001483,2025-01-19 17:53:00,2025-01-21 03:55:01,CUST01016,P4,Login,General,Payments,Email,L2 Support,Resolved,1.34,34.03,No,9,No
TKT0001484,2025-07-22 14:20:00,2025-07-24 04:32:27,CUST01792,P4,Payment Failure,Technical,Merchant Portal,Phone,L2 Support,Resolved,1.99,38.21,No,1,No
TKT0001485,2025-12-24 19:35:00,2025-12-26 01:33:05,CUST01577,P4,API,Operational,KYC Service,Email,Payments Ops,Resolved,0.51,29.97,No,2,No
TKT0001486,2025-01-16 03:38:00,2025-01-17 12:34:07,CUST01695,P3,API,Technical,Wallet,Email,Engineering,Resolved,2.42,32.94,Yes,86,Yes
TKT0001487,2025-11-20 11:54:00,2025-11-21 21:24:38,CUST00966,P4,KYC,Operational,Payments,Portal,Engineering,Resolved,0.65,33.51,No,11,No
TKT0001488,2025-03-01 21:15:00,2025-03-02 01:46:34,CUST00035,P1,Payment Failure,General,Settlement API,Chat,Payments Ops,Resolved,0.45,4.53,Yes,27,Yes
TKT0001489,2025-04-10 02:57:00,2025-04-10 05:33:29,CUST02306,P1,Payment Failure,Technical,Settlement API,Chat,L2 Support,Resolved,2.45,2.61,No,19,No
TKT0001490,2025-12-23 14:46:00,2025-12-24 10:04:38,CUST01375,P4,Payment Failure,Technical,KYC Service,Phone,KYC Ops,Resolved,0.75,19.31,No,126,No
TKT0001491,2025-04-13 07:14:00,2025-04-13 13:01:02,CUST02626,P2,Login,Technical,Settlement API,Phone,Engineering,Resolved,0.28,5.78,No,1,No
TKT0001492,2025-08-17 09:40:00,2025-08-17 17:34:33,CUST02711,P2,Settlement,Technical,Merchant Portal,Email,L2 Support,Resolved,0.39,7.91,No,3,No
TKT0001493,2025-09-01 06:53:00,2025-09-02 01:33:53,CUST01346,P3,Payment Failure,Operational,Settlement API,Portal,L1 Support,Resolved,2.01,18.68,No,2,No
TKT0001494,2025-07-01 19:42:00,2025-07-02 04:12:02,CUST01847,P2,Settlement,General,Wallet,Chat,L2 Support,Resolved,1.87,8.5,Yes,22,Yes
TKT0001495,2025-11-02 08:39:00,2025-11-04 08:14:37,CUST01479,P4,Settlement,Operational,Wallet,Email,Payments Ops,Resolved,0.94,47.59,Yes,21,No
TKT0001496,2025-12-17 04:49:00,2025-12-18 12:58:24,CUST00498,P4,Payment Failure,Technical,Payments,Chat,Payments Ops,Resolved,0.4,32.16,No,3,No
TKT0001497,2025-07-23 02:43:00,2025-07-23 09:08:49,CUST01754,P2,Payment Failure,Technical,Wallet,Portal,KYC Ops,Resolved,1.64,6.43,Yes,13,No
TKT0001498,2025-06-17 13:57:00,2025-06-18 10:18:05,CUST02173,P3,Payment Failure,Technical,Wallet,Portal,Engineering,Resolved,0.83,20.35,No,20,No
TKT0001499,2025-11-13 02:09:00,2025-11-13 10:38:17,CUST00338,P3,Refund,Technical,Payments,Phone,Engineering,Resolved,1.64,8.49,No,16,No
TKT0001500,2025-03-11 18:54:00,2025-03-11 23:11:27,CUST00459,P2,Settlement,Operational,KYC Service,Chat,KYC Ops,Resolved,0.67,4.29,No,25,No
TKT0001501,2025-07-21 16:16:00,2025-07-23 22:54:38,CUST01961,P4,Payment Failure,Technical,KYC Service,Chat,KYC Ops,Resolved,0.56,54.64,No,39,Yes
TKT0001502,2025-12-15 11:39:00,2025-12-15 12:16:46,CUST00341,P1,Login,Operational,KYC Service,Chat,KYC Ops,Resolved,1.46,0.63,Yes,29,No
TKT0001503,2025-06-14 06:12:00,2025-06-15 03:32:16,CUST00687,P3,Payment Failure,Operational,KYC Service,Phone,Payments Ops,Resolved,0.46,21.34,Yes,31,No
TKT0001504,2025-09-12 01:03:00,2025-09-12 09:40:39,CUST01300,P3,Refund,Operational,Payments,Email,KYC Ops,Resolved,2.91,8.63,No,4,No
TKT0001505,2025-08-10 15:05:00,2025-08-11 10:02:30,CUST00303,P3,API,General,Merchant Portal,Portal,Engineering,Resolved,0.17,18.96,No,9,No
TKT0001506,2025-04-29 19:51:00,2025-04-29 22:04:15,CUST02768,P1,Settlement,General,Wallet,Portal,Engineering,Resolved,1.7,2.22,No,25,No
TKT0001507,2025-05-11 21:16:00,2025-05-12 08:13:10,CUST02784,P3,Payment Failure,General,KYC Service,Portal,KYC Ops,Resolved,1.28,10.95,No,8,No
TKT0001508,2025-08-12 00:47:00,2025-08-12 20:28:46,CUST02642,P3,KYC,Technical,Settlement API,Chat,Payments Ops,Resolved,0.2,19.7,No,3,No
TKT0001509,2025-03-26 05:22:00,2025-03-26 16:26:14,CUST02727,P2,Refund,Technical,Payments,Chat,Payments Ops,Resolved,1.16,11.07,Yes,32,Yes
TKT0001510,2025-03-19 19:02:00,2025-03-20 04:13:24,CUST02784,P3,Settlement,Technical,Merchant Portal,Phone,Engineering,Resolved,4.61,9.19,No,5,No
TKT0001511,2025-06-14 15:53:00,2025-06-15 03:48:37,CUST00818,P3,Payment Failure,Operational,KYC Service,Email,Payments Ops,Resolved,0.31,11.93,No,2,No
TKT0001512,2025-01-05 14:21:00,2025-01-05 17:17:23,CUST01369,P2,Refund,Technical,Settlement API,Phone,Payments Ops,Resolved,1.3,2.94,No,7,No
TKT0001513,2025-07-05 19:28:00,2025-07-06 18:25:51,CUST01179,P4,Refund,Operational,Merchant Portal,Phone,KYC Ops,Resolved,1.63,22.96,No,9,No
TKT0001514,2025-07-29 16:57:00,2025-07-31 03:52:22,CUST01092,P3,Login,General,Settlement API,Chat,L1 Support,Resolved,0.92,34.92,Yes,3,Yes
TKT0001515,2025-08-29 22:53:00,2025-08-30 10:17:30,CUST02069,P4,Refund,Technical,Settlement API,Email,Payments Ops,Resolved,0.61,11.41,No,25,No
TKT0001516,2025-03-29 14:47:00,2025-03-31 09:21:14,CUST01933,P4,Settlement,Operational,Settlement API,Chat,Engineering,Resolved,0.61,42.57,No,4,No
TKT0001517,2025-07-14 22:42:00,2025-07-15 07:23:37,CUST01439,P2,API,Operational,Payments,Portal,L1 Support,Resolved,0.89,8.69,No,8,Yes
TKT0001518,2025-05-09 18:17:00,2025-05-10 07:12:06,CUST01589,P3,Settlement,General,KYC Service,Phone,Payments Ops,Resolved,0.26,12.92,No,2,No
TKT0001519,2025-02-04 09:40:00,2025-02-04 20:41:45,CUST01961,P3,Refund,Operational,Settlement API,Phone,Payments Ops,Resolved,0.52,11.03,No,8,No
TKT0001520,2025-12-11 17:12:00,2025-12-12 07:19:50,CUST02145,P3,Payment Failure,Technical,Payments,Phone,KYC Ops,Resolved,0.63,14.13,No,38,No
TKT0001521,2025-04-03 21:07:00,2025-04-06 05:22:51,CUST01847,P4,API,Operational,Merchant Portal,Portal,L1 Support,Resolved,0.69,56.26,No,2,Yes
TKT0001522,2025-12-30 00:56:00,2025-12-31 07:49:21,CUST01970,P3,Payment Failure,Technical,Settlement API,Email,Engineering,Resolved,1.89,30.89,No,5,Yes
TKT0001523,2025-10-21 21:57:00,2025-10-22 21:20:00,CUST01464,P3,Payment Failure,Technical,Payments,Portal,L1 Support,Resolved,1.51,23.38,No,6,No
TKT0001524,2025-12-20 18:09:00,2025-12-22 04:12:35,CUST02391,P4,KYC,Operational,Merchant Portal,Chat,Engineering,Resolved,1.06,34.06,Yes,10,No
TKT0001525,2025-04-28 13:56:00,2025-04-29 12:48:03,CUST00485,P3,API,Operational,KYC Service,Chat,KYC Ops,Resolved,1.35,22.87,No,9,No
TKT0001526,2025-10-25 03:11:00,2025-10-26 18:56:21,CUST00550,P3,API,General,Wallet,Chat,KYC Ops,Resolved,0.62,39.76,No,5,Yes
TKT0001527,2025-05-07 11:55:00,2025-05-10 01:33:38,CUST00830,P4,Refund,General,Merchant Portal,Chat,L2 Support,Resolved,1.29,61.64,No,18,Yes
TKT0001528,2025-09-04 10:34:00,2025-09-04 21:38:25,CUST01079,P3,Settlement,General,Merchant Portal,Phone,L2 Support,Resolved,0.17,11.07,No,13,No
TKT0001529,2025-09-25 06:20:00,2025-09-25 23:47:52,CUST02744,P3,Refund,Operational,KYC Service,Email,Payments Ops,Resolved,0.34,17.46,Yes,28,No
TKT0001530,2025-09-15 11:39:00,2025-09-17 08:48:16,CUST02023,P3,API,Operational,Payments,Email,Payments Ops,Resolved,0.79,45.15,No,13,Yes
TKT0001531,2025-12-27 12:14:00,2025-12-28 13:38:38,CUST00706,P3,API,Technical,Wallet,Chat,L2 Support,Resolved,0.49,25.41,No,11,Yes
TKT0001532,2025-11-15 11:32:00,2025-11-17 03:51:58,CUST00539,P4,Settlement,Technical,KYC Service,Email,L2 Support,Resolved,1.0,40.33,No,34,No
TKT0001533,2025-02-13 13:07:00,2025-02-14 17:16:50,CUST02495,P4,Settlement,Technical,Merchant Portal,Phone,Payments Ops,Resolved,1.74,28.16,No,9,No
TKT0001534,2025-06-25 05:07:00,2025-06-26 01:00:29,CUST01872,P3,Payment Failure,General,Settlement API,Chat,Payments Ops,Resolved,2.25,19.89,No,6,No
TKT0001535,2025-12-16 04:46:00,2025-12-17 11:19:48,CUST00046,P3,Payment Failure,General,KYC Service,Chat,L1 Support,Resolved,2.09,30.56,No,1,Yes
TKT0001536,2025-09-30 15:44:00,2025-09-30 19:45:28,CUST01661,P1,Settlement,General,KYC Service,Phone,L1 Support,Resolved,0.38,4.02,No,6,Yes
TKT0001537,2025-10-22 14:59:00,2025-10-23 19:19:00,CUST01852,P4,Payment Failure,Technical,Settlement API,Email,L1 Support,Resolved,0.34,28.33,No,5,No
TKT0001538,2025-12-12 19:51:00,2025-12-13 13:01:56,CUST02659,P4,Payment Failure,Technical,Wallet,Portal,Engineering,Resolved,1.12,17.18,No,21,No
TKT0001539,2025-06-11 03:22:00,2025-06-11 16:15:50,CUST02110,P3,Login,Technical,Wallet,Portal,Payments Ops,Resolved,1.22,12.9,Yes,7,No
TKT0001540,2025-06-07 12:02:00,2025-06-09 15:48:20,CUST02279,P4,API,General,Payments,Phone,KYC Ops,Resolved,0.67,51.77,No,15,Yes
TKT0001541,2025-11-20 11:32:00,2025-11-22 01:01:12,CUST00367,P3,Settlement,Technical,Merchant Portal,Phone,KYC Ops,Resolved,0.52,37.49,No,1,Yes
TKT0001542,2025-12-07 10:34:00,2025-12-08 04:35:20,CUST00065,P4,Refund,Technical,Settlement API,Email,L2 Support,Resolved,0.21,18.02,No,5,No
TKT0001543,2025-03-20 19:17:00,2025-03-21 01:44:25,CUST02522,P4,KYC,Operational,KYC Service,Phone,KYC Ops,Resolved,0.61,6.46,No,7,No
TKT0001544,2025-03-13 11:36:00,2025-03-14 03:34:30,CUST01954,P3,API,General,Payments,Email,L2 Support,Resolved,0.92,15.98,No,66,No
TKT0001545,2025-07-15 11:00:00,2025-07-16 01:21:56,CUST02133,P3,Refund,Operational,KYC Service,Portal,L2 Support,Resolved,0.42,14.37,Yes,3,No
TKT0001546,2025-08-20 05:43:00,2025-08-20 19:45:54,CUST00363,P3,Refund,General,Payments,Chat,Payments Ops,Resolved,0.35,14.05,No,3,No
TKT0001547,2025-08-16 00:14:00,2025-08-18 14:00:28,CUST02206,P4,Payment Failure,Technical,Wallet,Portal,L2 Support,Resolved,0.32,61.77,Yes,37,Yes
TKT0001548,2025-08-24 15:36:00,2025-08-25 09:24:11,CUST01753,P4,Settlement,General,Merchant Portal,Email,Engineering,Resolved,0.21,17.8,No,2,No
TKT0001549,2025-04-02 19:19:00,2025-04-03 22:33:56,CUST02495,P4,Payment Failure,General,Payments,Phone,Engineering,Resolved,4.04,27.25,No,2,No
TKT0001550,2025-06-06 07:25:00,2025-06-06 16:50:51,CUST02060,P2,Login,Operational,Settlement API,Portal,Engineering,Resolved,1.07,9.43,No,6,Yes
TKT0001551,2025-09-15 11:32:00,2025-09-15 21:37:57,CUST00655,P3,Settlement,Operational,Payments,Email,L1 Support,Resolved,0.63,10.1,No,3,No
TKT0001552,2025-07-31 18:22:00,2025-08-03 17:03:28,CUST01503,P3,Settlement,Technical,Settlement API,Chat,KYC Ops,Resolved,2.14,70.69,No,4,Yes
TKT0001553,2025-04-29 10:38:00,2025-05-01 14:48:00,CUST01009,P4,Settlement,Operational,Payments,Phone,L2 Support,Resolved,0.7,52.17,Yes,4,Yes
TKT0001554,2025-09-20 01:09:00,2025-09-20 08:04:23,CUST00541,P2,API,Operational,Wallet,Portal,Engineering,Resolved,1.92,6.92,Yes,20,No
TKT0001555,2025-07-25 09:42:00,2025-07-25 15:28:06,CUST00363,P2,Settlement,General,KYC Service,Phone,L1 Support,Resolved,0.27,5.77,No,1,No
TKT0001556,2025-12-17 23:49:00,2025-12-19 02:32:34,CUST00182,P4,API,Operational,Payments,Email,L1 Support,Resolved,0.55,26.73,No,13,No
TKT0001557,2025-07-30 14:00:00,2025-07-31 11:53:51,CUST01812,P3,Settlement,Technical,Merchant Portal,Phone,L2 Support,Resolved,0.34,21.9,Yes,4,No
TKT0001558,2025-01-29 16:15:00,2025-01-30 02:00:21,CUST02865,P4,Payment Failure,Operational,KYC Service,Email,L1 Support,Resolved,4.84,9.76,No,6,No
TKT0001559,2025-03-20 16:25:00,2025-03-20 20:45:22,CUST02907,P1,Refund,Operational,KYC Service,Phone,Payments Ops,Resolved,1.12,4.34,No,57,Yes
TKT0001560,2025-10-13 22:51:00,2025-10-14 01:58:06,CUST00011,P2,Login,Operational,Payments,Phone,L1 Support,Resolved,0.48,3.12,No,12,No
TKT0001561,2025-05-17 07:17:00,2025-05-20 02:32:17,CUST02631,P4,Payment Failure,Technical,Wallet,Chat,Payments Ops,Resolved,0.65,67.25,No,8,Yes
TKT0001562,2025-02-17 10:58:00,2025-02-19 11:57:17,CUST02237,P4,Payment Failure,Operational,Wallet,Email,L1 Support,Resolved,0.59,48.99,No,3,Yes
TKT0001563,2025-05-08 17:56:00,2025-05-09 08:18:04,CUST01233,P3,Settlement,Operational,Payments,Chat,L1 Support,Resolved,0.39,14.37,No,4,No
TKT0001564,2025-10-08 13:04:00,2025-10-09 05:30:11,CUST02702,P4,Login,Technical,Merchant Portal,Phone,L1 Support,Resolved,1.41,16.44,Yes,5,No
TKT0001565,2025-11-24 02:47:00,2025-11-24 13:03:28,CUST00863,P3,Payment Failure,General,Payments,Chat,Engineering,Resolved,0.54,10.27,No,2,No
TKT0001566,2025-03-26 01:45:00,2025-03-27 12:46:55,CUST01771,P4,Refund,General,Settlement API,Phone,Payments Ops,Resolved,1.04,35.03,No,6,No
TKT0001567,2025-04-29 18:19:00,2025-04-30 03:50:22,CUST01255,P4,Payment Failure,Technical,KYC Service,Email,Payments Ops,Resolved,0.64,9.52,No,2,No
TKT0001568,2025-08-28 06:08:00,2025-08-28 19:29:05,CUST01985,P3,Refund,General,Payments,Chat,Engineering,Resolved,0.29,13.35,No,3,No
TKT0001569,2025-02-06 08:39:00,2025-02-06 17:56:20,CUST01565,P2,Settlement,Technical,Wallet,Email,L2 Support,Resolved,0.81,9.29,No,29,Yes
TKT0001570,2025-01-31 17:31:00,2025-02-03 03:25:43,CUST00129,P4,Payment Failure,General,KYC Service,Portal,L1 Support,Resolved,2.3,57.91,Yes,4,Yes
TKT0001571,2025-10-09 16:49:00,2025-10-11 10:17:58,CUST00827,P4,Refund,Operational,Payments,Email,L1 Support,Resolved,0.51,41.48,No,10,No
TKT0001572,2025-01-09 13:33:00,2025-01-10 04:52:07,CUST01517,P4,Refund,Operational,KYC Service,Email,Engineering,Resolved,0.36,15.32,No,9,No
TKT0001573,2025-12-22 17:05:00,2025-12-23 12:41:19,CUST01894,P4,Payment Failure,Operational,Payments,Portal,L1 Support,Resolved,1.2,19.61,No,4,No
TKT0001574,2025-05-21 02:11:00,2025-05-21 19:16:37,CUST01981,P4,Payment Failure,General,KYC Service,Portal,KYC Ops,Resolved,2.41,17.09,No,3,No
TKT0001575,2025-11-18 00:37:00,2025-11-18 18:28:45,CUST01409,P4,KYC,General,Settlement API,Chat,KYC Ops,Resolved,1.09,17.86,No,11,No
TKT0001576,2025-03-17 14:34:00,2025-03-17 17:37:40,CUST02903,P2,Login,General,Wallet,Chat,L1 Support,Resolved,0.89,3.06,Yes,15,No
TKT0001577,2025-02-09 10:19:00,2025-02-10 22:44:22,CUST02171,P4,KYC,Operational,Payments,Phone,L1 Support,Resolved,0.83,36.42,No,18,No
TKT0001578,2025-02-03 15:18:00,2025-02-04 07:18:51,CUST00902,P3,Login,General,Settlement API,Phone,KYC Ops,Resolved,1.79,16.01,No,6,No
TKT0001579,2025-10-14 11:56:00,2025-10-16 22:21:36,CUST00829,P4,Login,Technical,Merchant Portal,Phone,L2 Support,Resolved,0.92,58.43,No,2,Yes
TKT0001580,2025-06-28 15:56:00,2025-06-29 07:53:19,CUST02496,P4,API,General,Payments,Portal,KYC Ops,Resolved,1.16,15.96,No,9,No
TKT0001581,2025-03-28 06:46:00,2025-03-28 08:46:43,CUST02810,P1,KYC,General,Settlement API,Phone,Engineering,Resolved,0.69,2.01,Yes,12,No
TKT0001582,2025-06-09 00:51:00,2025-06-09 03:29:26,CUST01149,P1,Settlement,General,Settlement API,Email,Engineering,Resolved,0.43,2.64,Yes,18,No
TKT0001583,2025-02-28 22:20:00,2025-03-02 13:19:15,CUST00421,P3,Payment Failure,Technical,Settlement API,Email,L2 Support,Resolved,1.15,38.99,No,4,Yes
TKT0001584,2025-03-25 03:57:00,2025-03-25 08:23:55,CUST00932,P3,Payment Failure,Operational,Merchant Portal,Email,Payments Ops,Resolved,0.39,4.45,No,4,No
TKT0001585,2025-03-20 00:35:00,2025-03-20 18:43:13,CUST01612,P2,API,Technical,Merchant Portal,Chat,Engineering,Resolved,1.04,18.14,No,11,Yes
TKT0001586,2025-11-12 08:46:00,2025-11-12 13:20:00,CUST02528,P1,Payment Failure,Operational,Wallet,Email,L2 Support,Resolved,0.63,4.57,No,4,Yes
TKT0001587,2025-07-11 22:43:00,2025-07-12 18:34:52,CUST01708,P3,Payment Failure,General,Payments,Phone,Engineering,Resolved,0.89,19.86,Yes,4,No
TKT0001588,2025-02-20 17:04:00,2025-02-21 00:33:28,CUST01930,P1,Login,Technical,Settlement API,Portal,L1 Support,Resolved,0.28,7.49,No,19,Yes
TKT0001589,2025-05-30 12:08:00,2025-05-30 16:01:28,CUST01075,P2,Refund,Technical,Wallet,Phone,Payments Ops,Resolved,0.56,3.89,Yes,1,No
TKT0001590,2025-10-17 13:35:00,2025-10-18 01:36:01,CUST02305,P3,KYC,Operational,Payments,Portal,Engineering,Resolved,0.31,12.02,No,21,No
TKT0001591,2025-11-20 08:33:00,2025-11-20 23:55:48,CUST02756,P4,Payment Failure,Operational,Wallet,Chat,L1 Support,Resolved,0.31,15.38,No,25,No
TKT0001592,2025-06-11 21:03:00,2025-06-14 10:18:01,CUST01168,P4,Settlement,General,KYC Service,Email,KYC Ops,Resolved,0.71,61.25,Yes,9,Yes
TKT0001593,2025-07-31 16:40:00,2025-08-02 05:45:59,CUST02398,P3,Payment Failure,Technical,Wallet,Portal,Payments Ops,Resolved,1.01,37.1,No,6,Yes
TKT0001594,2025-08-07 23:26:00,2025-08-08 09:17:23,CUST01222,P2,API,Technical,Merchant Portal,Portal,L1 Support,Resolved,0.51,9.86,No,1,Yes
TKT0001595,2025-05-09 14:48:00,2025-05-09 17:11:44,CUST02174,P1,Payment Failure,General,Settlement API,Email,Engineering,Resolved,1.31,2.4,Yes,27,No
TKT0001596,2025-04-22 07:32:00,2025-04-22 15:13:59,CUST02111,P3,Payment Failure,General,Payments,Phone,L2 Support,Resolved,0.3,7.7,No,6,No
TKT0001597,2025-05-03 01:20:00,2025-05-03 11:29:16,CUST02604,P3,API,Operational,Wallet,Chat,Payments Ops,Resolved,3.66,10.15,No,9,No
TKT0001598,2025-12-25 18:19:00,2025-12-26 08:56:50,CUST02357,P3,Payment Failure,General,Payments,Phone,Engineering,Resolved,0.36,14.63,No,11,No
TKT0001599,2025-04-02 02:29:00,2025-04-04 16:56:58,CUST01657,P4,Refund,Operational,Wallet,Chat,L1 Support,Resolved,0.79,62.47,No,19,Yes
TKT0001600,2025-05-15 19:09:00,2025-05-15 21:18:01,CUST00009,P2,Settlement,Technical,Settlement API,Portal,L2 Support,Resolved,0.93,2.15,No,8,No
TKT0001601,2025-05-31 14:47:00,2025-06-01 16:18:34,CUST01170,P3,Login,General,Merchant Portal,Portal,L1 Support,Resolved,0.67,25.53,No,14,Yes
TKT0001602,2025-07-18 12:28:00,2025-07-19 07:10:55,CUST00540,P4,Payment Failure,Operational,Settlement API,Chat,Payments Ops,Resolved,0.37,18.72,Yes,10,No
TKT0001603,2025-03-22 17:00:00,2025-03-24 01:07:30,CUST02495,P4,Payment Failure,General,Settlement API,Phone,L2 Support,Resolved,0.59,32.13,No,1,No
TKT0001604,2025-05-22 06:00:00,2025-05-22 19:22:12,CUST01833,P3,API,Technical,Wallet,Email,KYC Ops,Resolved,1.34,13.37,No,107,No
TKT0001605,2025-11-02 18:36:00,2025-11-03 23:51:31,CUST02825,P4,Login,Technical,Settlement API,Email,KYC Ops,Resolved,1.39,29.26,No,11,No
TKT0001606,2025-09-21 21:30:00,2025-09-22 07:58:55,CUST02089,P3,KYC,Operational,Settlement API,Portal,L1 Support,Resolved,2.14,10.48,No,3,No
TKT0001607,2025-08-03 01:28:00,2025-08-05 15:14:21,CUST00489,P4,Refund,Operational,KYC Service,Phone,Engineering,Resolved,0.63,61.77,No,33,Yes
TKT0001608,2025-06-24 21:09:00,2025-06-24 22:41:12,CUST02677,P1,Payment Failure,Operational,Merchant Portal,Portal,Engineering,Resolved,1.35,1.54,No,34,No
TKT0001609,2025-07-07 15:09:00,2025-07-07 19:13:11,CUST00069,P1,Payment Failure,Technical,Payments,Email,L1 Support,Resolved,0.54,4.07,No,12,Yes
TKT0001610,2025-07-08 23:36:00,2025-07-12 02:51:14,CUST02619,P4,Payment Failure,General,Payments,Email,Payments Ops,Resolved,2.09,75.25,No,11,Yes
TKT0001611,2025-02-27 06:57:00,2025-02-27 21:18:55,CUST01705,P3,Settlement,General,KYC Service,Portal,KYC Ops,Resolved,0.26,14.37,No,3,No
TKT0001612,2025-03-19 17:04:00,2025-03-21 10:39:49,CUST00108,P3,KYC,Technical,Merchant Portal,Phone,Payments Ops,Resolved,0.23,41.6,No,4,Yes
TKT0001613,2025-05-02 23:17:00,2025-05-03 23:25:27,CUST01573,P4,Payment Failure,General,Merchant Portal,Email,KYC Ops,Resolved,0.51,24.14,No,3,No
TKT0001614,2025-12-27 02:09:00,2025-12-27 09:53:36,CUST02443,P2,API,Technical,Wallet,Portal,Engineering,Resolved,1.31,7.74,Yes,6,No
TKT0001615,2025-02-03 07:13:00,2025-02-03 12:44:55,CUST01390,P1,Login,Operational,Wallet,Phone,L2 Support,Resolved,0.37,5.53,No,37,Yes
TKT0001616,2025-07-28 16:50:00,2025-07-30 00:48:56,CUST02221,P4,API,Operational,KYC Service,Chat,L2 Support,Resolved,0.8,31.98,Yes,24,No
TKT0001617,2025-02-06 10:50:00,2025-02-06 23:40:59,CUST02497,P3,Refund,Operational,Payments,Portal,L2 Support,Resolved,0.36,12.85,No,8,No
TKT0001618,2025-05-28 07:54:00,2025-05-28 11:14:08,CUST01707,P2,Payment Failure,Operational,Settlement API,Email,L2 Support,Resolved,0.57,3.34,Yes,9,No
TKT0001619,2025-12-20 19:24:00,2025-12-22 03:27:23,CUST00491,P3,API,General,KYC Service,Email,Engineering,Resolved,0.92,32.06,No,6,Yes
TKT0001620,2025-04-02 07:46:00,2025-04-02 09:48:29,CUST01807,P1,KYC,General,Payments,Phone,L1 Support,Resolved,1.49,2.04,No,5,No
TKT0001621,2025-03-08 13:51:00,2025-03-08 16:22:18,CUST00643,P1,Payment Failure,Operational,KYC Service,Chat,Engineering,Resolved,1.29,2.52,No,15,No
TKT0001622,2025-06-20 16:33:00,2025-06-23 17:28:18,CUST01925,P4,Login,Technical,KYC Service,Chat,KYC Ops,Resolved,1.04,72.92,No,14,Yes
TKT0001623,2025-05-16 08:05:00,2025-05-17 02:25:56,CUST01610,P2,Login,Operational,Wallet,Email,Engineering,Resolved,3.0,18.35,No,4,Yes
TKT0001624,2025-01-09 19:15:00,2025-01-11 12:22:35,CUST02106,P4,Refund,Technical,Payments,Phone,Payments Ops,Resolved,0.59,41.13,No,1,No
TKT0001625,2025-08-21 05:05:00,2025-08-22 19:39:04,CUST01237,P3,Refund,Technical,Merchant Portal,Chat,Engineering,Resolved,1.23,38.57,No,13,Yes
TKT0001626,2025-05-24 16:01:00,2025-05-25 00:02:58,CUST00212,P2,Payment Failure,Technical,Wallet,Phone,Engineering,Resolved,1.89,8.03,No,29,Yes
TKT0001627,2025-12-13 00:19:00,2025-12-14 13:28:23,CUST01501,P4,Refund,Operational,Settlement API,Phone,L2 Support,Resolved,0.44,37.16,No,8,No
TKT0001628,2025-08-24 10:58:00,2025-08-24 13:39:58,CUST01388,P2,KYC,Operational,Payments,Portal,Engineering,Resolved,3.32,2.7,No,9,No
TKT0001629,2025-06-26 02:25:00,2025-06-27 03:24:30,CUST01088,P3,Payment Failure,General,Payments,Email,KYC Ops,Resolved,0.36,24.99,No,6,Yes
TKT0001630,2025-04-12 01:06:00,2025-04-13 01:41:19,CUST02720,P3,API,Operational,Settlement API,Chat,L2 Support,Resolved,0.89,24.59,No,3,Yes
TKT0001631,2025-10-24 15:08:00,2025-10-26 04:58:46,CUST01934,P4,Refund,Operational,Merchant Portal,Chat,KYC Ops,Resolved,1.12,37.85,No,2,No
TKT0001632,2025-01-17 13:07:00,2025-01-18 01:26:00,CUST00416,P3,Settlement,Technical,Payments,Chat,L1 Support,Resolved,0.51,12.32,No,10,No
TKT0001633,2025-01-08 13:17:00,2025-01-10 14:37:28,CUST00953,P3,Login,Operational,Wallet,Portal,KYC Ops,Resolved,0.76,49.34,No,6,Yes
TKT0001634,2025-05-07 17:58:00,2025-05-08 12:28:56,CUST01835,P3,API,General,Settlement API,Phone,L1 Support,Resolved,1.47,18.52,No,5,No
TKT0001635,2025-05-08 23:23:00,2025-05-10 03:59:39,CUST02943,P4,API,General,Merchant Portal,Portal,Payments Ops,Resolved,1.36,28.61,No,12,No
TKT0001636,2025-11-13 17:10:00,2025-11-14 21:13:04,CUST02974,P4,KYC,General,KYC Service,Portal,Engineering,Resolved,2.49,28.05,No,3,No
TKT0001637,2025-08-20 17:35:00,2025-08-21 06:12:03,CUST02845,P3,Login,General,Wallet,Portal,Payments Ops,Resolved,0.85,12.62,No,4,No
TKT0001638,2025-09-14 09:54:00,2025-09-15 04:54:31,CUST02195,P3,Payment Failure,Technical,KYC Service,Phone,L2 Support,Resolved,1.18,19.01,No,1,No
TKT0001639,2025-02-16 19:28:00,2025-02-17 06:10:01,CUST00468,P3,Payment Failure,Technical,Settlement API,Phone,L1 Support,Resolved,1.57,10.7,No,25,No
TKT0001640,2025-08-21 23:31:00,2025-08-22 02:16:12,CUST00233,P1,KYC,General,Payments,Portal,KYC Ops,Resolved,0.29,2.75,No,15,No
TKT0001641,2025-01-28 11:09:00,2025-01-29 03:35:23,CUST01313,P3,Payment Failure,Technical,Merchant Portal,Phone,KYC Ops,Resolved,0.68,16.44,No,60,No
TKT0001642,2025-01-05 09:21:00,2025-01-06 01:12:06,CUST02171,P3,API,General,Payments,Chat,KYC Ops,Resolved,0.83,15.85,No,1,No
TKT0001643,2025-12-02 17:12:00,2025-12-03 07:26:15,CUST01050,P3,KYC,Operational,Payments,Chat,KYC Ops,Resolved,1.38,14.24,No,8,No
TKT0001644,2025-12-08 11:25:00,2025-12-10 00:32:12,CUST02597,P4,Payment Failure,General,Settlement API,Email,L1 Support,Resolved,0.48,37.12,No,7,No
TKT0001645,2025-06-14 09:33:00,2025-06-15 03:40:04,CUST01163,P3,KYC,Operational,Settlement API,Phone,Engineering,Resolved,1.5,18.12,No,1,No
TKT0001646,2025-08-21 12:06:00,2025-08-24 07:03:16,CUST01811,P4,Settlement,Technical,Settlement API,Chat,L2 Support,Resolved,1.67,66.95,No,6,Yes
TKT0001647,2025-11-05 16:19:00,2025-11-06 02:22:31,CUST02237,P3,API,General,Merchant Portal,Portal,Payments Ops,Resolved,0.31,10.06,Yes,2,No
TKT0001648,2025-06-05 12:44:00,2025-06-06 06:44:20,CUST02990,P3,KYC,Operational,KYC Service,Chat,L2 Support,Resolved,0.86,18.01,No,6,No
TKT0001649,2025-09-29 18:29:00,2025-10-01 14:52:26,CUST00826,P4,Settlement,Technical,Merchant Portal,Phone,KYC Ops,Resolved,2.43,44.39,No,7,No
TKT0001650,2025-04-12 02:09:00,2025-04-13 12:35:24,CUST01287,P4,KYC,Technical,Payments,Email,KYC Ops,Resolved,3.91,34.44,Yes,42,No
TKT0001651,2025-01-06 09:55:00,2025-01-06 22:21:43,CUST01557,P3,Refund,Operational,KYC Service,Chat,KYC Ops,Resolved,0.53,12.45,No,15,No
TKT0001652,2025-06-09 19:06:00,2025-06-10 07:33:44,CUST01926,P4,Refund,General,KYC Service,Portal,Engineering,Resolved,1.33,12.46,No,12,No
TKT0001653,2025-12-17 06:34:00,2025-12-19 12:48:26,CUST00666,P4,API,General,Wallet,Phone,L2 Support,Resolved,2.06,54.24,No,10,Yes
TKT0001654,2025-01-16 01:41:00,2025-01-16 03:14:52,CUST01294,P2,Refund,General,KYC Service,Portal,L1 Support,Resolved,0.47,1.56,Yes,7,No
TKT0001655,2025-11-29 14:13:00,2025-11-30 19:38:36,CUST00353,P3,Settlement,General,Payments,Chat,L1 Support,Resolved,0.17,29.43,No,3,Yes
TKT0001656,2025-01-05 21:34:00,2025-01-06 20:54:37,CUST00264,P4,Refund,Operational,Payments,Chat,L2 Support,Resolved,1.99,23.34,No,30,No
TKT0001657,2025-06-07 23:31:00,2025-06-09 00:17:38,CUST01673,P4,Refund,Operational,Wallet,Chat,L1 Support,Resolved,0.73,24.78,No,3,No
TKT0001658,2025-07-01 08:09:00,2025-07-01 23:52:10,CUST00610,P3,Payment Failure,General,Merchant Portal,Chat,L1 Support,Resolved,0.64,15.72,No,45,No
TKT0001659,2025-09-30 22:28:00,2025-10-02 12:14:03,CUST01997,P3,KYC,Technical,Payments,Email,KYC Ops,Resolved,0.55,37.77,No,31,Yes
TKT0001660,2025-01-16 02:20:00,2025-01-17 01:00:43,CUST02237,P4,KYC,General,Wallet,Portal,L1 Support,Resolved,0.77,22.68,No,19,No
TKT0001661,2025-08-22 07:03:00,2025-08-23 07:47:05,CUST00764,P3,Login,Operational,KYC Service,Portal,Engineering,Resolved,0.26,24.73,No,35,Yes
TKT0001662,2025-10-17 10:18:00,2025-10-18 18:46:08,CUST00614,P4,Payment Failure,Technical,Wallet,Email,Engineering,Resolved,1.59,32.47,No,1,No
TKT0001663,2025-12-16 05:00:00,2025-12-16 11:09:08,CUST01551,P2,Refund,Operational,KYC Service,Phone,KYC Ops,Resolved,0.33,6.15,Yes,7,No
TKT0001664,2025-05-13 19:43:00,2025-05-13 22:45:54,CUST00794,P2,Refund,General,Settlement API,Portal,Engineering,Resolved,1.62,3.05,No,2,No
TKT0001665,2025-03-29 21:56:00,2025-03-31 06:22:48,CUST01436,P4,Payment Failure,Technical,Merchant Portal,Email,L2 Support,Resolved,0.56,32.45,No,7,No
TKT0001666,2025-07-31 04:08:00,2025-07-31 13:03:47,CUST01291,P3,Payment Failure,Operational,Wallet,Email,L2 Support,Resolved,2.22,8.93,No,5,No
TKT0001667,2025-01-05 15:31:00,2025-01-08 10:31:56,CUST00479,P4,KYC,Operational,Payments,Chat,Payments Ops,Resolved,2.15,67.02,Yes,6,Yes
TKT0001668,2025-03-20 21:54:00,2025-03-21 02:06:25,CUST02136,P3,Payment Failure,Operational,Settlement API,Chat,Engineering,Resolved,1.83,4.21,No,4,No
TKT0001669,2025-05-28 07:25:00,2025-05-28 18:42:05,CUST01689,P3,Payment Failure,General,Settlement API,Chat,KYC Ops,Resolved,1.19,11.28,No,7,No
TKT0001670,2025-01-14 02:54:00,2025-01-14 16:20:13,CUST01757,P2,Settlement,Technical,KYC Service,Phone,L1 Support,Resolved,0.66,13.44,No,2,Yes
TKT0001671,2025-09-22 20:45:00,2025-09-23 13:19:25,CUST00593,P4,Refund,Operational,Payments,Phone,Engineering,Resolved,1.86,16.57,Yes,35,No
TKT0001672,2025-10-09 08:09:00,2025-10-09 10:58:06,CUST00048,P1,Payment Failure,General,KYC Service,Chat,Payments Ops,Resolved,0.43,2.82,Yes,19,No
TKT0001673,2025-04-17 07:44:00,2025-04-17 18:29:26,CUST02718,P3,Login,General,Merchant Portal,Phone,L1 Support,Resolved,0.46,10.76,No,3,No
TKT0001674,2025-05-11 00:50:00,2025-05-11 07:22:30,CUST00505,P2,Payment Failure,Operational,Payments,Portal,L1 Support,Resolved,2.52,6.54,Yes,61,No
TKT0001675,2025-10-05 17:20:00,2025-10-06 05:29:39,CUST02427,P3,KYC,Operational,Payments,Phone,L1 Support,Resolved,2.14,12.16,No,35,No
TKT0001676,2025-12-26 22:20:00,2025-12-27 23:44:14,CUST01267,P3,Login,Technical,Wallet,Portal,L2 Support,Resolved,2.59,25.4,Yes,14,Yes
TKT0001677,2025-12-03 15:49:00,2025-12-04 21:40:05,CUST02439,P3,API,Technical,Settlement API,Email,KYC Ops,Resolved,0.46,29.85,No,4,Yes
TKT0001678,2025-08-10 13:17:00,2025-08-11 05:42:02,CUST01131,P3,KYC,Operational,KYC Service,Portal,L2 Support,Resolved,1.75,16.42,No,4,No
TKT0001679,2025-08-22 12:58:00,2025-08-22 19:29:31,CUST01019,P3,Payment Failure,Technical,Payments,Email,KYC Ops,Resolved,3.33,6.53,No,4,No
TKT0001680,2025-06-14 19:06:00,2025-06-16 22:59:45,CUST00432,P4,Payment Failure,Operational,Wallet,Portal,Payments Ops,Resolved,0.68,51.9,No,3,Yes
TKT0001681,2025-07-10 03:19:00,2025-07-10 18:09:11,CUST01738,P3,Refund,Operational,KYC Service,Chat,Payments Ops,Resolved,0.39,14.84,No,46,No
TKT0001682,2025-12-24 02:01:00,2025-12-24 05:03:54,CUST02660,P1,Settlement,Technical,Merchant Portal,Chat,Engineering,Resolved,0.5,3.05,No,46,No
TKT0001683,2025-05-28 11:47:00,2025-05-29 04:59:24,CUST02548,P3,Refund,Operational,Settlement API,Chat,L2 Support,Resolved,0.6,17.21,No,1,No
TKT0001684,2025-12-05 02:04:00,2025-12-06 01:13:40,CUST00707,P3,Refund,Operational,Merchant Portal,Chat,Payments Ops,Resolved,1.54,23.16,No,17,No
TKT0001685,2025-01-27 05:49:00,2025-01-27 17:57:12,CUST00975,P3,Settlement,Technical,Merchant Portal,Chat,L2 Support,Resolved,0.88,12.14,No,23,No
TKT0001686,2025-02-06 05:00:00,2025-02-08 05:36:30,CUST00695,P3,Payment Failure,General,Settlement API,Phone,KYC Ops,Resolved,0.84,48.61,No,158,Yes
TKT0001687,2025-04-09 23:36:00,2025-04-10 17:54:26,CUST01035,P3,API,General,Merchant Portal,Chat,L1 Support,Resolved,0.53,18.31,No,1,No
TKT0001688,2025-12-08 04:01:00,2025-12-09 04:11:19,CUST02516,P4,Refund,Operational,Merchant Portal,Chat,Engineering,Resolved,0.63,24.17,No,3,No
TKT0001689,2025-01-13 22:44:00,2025-01-14 16:35:57,CUST01844,P4,Payment Failure,General,KYC Service,Portal,L2 Support,Resolved,0.27,17.87,No,3,No
TKT0001690,2025-05-05 12:22:00,2025-05-07 04:53:19,CUST01973,P4,Payment Failure,Technical,Payments,Email,KYC Ops,Resolved,1.59,40.52,No,3,No
TKT0001691,2025-11-04 21:54:00,2025-11-05 14:54:10,CUST00974,P4,Login,Technical,Settlement API,Email,Payments Ops,Resolved,2.47,17.0,No,2,No
TKT0001692,2025-03-26 16:10:00,2025-03-29 13:21:06,CUST00553,P4,Settlement,General,Payments,Phone,L1 Support,Resolved,2.35,69.19,No,23,Yes
TKT0001693,2025-12-10 09:31:00,2025-12-10 23:13:03,CUST00748,P4,Refund,Operational,Wallet,Portal,L1 Support,Resolved,0.68,13.7,No,2,No
TKT0001694,2025-11-01 13:00:00,2025-11-01 22:13:23,CUST00220,P3,Payment Failure,Operational,Merchant Portal,Portal,KYC Ops,Resolved,0.81,9.22,No,3,No
TKT0001695,2025-09-01 02:46:00,2025-09-01 18:46:20,CUST02658,P3,Payment Failure,Technical,KYC Service,Chat,L2 Support,Resolved,0.75,16.01,No,30,No
TKT0001696,2025-09-14 06:31:00,2025-09-15 22:25:05,CUST00727,P4,Payment Failure,Operational,Payments,Phone,Payments Ops,Resolved,1.45,39.9,Yes,30,No
TKT0001697,2025-01-27 06:16:00,2025-01-29 01:45:10,CUST02169,P3,Refund,Technical,Payments,Portal,L1 Support,Resolved,0.77,43.49,No,7,Yes
TKT0001698,2025-12-10 22:15:00,2025-12-11 05:09:53,CUST00157,P3,Refund,General,KYC Service,Email,Engineering,Resolved,0.72,6.91,No,17,No
TKT0001699,2025-02-14 21:43:00,2025-02-15 20:48:17,CUST01859,P3,Login,Operational,Merchant Portal,Portal,L2 Support,Resolved,0.78,23.09,No,31,No
TKT0001700,2025-11-09 07:41:00,2025-11-09 23:50:28,CUST02348,P3,Settlement,General,Wallet,Chat,L2 Support,Resolved,0.85,16.16,No,19,No
TKT0001701,2025-02-01 06:27:00,2025-02-01 11:06:53,CUST00009,P2,Login,Technical,Wallet,Phone,Engineering,Resolved,0.65,4.66,No,5,No
TKT0001702,2025-02-02 14:50:00,2025-02-02 17:44:54,CUST00169,P2,Settlement,General,Merchant Portal,Chat,KYC Ops,Resolved,2.21,2.92,No,17,No
TKT0001703,2025-12-06 18:39:00,2025-12-09 00:16:10,CUST00594,P4,API,Technical,Settlement API,Phone,KYC Ops,Resolved,4.79,53.62,No,8,Yes
TKT0001704,2025-06-03 07:08:00,2025-06-03 17:17:04,CUST01092,P2,Payment Failure,Operational,Merchant Portal,Phone,Payments Ops,Resolved,1.21,10.15,No,2,Yes
TKT0001705,2025-06-14 09:43:00,2025-06-15 05:02:59,CUST01727,P3,Payment Failure,General,KYC Service,Phone,Payments Ops,Resolved,1.07,19.33,No,19,No
TKT0001706,2025-08-12 03:22:00,2025-08-12 22:14:16,CUST00405,P3,Payment Failure,Operational,KYC Service,Chat,Engineering,Resolved,1.69,18.87,No,11,No
TKT0001707,2025-04-26 14:45:00,2025-04-26 22:51:29,CUST00558,P2,API,Technical,KYC Service,Chat,L1 Support,Resolved,0.55,8.11,Yes,61,Yes
TKT0001708,2025-12-11 15:38:00,2025-12-12 16:55:10,CUST00814,P4,Refund,Operational,Settlement API,Email,Engineering,Resolved,1.0,25.29,No,2,No
TKT0001709,2025-10-26 10:24:00,2025-10-26 14:43:07,CUST02944,P2,Payment Failure,Operational,Wallet,Portal,Engineering,Resolved,0.41,4.32,No,8,No
TKT0001710,2025-05-24 10:58:00,2025-05-25 04:26:55,CUST02455,P4,Refund,Operational,Wallet,Phone,L2 Support,Resolved,0.58,17.48,No,14,No
TKT0001711,2025-12-26 15:17:00,2025-12-27 04:05:22,CUST02062,P3,Login,Operational,Merchant Portal,Phone,L1 Support,Resolved,1.4,12.81,No,6,No
TKT0001712,2025-12-14 22:16:00,2025-12-15 11:05:43,CUST02966,P3,Payment Failure,Operational,Payments,Chat,L1 Support,Resolved,0.58,12.83,Yes,12,No
TKT0001713,2025-07-01 08:41:00,2025-07-01 18:47:38,CUST02579,P3,Settlement,Operational,Merchant Portal,Phone,L2 Support,Resolved,0.73,10.11,No,3,No
TKT0001714,2025-07-01 09:08:00,2025-07-01 15:38:55,CUST01956,P2,API,General,Settlement API,Email,Engineering,Resolved,0.58,6.52,No,7,No
TKT0001715,2025-03-20 18:30:00,2025-03-21 16:07:29,CUST01459,P3,Payment Failure,Technical,Settlement API,Email,Engineering,Resolved,0.59,21.62,No,6,No
TKT0001716,2025-09-22 01:30:00,2025-09-22 12:06:25,CUST02902,P2,Refund,Operational,Payments,Portal,L1 Support,Resolved,1.37,10.61,No,13,Yes
TKT0001717,2025-08-20 02:46:00,2025-08-20 09:49:01,CUST01953,P2,Settlement,Technical,Merchant Portal,Portal,Payments Ops,Resolved,0.36,7.05,No,2,No
TKT0001718,2025-03-26 11:28:00,2025-03-27 11:56:54,CUST01890,P3,Payment Failure,Technical,Settlement API,Portal,L1 Support,Resolved,0.39,24.48,Yes,4,Yes
TKT0001719,2025-02-14 04:42:00,2025-02-15 19:24:45,CUST02088,P4,Payment Failure,Technical,KYC Service,Phone,L2 Support,Resolved,0.99,38.71,No,1,No
TKT0001720,2025-03-21 14:46:00,2025-03-23 09:36:02,CUST01414,P4,Payment Failure,Operational,Settlement API,Portal,KYC Ops,Resolved,5.59,42.83,No,8,No
TKT0001721,2025-06-25 11:15:00,2025-07-04 12:45:48,CUST00205,P4,API,Operational,KYC Service,Chat,L2 Support,Resolved,0.78,217.51,No,5,Yes
TKT0001722,2025-05-23 22:04:00,2025-05-24 07:46:02,CUST02461,P3,KYC,General,KYC Service,Chat,L1 Support,Resolved,1.03,9.7,No,1,No
TKT0001723,2025-09-10 10:22:00,2025-09-11 12:42:17,CUST02771,P4,Login,Technical,Settlement API,Chat,Payments Ops,Resolved,1.3,26.34,No,11,No
TKT0001724,2025-10-28 20:35:00,2025-10-30 03:10:05,CUST00644,P4,Settlement,General,KYC Service,Chat,L1 Support,Resolved,0.38,30.58,No,22,No
TKT0001725,2025-06-28 06:05:00,2025-06-28 07:30:14,CUST02969,P2,Refund,Operational,Wallet,Portal,L2 Support,Resolved,0.82,1.42,Yes,6,No
TKT0001726,2025-04-30 21:40:00,2025-05-03 18:09:08,CUST01828,P4,API,Operational,Merchant Portal,Chat,Payments Ops,Resolved,0.52,68.49,No,2,Yes
TKT0001727,2025-08-08 18:50:00,2025-08-09 02:15:17,CUST00210,P3,Login,Operational,Settlement API,Phone,L1 Support,Resolved,0.66,7.42,No,10,No
TKT0001728,2025-04-22 07:04:00,2025-04-23 01:22:45,CUST02658,P4,Payment Failure,General,Wallet,Chat,KYC Ops,Resolved,0.37,18.31,Yes,2,No
TKT0001729,2025-12-25 19:54:00,2025-12-25 23:26:54,CUST00322,P2,Payment Failure,General,Wallet,Portal,Payments Ops,Resolved,1.21,3.55,Yes,3,No
TKT0001730,2025-12-09 21:05:00,2025-12-10 09:15:17,CUST01900,P3,Payment Failure,Technical,Merchant Portal,Email,L1 Support,Resolved,0.55,12.17,No,5,No
TKT0001731,2025-04-10 09:19:00,2025-04-11 13:40:21,CUST02407,P3,Refund,Technical,Settlement API,Phone,Engineering,Resolved,0.61,28.36,No,20,Yes
TKT0001732,2025-04-10 01:10:00,2025-04-10 23:59:49,CUST02947,P3,Payment Failure,General,Merchant Portal,Chat,L1 Support,Resolved,0.81,22.83,No,3,No
TKT0001733,2025-06-29 20:46:00,2025-07-01 08:37:57,CUST02253,P4,Refund,Operational,Merchant Portal,Chat,Engineering,Resolved,2.66,35.87,Yes,7,No
TKT0001734,2025-03-07 13:26:00,2025-03-08 03:45:34,CUST02123,P3,API,Technical,Payments,Chat,L1 Support,Resolved,2.85,14.33,No,4,No
TKT0001735,2025-09-19 04:29:00,2025-09-20 04:43:41,CUST00404,P3,KYC,General,Wallet,Portal,KYC Ops,Resolved,0.48,24.24,No,23,Yes
TKT0001736,2025-11-04 23:42:00,2025-11-06 02:22:14,CUST00764,P3,KYC,Technical,KYC Service,Chat,L1 Support,Resolved,1.12,26.67,No,6,Yes
TKT0001737,2025-08-30 20:31:00,2025-09-01 13:09:37,CUST02583,P4,Refund,General,Merchant Portal,Email,KYC Ops,Resolved,0.98,40.64,No,1,No
TKT0001738,2025-02-11 10:02:00,2025-02-11 23:04:26,CUST01746,P3,Settlement,Operational,KYC Service,Portal,L2 Support,Resolved,0.87,13.04,No,38,No
TKT0001739,2025-08-10 08:35:00,2025-08-12 06:51:46,CUST00356,P3,Refund,General,Wallet,Portal,Engineering,Resolved,1.45,46.28,No,4,Yes
TKT0001740,2025-08-10 02:38:00,2025-08-12 15:49:15,CUST01196,P3,KYC,Technical,Settlement API,Chat,Engineering,Resolved,0.9,61.19,No,7,Yes
TKT0001741,2025-12-21 21:09:00,2025-12-22 07:17:39,CUST01738,P3,Refund,Technical,Payments,Chat,L1 Support,Resolved,2.04,10.14,Yes,1,No
TKT0001742,2025-08-21 13:05:00,2025-08-22 15:50:52,CUST00401,P4,KYC,Technical,KYC Service,Chat,KYC Ops,Resolved,0.32,26.76,No,7,No
TKT0001743,2025-10-23 12:14:00,2025-10-23 16:02:46,CUST02326,P2,Refund,Technical,Payments,Chat,L1 Support,Resolved,2.01,3.81,Yes,29,No
TKT0001744,2025-12-26 14:24:00,2025-12-26 22:35:00,CUST00160,P3,Login,Operational,Wallet,Portal,Payments Ops,Resolved,1.57,8.18,No,15,No
TKT0001745,2025-09-25 23:45:00,2025-09-27 01:57:42,CUST02540,P3,KYC,Operational,Merchant Portal,Chat,KYC Ops,Resolved,0.77,26.21,No,14,Yes
TKT0001746,2025-02-01 22:43:00,2025-02-02 15:59:11,CUST01038,P3,KYC,Operational,Wallet,Phone,Engineering,Resolved,1.33,17.27,No,8,No
TKT0001747,2025-12-10 02:59:00,2025-12-10 20:30:27,CUST02150,P4,Payment Failure,Technical,Settlement API,Email,L2 Support,Resolved,1.42,17.52,No,10,No
TKT0001748,2025-05-17 13:11:00,2025-05-17 17:40:37,CUST02976,P2,Settlement,Technical,KYC Service,Chat,Engineering,Resolved,0.55,4.49,No,17,No
TKT0001749,2025-02-22 03:35:00,2025-02-22 22:23:03,CUST01193,P3,Login,General,Merchant Portal,Email,KYC Ops,Resolved,1.92,18.8,No,47,No
TKT0001750,2025-05-21 19:06:00,2025-05-21 22:48:06,CUST02491,P2,API,General,Merchant Portal,Email,Engineering,Resolved,0.58,3.7,No,2,No
TKT0001751,2025-01-02 04:29:00,2025-01-03 07:39:53,CUST01361,P3,Settlement,Technical,KYC Service,Phone,Engineering,Resolved,0.81,27.18,No,641,Yes
TKT0001752,2025-05-14 14:56:00,2025-05-15 00:45:44,CUST00093,P3,Refund,General,Payments,Chat,Engineering,Resolved,1.39,9.83,No,4,No
TKT0001753,2025-09-20 00:49:00,2025-09-20 09:12:55,CUST02202,P2,KYC,General,Payments,Phone,KYC Ops,Resolved,0.88,8.4,Yes,4,Yes
TKT0001754,2025-05-18 21:21:00,2025-05-19 02:39:10,CUST02403,P2,API,Technical,Merchant Portal,Email,L2 Support,Resolved,5.4,5.3,Yes,7,No
TKT0001755,2025-07-21 03:58:00,2025-07-21 15:16:14,CUST01933,P3,Settlement,Operational,KYC Service,Chat,L1 Support,Resolved,0.64,11.3,No,10,No
TKT0001756,2025-09-26 19:20:00,2025-09-27 07:12:17,CUST01420,P2,Refund,General,Wallet,Phone,L2 Support,Resolved,1.9,11.87,Yes,5,Yes
TKT0001757,2025-02-23 21:19:00,2025-02-25 00:03:08,CUST01003,P4,API,General,Wallet,Phone,KYC Ops,Resolved,1.29,26.74,No,3,No
TKT0001758,2025-04-29 18:03:00,2025-04-30 01:56:36,CUST01854,P3,Payment Failure,Operational,Payments,Email,KYC Ops,Resolved,1.63,7.89,No,81,No
TKT0001759,2025-08-01 22:21:00,2025-08-02 11:56:50,CUST02497,P3,API,Technical,Settlement API,Phone,L1 Support,Resolved,1.11,13.6,No,2,No
TKT0001760,2025-09-14 09:18:00,2025-09-17 20:23:11,CUST00280,P4,Login,General,Settlement API,Portal,Payments Ops,Resolved,0.18,83.09,No,3,Yes
TKT0001761,2025-07-15 20:16:00,2025-07-16 06:10:01,CUST00707,P3,Login,Technical,Payments,Chat,Payments Ops,Resolved,2.03,9.9,No,22,No
TKT0001762,2025-12-31 14:01:00,2026-01-01 06:09:53,CUST02800,P3,Refund,Operational,Payments,Email,L1 Support,Resolved,0.68,16.15,No,26,No
TKT0001763,2025-12-07 17:32:00,2025-12-08 07:22:24,CUST00446,P4,KYC,General,Settlement API,Portal,KYC Ops,Resolved,0.4,13.84,No,66,No
TKT0001764,2025-09-17 05:40:00,2025-09-17 12:58:07,CUST01971,P2,Settlement,General,Payments,Email,L1 Support,Resolved,1.57,7.3,Yes,1,No
TKT0001765,2025-11-29 01:23:00,2025-11-30 22:55:11,CUST00223,P4,Settlement,General,KYC Service,Chat,L2 Support,Resolved,1.04,45.54,No,2,No
TKT0001766,2025-10-24 20:00:00,2025-10-25 06:48:23,CUST02008,P3,Refund,Operational,Settlement API,Email,L2 Support,Resolved,1.07,10.81,No,3,No
TKT0001767,2025-03-18 12:58:00,2025-03-18 18:19:27,CUST01368,P2,Login,Operational,Settlement API,Email,L2 Support,Resolved,0.46,5.36,No,3,No
TKT0001768,2025-05-29 02:31:00,2025-05-30 06:48:07,CUST00612,P4,Refund,Operational,Merchant Portal,Portal,L1 Support,Resolved,0.45,28.29,No,7,No
TKT0001769,2025-05-24 12:54:00,2025-05-25 15:08:10,CUST00126,P3,KYC,Technical,Wallet,Email,L1 Support,Resolved,1.97,26.24,No,7,Yes
TKT0001770,2025-07-01 02:49:00,2025-07-02 01:28:52,CUST01326,P4,Settlement,General,Merchant Portal,Email,L1 Support,Resolved,0.92,22.66,No,31,No
TKT0001771,2025-08-24 04:57:00,2025-08-24 17:10:12,CUST00863,P3,Payment Failure,General,Wallet,Portal,Engineering,Resolved,0.22,12.22,No,4,No
TKT0001772,2025-03-11 12:00:00,2025-03-11 18:48:49,CUST01830,P2,Refund,Operational,Merchant Portal,Portal,L1 Support,Resolved,0.65,6.81,Yes,17,No
TKT0001773,2025-08-17 19:49:00,2025-08-18 20:51:03,CUST02156,P3,Payment Failure,General,Wallet,Email,L1 Support,Resolved,2.17,25.03,No,7,Yes
TKT0001774,2025-02-14 09:22:00,2025-02-14 23:53:48,CUST02087,P3,Login,General,Wallet,Portal,Payments Ops,Resolved,0.27,14.53,No,7,No
TKT0001775,2025-10-14 23:55:00,2025-10-15 16:29:42,CUST00545,P3,Settlement,Technical,Wallet,Portal,KYC Ops,Resolved,5.65,16.58,No,5,No
TKT0001776,2025-10-16 08:36:00,2025-10-17 07:42:10,CUST01878,P4,Payment Failure,General,KYC Service,Chat,L2 Support,Resolved,0.22,23.1,No,1,No
TKT0001777,2025-04-11 19:16:00,2025-04-12 00:08:03,CUST02687,P3,Payment Failure,Technical,KYC Service,Chat,Engineering,Resolved,1.37,4.87,No,7,No
TKT0001778,2025-05-02 21:06:00,2025-05-03 10:42:11,CUST00624,P3,Settlement,General,KYC Service,Chat,Payments Ops,Resolved,1.96,13.6,No,4,No
TKT0001779,2025-11-30 16:09:00,2025-12-01 15:59:07,CUST02241,P3,Payment Failure,General,Settlement API,Email,Payments Ops,Resolved,1.59,23.84,No,6,No
TKT0001780,2025-10-07 12:57:00,2025-10-07 14:51:18,CUST01625,P1,Refund,Technical,Payments,Chat,L2 Support,Resolved,0.32,1.91,No,15,No
TKT0001781,2025-09-02 04:27:00,2025-09-04 17:37:14,CUST01491,P4,API,General,KYC Service,Chat,Payments Ops,Resolved,0.63,61.17,No,7,Yes
TKT0001782,2025-01-11 01:39:00,2025-01-11 17:54:33,CUST02420,P3,Refund,Operational,Payments,Portal,KYC Ops,Resolved,0.5,16.26,Yes,9,No
TKT0001783,2025-12-17 07:28:00,2025-12-17 08:34:31,CUST02024,P1,Payment Failure,Operational,Wallet,Portal,KYC Ops,Resolved,0.75,1.11,Yes,19,No
TKT0001784,2025-01-08 01:51:00,2025-01-08 21:50:02,CUST02538,P3,API,General,Merchant Portal,Phone,KYC Ops,Resolved,1.55,19.98,Yes,9,No
TKT0001785,2025-09-07 05:03:00,2025-09-08 12:14:34,CUST00210,P4,Payment Failure,Operational,KYC Service,Email,KYC Ops,Resolved,1.0,31.19,No,1,No
TKT0001786,2025-08-04 13:00:00,2025-08-07 01:28:22,CUST00958,P3,Payment Failure,General,Payments,Portal,KYC Ops,Resolved,0.79,60.47,No,7,Yes
TKT0001787,2025-12-20 13:50:00,2025-12-21 00:59:14,CUST00721,P3,Payment Failure,Operational,Settlement API,Phone,KYC Ops,Resolved,4.12,11.15,No,6,No
TKT0001788,2025-07-07 18:41:00,2025-07-08 04:38:43,CUST00158,P3,Login,Operational,Merchant Portal,Phone,Payments Ops,Resolved,0.34,9.96,No,1,No
TKT0001789,2025-01-19 11:01:00,2025-01-20 04:02:22,CUST01573,P4,KYC,Technical,Payments,Chat,Engineering,Resolved,0.41,17.02,No,10,No
TKT0001790,2025-04-25 16:35:00,2025-04-27 07:37:25,CUST01588,P3,API,Technical,Merchant Portal,Email,L2 Support,Resolved,0.4,39.04,No,23,Yes
TKT0001791,2025-11-10 20:24:00,2025-11-11 05:27:14,CUST01780,P2,Login,General,Payments,Portal,Payments Ops,Resolved,2.28,9.05,No,3,Yes
TKT0001792,2025-04-07 15:30:00,2025-04-09 06:39:08,CUST01978,P4,Login,General,Wallet,Portal,L1 Support,Resolved,2.34,39.15,No,2,No
TKT0001793,2025-05-11 00:15:00,2025-05-13 12:54:11,CUST02533,P3,API,General,Payments,Portal,L2 Support,Resolved,2.44,60.65,No,9,Yes
TKT0001794,2025-12-13 20:55:00,2025-12-15 07:40:03,CUST00049,P3,Payment Failure,General,Settlement API,Portal,Payments Ops,Resolved,0.4,34.75,No,11,Yes
TKT0001795,2025-11-29 03:33:00,2025-11-30 08:27:53,CUST01949,P3,KYC,Technical,KYC Service,Portal,KYC Ops,Resolved,1.7,28.91,No,11,Yes
TKT0001796,2025-01-18 21:27:00,2025-01-19 14:21:29,CUST01785,P3,Login,Operational,KYC Service,Phone,Payments Ops,Resolved,0.84,16.91,No,10,No
TKT0001797,2025-07-24 07:41:00,2025-07-25 11:15:19,CUST00217,P4,Settlement,Technical,KYC Service,Phone,L1 Support,Resolved,0.32,27.57,No,3,No
TKT0001798,2025-07-09 20:31:00,2025-07-11 03:23:29,CUST00139,P3,Payment Failure,General,Wallet,Phone,L2 Support,Resolved,0.2,30.87,No,11,Yes
TKT0001799,2025-08-24 05:11:00,2025-08-24 12:15:35,CUST01010,P3,Payment Failure,Operational,Payments,Chat,Engineering,Resolved,0.21,7.08,No,6,No
TKT0001800,2025-04-05 15:16:00,2025-04-08 08:33:54,CUST01566,P4,Payment Failure,Operational,Merchant Portal,Phone,KYC Ops,Resolved,2.35,65.3,No,3,Yes
TKT0001801,2025-01-17 11:57:00,2025-01-17 22:23:16,CUST01299,P3,Payment Failure,Operational,Merchant Portal,Phone,KYC Ops,Resolved,0.19,10.44,No,26,No
TKT0001802,2025-02-24 13:23:00,2025-02-24 19:27:37,CUST01013,P2,API,Operational,Payments,Portal,KYC Ops,Resolved,0.63,6.08,Yes,22,No
TKT0001803,2025-09-01 13:46:00,2025-09-04 22:49:50,CUST01839,P4,Login,Technical,Settlement API,Phone,KYC Ops,Resolved,0.47,81.06,No,3,Yes
TKT0001804,2025-11-22 08:15:00,2025-11-22 23:03:49,CUST02378,P3,Refund,Operational,Wallet,Portal,L1 Support,Resolved,1.01,14.81,No,1,No
TKT0001805,2025-12-01 21:15:00,2025-12-02 14:25:47,CUST02271,P4,Settlement,Technical,Payments,Phone,L1 Support,Resolved,0.84,17.18,No,7,No
TKT0001806,2025-05-11 11:18:00,2025-05-12 06:31:17,CUST01407,P3,API,Technical,Payments,Email,Engineering,Resolved,0.71,19.22,No,3,No
TKT0001807,2025-04-28 18:35:00,2025-04-29 13:29:50,CUST02586,P3,API,Operational,Settlement API,Email,L1 Support,Resolved,2.23,18.91,No,8,No
TKT0001808,2025-02-13 03:57:00,2025-02-13 06:53:06,CUST00485,P1,Payment Failure,Operational,Settlement API,Portal,KYC Ops,Resolved,4.27,2.94,Yes,61,No
TKT0001809,2025-06-02 01:34:00,2025-06-02 19:08:39,CUST02251,P3,Refund,General,Merchant Portal,Chat,Engineering,Resolved,0.47,17.58,No,24,No
TKT0001810,2025-08-16 09:45:00,2025-08-16 19:56:05,CUST00364,P2,Login,General,Payments,Email,Payments Ops,Resolved,1.67,10.18,No,47,Yes
TKT0001811,2025-06-06 21:13:00,2025-06-07 10:26:10,CUST00996,P3,Login,General,Settlement API,Portal,Payments Ops,Resolved,0.46,13.22,No,76,No
TKT0001812,2025-06-14 12:16:00,2025-06-15 17:07:35,CUST02832,P3,Payment Failure,Technical,Wallet,Email,L2 Support,Resolved,0.45,28.86,No,4,Yes
TKT0001813,2025-12-29 22:35:00,2025-12-30 05:07:20,CUST01161,P2,KYC,General,Merchant Portal,Email,L1 Support,Resolved,5.42,6.54,No,11,No
TKT0001814,2025-03-05 04:10:00,2025-03-05 14:00:07,CUST02213,P2,Refund,Technical,Payments,Phone,L2 Support,Resolved,0.18,9.84,No,4,Yes
TKT0001815,2025-11-30 13:49:00,2025-11-30 17:29:32,CUST02514,P2,Payment Failure,General,Merchant Portal,Phone,L1 Support,Resolved,0.65,3.68,No,30,No
TKT0001816,2025-01-03 21:13:00,2025-01-03 22:30:31,CUST01456,P1,KYC,General,Merchant Portal,Email,Engineering,Resolved,2.35,1.29,No,26,No
TKT0001817,2025-11-18 13:00:00,2025-11-19 02:54:47,CUST00337,P3,KYC,General,Merchant Portal,Phone,Engineering,Resolved,0.89,13.91,No,18,No
TKT0001818,2025-07-28 21:58:00,2025-07-30 02:33:46,CUST01264,P3,Login,Technical,Settlement API,Chat,L1 Support,Resolved,0.87,28.6,No,6,Yes
TKT0001819,2025-04-16 19:39:00,2025-04-17 22:14:44,CUST02369,P4,Payment Failure,General,Merchant Portal,Email,Payments Ops,Resolved,1.66,26.6,No,8,No
TKT0001820,2025-03-16 05:28:00,2025-03-17 08:22:05,CUST00022,P4,KYC,Technical,Wallet,Email,KYC Ops,Resolved,0.92,26.9,No,2,No
TKT0001821,2025-09-20 14:06:00,2025-09-21 03:42:44,CUST02851,P2,Payment Failure,Operational,Merchant Portal,Email,L1 Support,Resolved,0.54,13.61,Yes,11,Yes
TKT0001822,2025-05-11 18:54:00,2025-05-12 08:28:11,CUST01545,P3,KYC,Operational,Settlement API,Portal,Engineering,Resolved,2.33,13.57,No,69,No
TKT0001823,2025-06-26 04:59:00,2025-06-26 11:28:52,CUST02524,P3,Login,Technical,Payments,Email,Engineering,Resolved,0.45,6.5,No,73,No
TKT0001824,2025-10-24 22:35:00,2025-10-25 22:52:43,CUST01580,P3,API,General,Wallet,Email,Payments Ops,Resolved,1.26,24.3,No,3,Yes
TKT0001825,2025-05-14 07:52:00,2025-05-15 23:15:28,CUST01714,P3,Refund,Technical,Settlement API,Portal,Payments Ops,Resolved,0.81,39.39,No,3,Yes
TKT0001826,2025-08-19 22:20:00,2025-08-20 12:44:25,CUST01395,P3,Payment Failure,Technical,Payments,Email,Engineering,Resolved,1.17,14.41,No,1,No
TKT0001827,2025-01-18 03:54:00,2025-01-20 04:30:17,CUST02186,P4,Settlement,General,Wallet,Portal,Engineering,Resolved,1.63,48.6,No,11,Yes
TKT0001828,2025-09-25 02:32:00,2025-09-26 18:08:16,CUST01102,P3,Settlement,Technical,Merchant Portal,Chat,Payments Ops,Resolved,0.2,39.6,No,4,Yes
TKT0001829,2025-10-10 04:46:00,2025-10-11 11:14:03,CUST00155,P4,Payment Failure,Technical,Merchant Portal,Email,Payments Ops,Resolved,0.83,30.47,No,38,No
TKT0001830,2025-11-14 04:28:00,2025-11-15 05:59:43,CUST00021,P4,Payment Failure,Technical,KYC Service,Email,KYC Ops,Resolved,1.36,25.53,No,1,No
TKT0001831,2025-07-21 15:02:00,2025-07-22 17:15:04,CUST02369,P4,Login,General,Payments,Chat,L1 Support,Resolved,0.98,26.22,No,4,No
TKT0001832,2025-11-29 02:29:00,2025-11-29 14:40:49,CUST01648,P3,Payment Failure,Technical,Payments,Email,Payments Ops,Resolved,0.67,12.2,No,2,No
TKT0001833,2025-08-09 23:58:00,2025-08-10 14:50:47,CUST00354,P3,KYC,General,Settlement API,Phone,Engineering,Resolved,0.77,14.88,No,11,No
TKT0001834,2025-03-27 13:58:00,2025-03-27 15:45:59,CUST01915,P2,Refund,Technical,Payments,Phone,Payments Ops,Resolved,1.24,1.8,Yes,6,No
TKT0001835,2025-04-25 01:24:00,2025-04-27 05:43:07,CUST02991,P3,API,Technical,Wallet,Chat,Payments Ops,Resolved,0.43,52.32,No,1,Yes
TKT0001836,2025-04-23 23:05:00,2025-04-26 09:30:43,CUST00967,P4,API,General,Settlement API,Portal,KYC Ops,Resolved,1.45,58.43,No,3,Yes
TKT0001837,2025-07-20 00:28:00,2025-07-21 02:59:46,CUST01801,P3,Refund,Technical,Payments,Phone,KYC Ops,Resolved,0.25,26.53,No,6,Yes
TKT0001838,2025-07-23 06:57:00,2025-07-23 23:08:08,CUST01524,P3,Payment Failure,Operational,Merchant Portal,Email,Engineering,Resolved,1.76,16.19,No,7,No
TKT0001839,2025-02-20 11:52:00,2025-02-21 23:34:26,CUST00185,P4,Refund,Technical,Payments,Portal,L1 Support,Resolved,1.15,35.71,No,1,No
TKT0001840,2025-01-04 09:37:00,2025-01-05 22:45:18,CUST00539,P4,Refund,General,KYC Service,Phone,Payments Ops,Resolved,0.5,37.14,No,7,No
TKT0001841,2025-01-14 13:19:00,2025-01-14 16:17:18,CUST00609,P1,Settlement,Operational,Settlement API,Portal,Engineering,Resolved,0.45,2.97,No,12,No
TKT0001842,2025-02-13 13:54:00,2025-02-14 19:09:36,CUST01969,P3,KYC,General,Wallet,Phone,KYC Ops,Resolved,1.81,29.26,No,5,Yes
TKT0001843,2025-02-17 07:41:00,2025-02-17 10:02:51,CUST01020,P1,Login,Operational,Settlement API,Chat,Engineering,Resolved,1.64,2.36,Yes,16,No
TKT0001844,2025-05-20 07:11:00,2025-05-20 20:38:28,CUST01043,P4,Payment Failure,Operational,KYC Service,Portal,KYC Ops,Resolved,0.4,13.46,No,4,No
TKT0001845,2025-04-17 09:44:00,2025-04-19 01:45:29,CUST01159,P4,KYC,General,Payments,Phone,Engineering,Resolved,0.39,40.02,No,17,No
TKT0001846,2025-06-01 10:41:00,2025-06-01 18:24:47,CUST02707,P2,Refund,General,Settlement API,Chat,KYC Ops,Resolved,0.96,7.73,Yes,5,No
TKT0001847,2025-05-01 01:48:00,2025-05-02 15:17:53,CUST01924,P4,API,Technical,Settlement API,Email,Payments Ops,Resolved,1.22,37.5,No,1,No
TKT0001848,2025-01-15 06:57:00,2025-01-16 11:07:34,CUST02650,P3,Payment Failure,Operational,Wallet,Phone,Payments Ops,Resolved,0.59,28.18,No,3,Yes
TKT0001849,2025-02-25 22:00:00,2025-02-26 05:14:35,CUST00964,P3,Login,General,KYC Service,Email,Engineering,Resolved,0.68,7.24,No,11,No
TKT0001850,2025-10-29 08:25:00,2025-10-30 03:34:44,CUST01195,P3,API,Operational,Settlement API,Phone,Engineering,Resolved,0.4,19.16,No,3,No
TKT0001851,2025-10-28 23:11:00,2025-10-29 21:24:23,CUST00329,P4,Refund,General,Payments,Portal,Payments Ops,Resolved,2.42,22.22,No,1,No
TKT0001852,2025-09-12 15:40:00,2025-09-14 00:51:05,CUST00349,P3,Settlement,Technical,Wallet,Portal,KYC Ops,Resolved,0.42,33.18,Yes,7,Yes
TKT0001853,2025-12-25 13:44:00,2025-12-26 03:02:24,CUST01395,P4,Refund,Operational,Settlement API,Phone,Payments Ops,Resolved,0.4,13.31,No,12,No
TKT0001854,2025-12-20 17:17:00,2025-12-20 19:21:17,CUST02652,P1,KYC,Operational,KYC Service,Email,L2 Support,Resolved,0.89,2.07,No,155,No
TKT0001855,2025-03-24 15:27:00,2025-03-27 02:53:40,CUST02556,P4,Settlement,Technical,Payments,Portal,Engineering,Resolved,2.47,59.44,No,2,Yes
TKT0001856,2025-04-20 23:23:00,2025-04-21 20:33:19,CUST00229,P3,Refund,Operational,KYC Service,Chat,Payments Ops,Resolved,0.87,21.17,No,3,No
TKT0001857,2025-03-24 19:38:00,2025-03-25 03:36:40,CUST00452,P1,Refund,Operational,Payments,Phone,Engineering,Resolved,0.27,7.98,No,205,Yes
TKT0001858,2025-06-06 02:59:00,2025-06-08 07:50:18,CUST01843,P4,Refund,General,Wallet,Phone,KYC Ops,Resolved,1.37,52.86,No,2,Yes
TKT0001859,2025-02-16 09:03:00,2025-02-16 19:14:18,CUST01576,P3,Login,General,Wallet,Chat,Engineering,Resolved,0.73,10.19,No,3,No
TKT0001860,2025-05-20 12:45:00,2025-05-20 16:51:15,CUST01093,P2,Settlement,Technical,Payments,Email,Payments Ops,Resolved,2.55,4.1,No,3,No
TKT0001861,2025-07-25 01:21:00,2025-07-26 01:18:32,CUST00370,P3,API,Operational,Wallet,Email,L1 Support,Resolved,3.56,23.96,No,8,No
TKT0001862,2025-12-30 21:12:00,2025-12-31 05:15:44,CUST00906,P2,Payment Failure,General,KYC Service,Portal,Engineering,Resolved,2.63,8.06,No,5,Yes
TKT0001863,2025-07-10 06:44:00,2025-07-11 05:59:50,CUST02209,P3,API,General,Merchant Portal,Chat,KYC Ops,Resolved,1.05,23.26,No,16,No
TKT0001864,2025-09-06 09:44:00,2025-09-06 20:30:25,CUST02814,P2,KYC,Technical,Settlement API,Chat,L1 Support,Resolved,1.06,10.77,Yes,10,Yes
TKT0001865,2025-04-25 14:52:00,2025-04-28 15:56:52,CUST00357,P3,Settlement,Technical,Wallet,Chat,L2 Support,Resolved,1.26,73.08,No,5,Yes
TKT0001866,2025-11-09 09:11:00,2025-11-10 04:36:36,CUST02169,P3,Refund,Technical,KYC Service,Phone,L2 Support,Resolved,1.1,19.43,No,30,No
TKT0001867,2025-08-07 04:39:00,2025-08-08 00:13:54,CUST01490,P4,Login,Technical,Merchant Portal,Portal,Payments Ops,Resolved,1.05,19.58,No,7,No
TKT0001868,2025-11-21 10:07:00,2025-11-21 16:16:44,CUST01417,P2,Settlement,Operational,KYC Service,Portal,Engineering,Resolved,2.96,6.16,Yes,14,No
TKT0001869,2025-03-26 23:10:00,2025-03-29 05:05:28,CUST00658,P4,Payment Failure,General,Merchant Portal,Portal,KYC Ops,Resolved,0.39,53.92,No,15,Yes
TKT0001870,2025-07-13 14:38:00,2025-07-13 22:42:28,CUST02528,P3,Refund,Technical,Wallet,Chat,L2 Support,Resolved,1.18,8.07,No,1,No
TKT0001871,2025-04-13 20:02:00,2025-04-17 08:07:04,CUST02055,P4,Settlement,General,Wallet,Chat,L1 Support,Resolved,0.96,84.08,No,7,Yes
TKT0001872,2025-06-08 15:29:00,2025-06-09 01:04:26,CUST02868,P2,Payment Failure,Operational,Payments,Email,Payments Ops,Resolved,1.26,9.59,No,18,Yes
TKT0001873,2025-05-20 04:22:00,2025-05-21 03:18:33,CUST01015,P4,KYC,General,Settlement API,Phone,KYC Ops,Resolved,0.4,22.94,No,49,No
TKT0001874,2025-09-02 23:17:00,2025-09-03 12:22:28,CUST01249,P2,API,General,Merchant Portal,Email,L1 Support,Resolved,3.17,13.09,No,33,Yes
TKT0001875,2025-10-06 06:53:00,2025-10-06 21:11:38,CUST00475,P3,Payment Failure,General,Payments,Email,L2 Support,Resolved,0.75,14.31,Yes,10,No
TKT0001876,2025-11-03 03:49:00,2025-11-03 12:00:56,CUST02897,P3,Payment Failure,Operational,Merchant Portal,Email,Payments Ops,Resolved,3.88,8.2,No,16,No
TKT0001877,2025-06-10 22:38:00,2025-06-11 18:53:59,CUST01443,P4,Login,Technical,Settlement API,Phone,L1 Support,Resolved,0.64,20.27,No,21,No
TKT0001878,2025-06-19 09:03:00,2025-06-19 16:37:46,CUST01596,P3,Login,Technical,Payments,Portal,Engineering,Resolved,1.06,7.58,No,7,No
TKT0001879,2025-04-12 12:37:00,2025-04-13 05:33:46,CUST00851,P3,API,Technical,Payments,Phone,Engineering,Resolved,0.91,16.95,No,28,No
TKT0001880,2025-12-16 15:24:00,2025-12-17 08:01:29,CUST00055,P4,Settlement,Technical,Wallet,Chat,Payments Ops,Resolved,1.86,16.62,No,5,No
TKT0001881,2025-07-28 04:00:00,2025-07-31 02:22:29,CUST01313,P3,API,Operational,Payments,Chat,Engineering,Resolved,2.6,70.37,No,6,Yes
TKT0001882,2025-07-18 14:42:00,2025-07-19 06:47:22,CUST02909,P3,API,General,Merchant Portal,Chat,Engineering,Resolved,0.11,16.09,No,14,No
TKT0001883,2025-09-02 01:20:00,2025-09-03 03:15:08,CUST00769,P3,Settlement,General,Payments,Chat,Engineering,Resolved,4.09,25.92,No,4,Yes
TKT0001884,2025-09-30 20:19:00,2025-10-01 10:33:52,CUST00863,P3,Payment Failure,General,Payments,Portal,KYC Ops,Resolved,7.29,14.25,No,12,No
TKT0001885,2025-03-30 06:51:00,2025-03-30 10:14:59,CUST00894,P2,Refund,General,Wallet,Portal,Payments Ops,Resolved,0.68,3.4,No,1,No
TKT0001886,2025-08-11 17:42:00,2025-08-12 15:48:02,CUST01899,P3,API,Operational,KYC Service,Email,L2 Support,Resolved,4.79,22.1,No,13,No
TKT0001887,2025-10-14 18:25:00,2025-10-15 01:29:42,CUST00566,P3,Payment Failure,General,Merchant Portal,Chat,KYC Ops,Resolved,0.87,7.08,No,7,No
TKT0001888,2025-06-30 14:54:00,2025-07-01 14:14:05,CUST01520,P4,API,Operational,Merchant Portal,Chat,L1 Support,Resolved,1.19,23.33,No,1,No
TKT0001889,2025-12-27 08:12:00,2025-12-27 20:51:13,CUST01334,P2,Payment Failure,Operational,Merchant Portal,Portal,Engineering,Resolved,1.43,12.65,Yes,61,Yes
TKT0001890,2025-02-04 06:59:00,2025-02-06 03:56:36,CUST02515,P4,Refund,General,Payments,Email,KYC Ops,Resolved,0.62,44.96,No,8,No
TKT0001891,2025-08-03 10:31:00,2025-08-03 21:27:38,CUST02739,P3,Payment Failure,Technical,Settlement API,Email,L1 Support,Resolved,0.84,10.94,Yes,1,No
TKT0001892,2025-03-19 16:04:00,2025-03-20 08:46:19,CUST02394,P3,Settlement,Technical,Wallet,Phone,L2 Support,Resolved,5.67,16.71,No,24,No
TKT0001893,2025-03-04 23:53:00,2025-03-05 13:47:11,CUST02665,P2,API,Operational,KYC Service,Chat,L2 Support,Resolved,2.22,13.9,No,19,Yes
TKT0001894,2025-09-06 05:08:00,2025-09-06 13:16:18,CUST02256,P4,KYC,General,KYC Service,Phone,Engineering,Resolved,1.8,8.14,No,1,No
TKT0001895,2025-04-04 07:42:00,2025-04-04 11:01:28,CUST02828,P3,Payment Failure,Operational,Wallet,Email,L1 Support,Resolved,5.15,3.32,No,9,No
TKT0001896,2025-03-14 02:41:00,2025-03-16 07:05:34,CUST01499,P4,API,General,Merchant Portal,Portal,KYC Ops,Resolved,1.2,52.41,No,24,Yes
TKT0001897,2025-04-28 03:24:00,2025-04-29 06:03:38,CUST01254,P3,Login,Technical,Wallet,Email,KYC Ops,Resolved,0.49,26.66,No,2,Yes
TKT0001898,2025-08-05 21:01:00,2025-08-06 19:07:28,CUST02561,P4,Payment Failure,General,Wallet,Chat,L2 Support,Resolved,0.52,22.11,Yes,26,No
TKT0001899,2025-12-28 15:19:00,2025-12-30 03:02:02,CUST02420,P3,API,Technical,Payments,Portal,Payments Ops,Resolved,0.44,35.72,No,10,Yes
TKT0001900,2025-08-21 10:06:00,2025-08-23 12:49:22,CUST02303,P4,KYC,General,Payments,Phone,L1 Support,Resolved,1.24,50.72,No,50,Yes
TKT0001901,2025-04-22 15:41:00,2025-04-23 01:30:15,CUST02156,P2,Payment Failure,Technical,Merchant Portal,Phone,L1 Support,Resolved,2.18,9.82,Yes,5,Yes
TKT0001902,2025-10-28 10:21:00,2025-10-28 20:52:02,CUST01825,P3,KYC,Technical,KYC Service,Portal,L2 Support,Resolved,0.1,10.52,No,4,No
TKT0001903,2025-07-08 11:12:00,2025-07-11 11:01:55,CUST01093,P4,Login,General,Payments,Phone,KYC Ops,Resolved,2.32,71.83,Yes,43,Yes
TKT0001904,2025-12-21 01:24:00,2025-12-22 01:33:02,CUST01244,P3,Payment Failure,Technical,Settlement API,Portal,L2 Support,Resolved,0.54,24.15,No,2,Yes
TKT0001905,2025-01-09 14:21:00,2025-01-09 16:22:32,CUST00807,P1,Payment Failure,General,Settlement API,Chat,KYC Ops,Resolved,0.29,2.03,Yes,7,No
TKT0001906,2025-05-10 17:29:00,2025-05-11 02:09:29,CUST01201,P2,API,Operational,KYC Service,Email,KYC Ops,Resolved,0.78,8.67,No,3,Yes
TKT0001907,2025-03-03 11:36:00,2025-03-03 22:39:54,CUST02821,P3,Login,General,KYC Service,Email,Engineering,Resolved,0.57,11.07,No,4,No
TKT0001908,2025-05-21 11:58:00,2025-05-22 14:01:02,CUST02565,P4,Payment Failure,Technical,Payments,Email,Engineering,Resolved,0.56,26.05,No,7,No
TKT0001909,2025-12-28 08:33:00,2025-12-28 18:51:17,CUST01882,P2,Payment Failure,Operational,Merchant Portal,Chat,L2 Support,Resolved,0.77,10.3,No,5,Yes
TKT0001910,2025-12-20 09:46:00,2025-12-21 07:12:53,CUST00694,P3,KYC,Technical,KYC Service,Chat,Payments Ops,Resolved,0.77,21.45,No,2,No
TKT0001911,2025-04-20 21:15:00,2025-04-21 15:47:43,CUST01312,P3,Payment Failure,Operational,KYC Service,Portal,Payments Ops,Resolved,0.99,18.55,Yes,6,No
TKT0001912,2025-12-25 06:17:00,2025-12-26 00:48:25,CUST02367,P4,Refund,General,Payments,Email,L2 Support,Resolved,0.41,18.52,No,8,No
TKT0001913,2025-11-04 00:22:00,2025-11-04 05:46:17,CUST01362,P2,Login,Technical,Merchant Portal,Chat,Payments Ops,Resolved,0.77,5.4,No,11,No
TKT0001914,2025-03-21 16:08:00,2025-03-21 19:59:39,CUST00252,P1,Settlement,Technical,KYC Service,Phone,Payments Ops,Resolved,1.32,3.86,Yes,10,No
TKT0001915,2025-09-21 07:59:00,2025-09-23 13:04:49,CUST01921,P4,Payment Failure,Technical,Settlement API,Chat,L1 Support,Resolved,0.52,53.1,No,16,Yes
TKT0001916,2025-08-27 19:38:00,2025-08-28 15:53:58,CUST02972,P4,Settlement,Operational,KYC Service,Chat,KYC Ops,Resolved,0.46,20.27,No,8,No
TKT0001917,2025-08-05 22:34:00,2025-08-06 14:24:35,CUST02975,P3,Payment Failure,Operational,Merchant Portal,Email,KYC Ops,Resolved,2.72,15.84,No,4,No
TKT0001918,2025-05-25 13:53:00,2025-05-26 02:54:43,CUST01369,P3,Settlement,Operational,Wallet,Chat,KYC Ops,Resolved,2.04,13.03,No,14,No
TKT0001919,2025-03-10 22:56:00,2025-03-11 06:07:36,CUST01267,P3,Refund,Operational,Settlement API,Phone,Engineering,Resolved,0.23,7.19,No,21,No
TKT0001920,2025-11-23 19:36:00,2025-11-24 09:07:45,CUST02582,P4,Settlement,Operational,Wallet,Portal,Engineering,Resolved,0.33,13.53,No,62,No
TKT0001921,2025-06-29 06:29:00,2025-06-29 09:24:14,CUST00749,P2,Settlement,Operational,Settlement API,Chat,KYC Ops,Resolved,1.59,2.92,No,2,No
TKT0001922,2025-07-04 23:45:00,2025-07-06 14:15:59,CUST01605,P4,Payment Failure,Operational,KYC Service,Email,L1 Support,Resolved,0.39,38.52,No,8,No
TKT0001923,2025-04-22 03:17:00,2025-04-23 15:43:07,CUST01258,P3,Login,Operational,Merchant Portal,Email,L1 Support,Resolved,1.0,36.44,No,16,Yes
TKT0001924,2025-12-29 00:34:00,2025-12-30 15:52:02,CUST02937,P4,KYC,General,Settlement API,Phone,Payments Ops,Resolved,0.54,39.3,No,3,No
TKT0001925,2025-03-05 15:06:00,2025-03-06 18:41:17,CUST00596,P4,Settlement,Operational,Merchant Portal,Phone,Payments Ops,Resolved,2.5,27.59,Yes,3,No
TKT0001926,2025-06-30 23:04:00,2025-07-01 02:10:27,CUST01559,P2,Payment Failure,Operational,Wallet,Chat,KYC Ops,Resolved,0.34,3.11,No,34,No
TKT0001927,2025-04-11 20:35:00,2025-04-11 22:26:26,CUST00197,P2,Refund,General,Payments,Chat,KYC Ops,Resolved,0.43,1.86,No,15,No
TKT0001928,2025-06-09 03:54:00,2025-06-10 00:36:16,CUST00731,P3,Payment Failure,General,Payments,Portal,L1 Support,Resolved,0.26,20.7,No,21,No
TKT0001929,2025-03-08 00:34:00,2025-03-08 07:05:12,CUST01293,P2,KYC,General,Payments,Chat,KYC Ops,Resolved,0.16,6.52,No,1,No
TKT0001930,2025-04-07 07:12:00,2025-04-08 11:49:34,CUST00406,P3,Settlement,General,Merchant Portal,Chat,L1 Support,Resolved,1.0,28.63,Yes,19,Yes
TKT0001931,2025-03-07 12:56:00,2025-03-08 11:17:44,CUST02566,P3,Login,Technical,Merchant Portal,Chat,Payments Ops,Resolved,1.09,22.36,No,13,No
TKT0001932,2025-08-22 05:19:00,2025-08-23 03:17:20,CUST01857,P3,API,Technical,Merchant Portal,Portal,Engineering,Resolved,0.97,21.97,No,5,No
TKT0001933,2025-05-31 01:32:00,2025-05-31 22:36:25,CUST01734,P4,Login,Operational,Merchant Portal,Email,Payments Ops,Resolved,0.95,21.07,No,6,No
TKT0001934,2025-11-17 00:48:00,2025-11-18 10:17:31,CUST01926,P4,API,General,Payments,Chat,KYC Ops,Resolved,0.69,33.49,No,27,No
TKT0001935,2025-11-12 08:22:00,2025-11-12 17:33:56,CUST02291,P4,Settlement,General,KYC Service,Chat,KYC Ops,Resolved,0.51,9.2,Yes,9,No
TKT0001936,2025-08-19 04:02:00,2025-08-19 15:59:02,CUST02090,P3,Refund,Operational,Payments,Chat,Engineering,Resolved,0.24,11.95,No,5,No
TKT0001937,2025-04-13 11:06:00,2025-04-15 16:08:03,CUST00730,P4,API,General,Wallet,Email,Engineering,Resolved,0.66,53.03,No,8,Yes
TKT0001938,2025-09-19 20:32:00,2025-09-21 23:29:00,CUST01056,P4,Refund,General,Payments,Phone,KYC Ops,Resolved,1.96,50.95,Yes,21,Yes
TKT0001939,2025-12-16 06:25:00,2025-12-17 04:45:08,CUST00685,P3,API,Operational,KYC Service,Chat,L1 Support,Resolved,1.08,22.34,No,3,No
TKT0001940,2025-07-04 12:33:00,2025-07-05 00:26:34,CUST02737,P3,API,General,Merchant Portal,Phone,KYC Ops,Resolved,1.03,11.89,No,9,No
TKT0001941,2025-04-28 15:55:00,2025-04-28 23:58:10,CUST02155,P3,Login,Technical,Payments,Phone,Engineering,Resolved,0.09,8.05,No,4,No
TKT0001942,2025-04-02 09:11:00,2025-04-03 03:20:33,CUST02516,P3,Refund,Operational,Wallet,Email,Payments Ops,Resolved,0.72,18.16,No,6,No
TKT0001943,2025-07-13 11:41:00,2025-07-14 03:55:54,CUST01247,P3,KYC,General,KYC Service,Portal,Payments Ops,Resolved,1.59,16.25,Yes,13,No
TKT0001944,2025-06-02 23:18:00,2025-06-03 17:17:23,CUST02147,P4,Settlement,Operational,Wallet,Phone,L2 Support,Resolved,0.79,17.99,No,6,No
TKT0001945,2025-12-24 12:31:00,2025-12-25 00:15:21,CUST02281,P3,Refund,Operational,Wallet,Portal,L1 Support,Resolved,1.6,11.74,No,10,No
TKT0001946,2025-12-21 10:05:00,2025-12-22 00:33:48,CUST02791,P3,API,Operational,Wallet,Portal,KYC Ops,Resolved,1.16,14.48,No,18,No
TKT0001947,2025-02-16 19:38:00,2025-02-17 19:32:17,CUST00969,P4,Payment Failure,Operational,Wallet,Chat,KYC Ops,Resolved,0.98,23.9,No,3,No
TKT0001948,2025-05-14 18:34:00,2025-05-15 12:40:56,CUST00202,P3,KYC,Technical,KYC Service,Portal,Engineering,Resolved,2.54,18.12,No,13,No
TKT0001949,2025-08-24 00:00:00,2025-08-24 15:25:20,CUST00586,P3,Payment Failure,General,Payments,Portal,L1 Support,Resolved,4.34,15.42,No,1,No
TKT0001950,2025-08-31 04:13:00,2025-08-31 21:26:00,CUST01673,P3,KYC,Technical,KYC Service,Portal,L2 Support,Resolved,2.15,17.22,Yes,2,No
TKT0001951,2025-10-26 09:46:00,2025-10-27 15:57:55,CUST02968,P3,Payment Failure,General,Merchant Portal,Chat,KYC Ops,Resolved,1.4,30.2,Yes,17,Yes
TKT0001952,2025-04-08 07:23:00,2025-04-09 17:45:33,CUST01738,P4,KYC,Technical,Settlement API,Portal,Engineering,Resolved,0.54,34.38,No,4,No
TKT0001953,2025-08-14 04:57:00,2025-08-14 07:22:41,CUST01245,P1,Payment Failure,General,Payments,Chat,Payments Ops,Resolved,1.19,2.43,Yes,10,No
TKT0001954,2025-10-09 23:34:00,2025-10-11 07:24:07,CUST02742,P4,KYC,Operational,Wallet,Portal,L1 Support,Resolved,0.89,31.84,No,3,No
TKT0001955,2025-09-30 03:13:00,2025-10-02 02:11:21,CUST02794,P3,Login,Operational,Payments,Phone,Engineering,Resolved,0.72,46.97,No,6,Yes
TKT0001956,2025-12-26 19:38:00,2025-12-28 03:31:55,CUST02771,P3,Refund,Operational,Merchant Portal,Email,L1 Support,Resolved,0.62,31.9,No,21,Yes
TKT0001957,2025-09-25 18:23:00,2025-09-26 12:58:44,CUST02936,P3,Payment Failure,Technical,Payments,Portal,KYC Ops,Resolved,1.39,18.6,No,23,No
TKT0001958,2025-12-23 11:53:00,2025-12-23 18:57:22,CUST02115,P2,Payment Failure,Operational,Wallet,Portal,KYC Ops,Resolved,0.59,7.07,Yes,5,No
TKT0001959,2025-07-15 12:26:00,2025-07-15 21:47:03,CUST01117,P3,Payment Failure,Technical,Wallet,Email,KYC Ops,Resolved,0.24,9.35,No,7,No
TKT0001960,2025-07-21 12:13:00,2025-07-21 20:04:35,CUST00713,P4,Refund,Technical,Wallet,Portal,L1 Support,Resolved,0.43,7.86,No,30,No
TKT0001961,2025-11-15 15:10:00,2025-11-18 23:11:26,CUST00275,P4,Settlement,Operational,Wallet,Phone,Payments Ops,Resolved,0.68,80.02,No,16,Yes
TKT0001962,2025-09-08 19:40:00,2025-09-09 08:40:23,CUST02864,P4,Payment Failure,Operational,Merchant Portal,Email,KYC Ops,Resolved,0.8,13.01,Yes,2,No
TKT0001963,2025-02-01 13:42:00,2025-02-02 06:01:07,CUST02027,P3,KYC,Operational,Merchant Portal,Chat,L2 Support,Resolved,1.19,16.32,No,2,No
TKT0001964,2025-01-09 03:37:00,2025-01-10 07:15:16,CUST00823,P4,API,General,Settlement API,Email,L1 Support,Resolved,0.15,27.64,No,6,No
TKT0001965,2025-05-13 20:36:00,2025-05-16 19:35:07,CUST01025,P4,API,Technical,Wallet,Email,Engineering,Resolved,1.24,70.99,No,10,Yes
TKT0001966,2025-11-06 05:48:00,2025-11-07 00:30:57,CUST02446,P4,Payment Failure,General,Wallet,Phone,L2 Support,Resolved,3.2,18.72,No,4,No
TKT0001967,2025-09-16 11:07:00,2025-09-17 01:10:41,CUST00409,P2,Payment Failure,General,Merchant Portal,Phone,KYC Ops,Resolved,1.22,14.06,Yes,4,Yes
TKT0001968,2025-08-13 21:14:00,2025-08-15 06:52:32,CUST01506,P3,API,General,KYC Service,Portal,Engineering,Resolved,0.76,33.64,No,7,Yes
TKT0001969,2025-03-05 22:17:00,2025-03-07 00:41:25,CUST01518,P3,Settlement,General,Payments,Email,Engineering,Resolved,0.54,26.41,No,27,Yes
TKT0001970,2025-03-13 10:14:00,2025-03-14 16:59:54,CUST02788,P4,Payment Failure,General,Merchant Portal,Email,Engineering,Resolved,2.57,30.77,No,1,No
TKT0001971,2025-05-09 06:38:00,2025-05-10 03:06:03,CUST02922,P3,KYC,General,Settlement API,Chat,KYC Ops,Resolved,1.29,20.47,No,5,No
TKT0001972,2025-11-26 07:03:00,2025-11-26 19:55:57,CUST02231,P3,Refund,Operational,Payments,Phone,Payments Ops,Resolved,1.79,12.88,No,44,No
TKT0001973,2025-03-15 02:59:00,2025-03-16 14:55:06,CUST00624,P4,KYC,General,Merchant Portal,Email,L1 Support,Resolved,0.76,35.94,No,31,No
TKT0001974,2025-11-20 08:56:00,2025-11-22 10:43:44,CUST01223,P4,Login,Technical,Payments,Phone,L1 Support,Resolved,0.84,49.8,No,5,Yes
TKT0001975,2025-12-17 01:43:00,2025-12-17 20:07:40,CUST01222,P3,Payment Failure,General,Payments,Email,Payments Ops,Resolved,3.79,18.41,Yes,8,No
TKT0001976,2025-02-02 19:58:00,2025-02-03 15:07:14,CUST00050,P3,Payment Failure,General,Payments,Chat,Payments Ops,Resolved,0.6,19.15,No,2,No
TKT0001977,2025-09-09 13:17:00,2025-09-09 21:03:35,CUST00825,P4,Payment Failure,General,KYC Service,Phone,KYC Ops,Resolved,4.1,7.78,No,3,No
TKT0001978,2025-05-30 16:14:00,2025-06-01 18:37:52,CUST01640,P4,Payment Failure,Technical,Wallet,Portal,Payments Ops,Resolved,0.72,50.4,Yes,1,Yes
TKT0001979,2025-07-21 11:49:00,2025-07-23 00:16:23,CUST02989,P3,KYC,Operational,Merchant Portal,Portal,Payments Ops,Resolved,3.83,36.46,Yes,2,Yes
TKT0001980,2025-06-14 05:57:00,2025-06-15 00:11:03,CUST01800,P3,KYC,Technical,Wallet,Portal,KYC Ops,Resolved,1.87,18.23,No,25,No
TKT0001981,2025-02-18 19:00:00,2025-02-20 00:08:37,CUST01142,P4,Payment Failure,Operational,Payments,Portal,KYC Ops,Resolved,0.59,29.14,No,4,No
TKT0001982,2025-01-11 16:06:00,2025-01-12 17:15:35,CUST02859,P3,API,General,Payments,Portal,KYC Ops,Resolved,6.92,25.16,No,2,Yes
TKT0001983,2025-02-24 13:57:00,2025-02-25 12:18:11,CUST00536,P3,Refund,General,Payments,Email,KYC Ops,Resolved,1.24,22.35,No,1,No
TKT0001984,2025-12-19 02:31:00,2025-12-19 08:45:24,CUST00183,P2,Payment Failure,General,KYC Service,Phone,Engineering,Resolved,0.54,6.24,No,1,No
TKT0001985,2025-07-31 13:33:00,2025-08-02 00:21:22,CUST00165,P3,Payment Failure,Technical,Merchant Portal,Portal,Engineering,Resolved,0.31,34.81,No,3,Yes
TKT0001986,2025-04-10 00:37:00,2025-04-10 12:17:16,CUST02561,P3,Payment Failure,Operational,Wallet,Portal,L1 Support,Resolved,1.97,11.67,No,1,No
TKT0001987,2025-04-23 08:19:00,2025-04-25 09:53:14,CUST00297,P4,Login,Technical,Payments,Phone,L2 Support,Resolved,1.45,49.57,No,8,Yes
TKT0001988,2025-09-16 08:12:00,2025-09-17 09:06:17,CUST02007,P4,Refund,Operational,Merchant Portal,Portal,L1 Support,Resolved,0.57,24.9,No,1,No
TKT0001989,2025-02-21 22:14:00,2025-02-22 02:24:10,CUST00059,P2,API,Technical,Wallet,Phone,L2 Support,Resolved,0.31,4.17,No,2,No
TKT0001990,2025-03-17 08:46:00,2025-03-18 02:48:19,CUST02533,P3,Settlement,Technical,Wallet,Email,L2 Support,Resolved,1.29,18.04,No,19,No
TKT0001991,2025-01-27 11:19:00,2025-01-27 12:55:33,CUST00473,P1,API,Technical,Payments,Chat,Payments Ops,Resolved,1.89,1.61,No,46,No
TKT0001992,2025-03-29 23:03:00,2025-03-30 02:00:12,CUST01569,P1,Payment Failure,Technical,KYC Service,Email,KYC Ops,Resolved,0.43,2.95,Yes,127,No
TKT0001993,2025-05-17 02:23:00,2025-05-17 07:46:56,CUST02696,P3,KYC,General,Wallet,Chat,Payments Ops,Resolved,1.72,5.4,No,2,No
TKT0001994,2025-10-31 14:20:00,2025-11-01 16:37:02,CUST00339,P4,Settlement,Technical,Settlement API,Chat,Payments Ops,Resolved,2.25,26.28,No,7,No
TKT0001995,2025-12-28 11:39:00,2025-12-28 15:09:45,CUST01116,P2,KYC,Technical,KYC Service,Phone,KYC Ops,Resolved,1.27,3.51,Yes,1,No
TKT0001996,2025-12-10 09:16:00,2025-12-10 23:57:35,CUST02696,P3,KYC,Technical,Payments,Chat,Engineering,Resolved,1.92,14.69,No,2,No
TKT0001997,2025-05-22 09:34:00,2025-05-22 13:11:26,CUST01369,P2,Refund,General,KYC Service,Portal,L2 Support,Resolved,0.46,3.62,No,4,No
TKT0001998,2025-10-29 05:33:00,2025-10-29 16:36:45,CUST01699,P3,Refund,Operational,Wallet,Email,KYC Ops,Resolved,0.74,11.06,No,55,No
TKT0001999,2025-08-19 09:22:00,2025-08-19 20:52:47,CUST01650,P4,Login,Technical,Wallet,Portal,KYC Ops,Resolved,0.75,11.51,No,2,No
TKT0002000,2025-12-09 07:58:00,2025-12-09 23:37:39,CUST01133,P3,Payment Failure,General,Payments,Portal,Payments Ops,Resolved,0.47,15.66,No,10,No
TKT0002001,2025-10-13 04:50:00,2025-10-13 19:16:50,CUST00569,P3,KYC,Operational,Wallet,Email,L2 Support,Resolved,0.85,14.45,No,2,No
TKT0002002,2025-06-08 02:14:00,2025-06-08 09:07:53,CUST01882,P3,Login,Technical,Settlement API,Email,Engineering,Resolved,0.69,6.9,No,2,No
TKT0002003,2025-05-08 20:41:00,2025-05-09 08:43:01,CUST02434,P2,Payment Failure,Operational,KYC Service,Chat,Engineering,Resolved,0.19,12.03,Yes,4,Yes
TKT0002004,2025-02-25 09:20:00,2025-02-25 17:20:27,CUST02032,P3,Settlement,General,Settlement API,Chat,L1 Support,Resolved,0.39,8.01,No,19,No
TKT0002005,2025-04-20 11:18:00,2025-04-21 11:21:36,CUST01741,P3,Payment Failure,Operational,Payments,Email,KYC Ops,Resolved,1.65,24.06,Yes,2,Yes
TKT0002006,2025-09-10 16:23:00,2025-09-12 10:21:51,CUST02191,P4,Login,General,KYC Service,Portal,Engineering,Resolved,2.69,41.98,No,11,No
TKT0002007,2025-01-16 19:43:00,2025-01-17 11:55:28,CUST01464,P4,KYC,Technical,Merchant Portal,Chat,KYC Ops,Resolved,1.12,16.21,No,1,No
TKT0002008,2025-04-09 02:47:00,2025-04-09 15:15:53,CUST02242,P2,API,Technical,Wallet,Chat,KYC Ops,Resolved,1.94,12.48,No,2,Yes
TKT0002009,2025-04-14 18:45:00,2025-04-16 09:36:57,CUST02719,P4,Payment Failure,General,Settlement API,Chat,Engineering,Resolved,0.5,38.87,No,4,No
TKT0002010,2025-11-20 01:12:00,2025-11-20 12:15:42,CUST01313,P3,Settlement,Operational,Merchant Portal,Portal,Engineering,Resolved,0.27,11.06,Yes,1,No
TKT0002011,2025-01-23 17:52:00,2025-01-23 19:27:49,CUST01549,P1,Settlement,Operational,Wallet,Phone,Engineering,Resolved,0.59,1.6,Yes,29,No
TKT0002012,2025-11-27 21:52:00,2025-11-28 22:39:41,CUST00569,P3,API,Technical,Payments,Phone,KYC Ops,Resolved,4.37,24.79,No,12,Yes
TKT0002013,2025-12-16 23:40:00,2025-12-17 22:20:10,CUST00979,P3,API,Technical,Merchant Portal,Portal,Payments Ops,Resolved,0.75,22.67,No,3,No
TKT0002014,2025-04-26 19:17:00,2025-04-27 01:59:16,CUST01429,P2,Login,General,Wallet,Phone,L2 Support,Resolved,2.63,6.7,No,55,No
TKT0002015,2025-12-23 13:54:00,2025-12-23 15:33:04,CUST00825,P1,Refund,Operational,Payments,Phone,L2 Support,Resolved,1.47,1.65,Yes,5,No
TKT0002016,2025-09-20 18:45:00,2025-09-23 19:12:39,CUST00658,P4,Login,Operational,Payments,Email,L2 Support,Resolved,0.21,72.46,No,13,Yes
TKT0002017,2025-05-26 16:25:00,2025-05-28 13:03:11,CUST01012,P3,Refund,Operational,Payments,Chat,KYC Ops,Resolved,0.94,44.64,No,2,Yes
TKT0002018,2025-12-07 10:53:00,2025-12-07 20:28:20,CUST02935,P4,Login,General,Payments,Portal,KYC Ops,Resolved,0.73,9.59,No,8,No
TKT0002019,2025-12-27 22:36:00,2025-12-28 15:17:11,CUST00628,P3,Payment Failure,Technical,Merchant Portal,Portal,L2 Support,Resolved,0.51,16.69,No,3,No
TKT0002020,2025-10-14 13:31:00,2025-10-15 11:15:49,CUST01222,P3,Payment Failure,Technical,Payments,Portal,KYC Ops,Resolved,1.18,21.75,No,10,No
TKT0002021,2025-11-09 00:01:00,2025-11-10 17:20:34,CUST00193,P4,Payment Failure,General,KYC Service,Email,L1 Support,Resolved,0.45,41.33,No,1,No
TKT0002022,2025-09-26 17:38:00,2025-09-27 01:50:57,CUST00183,P3,Login,Technical,Payments,Chat,L1 Support,Resolved,0.15,8.22,No,4,No
TKT0002023,2025-05-01 00:13:00,2025-05-02 05:12:44,CUST00415,P4,Payment Failure,Operational,KYC Service,Chat,L2 Support,Resolved,4.23,29.0,No,9,No
TKT0002024,2025-04-01 15:18:00,2025-04-02 08:54:31,CUST02262,P3,Payment Failure,General,Merchant Portal,Portal,L1 Support,Resolved,2.11,17.61,Yes,16,No
TKT0002025,2025-06-16 04:15:00,2025-06-16 14:24:33,CUST01455,P3,KYC,Technical,Payments,Email,KYC Ops,Resolved,3.44,10.16,No,29,No
TKT0002026,2025-01-09 20:37:00,2025-01-11 04:37:02,CUST00631,P3,API,Operational,Wallet,Chat,L1 Support,Resolved,0.5,32.0,No,2,Yes
TKT0002027,2025-05-23 12:46:00,2025-05-25 19:44:26,CUST01452,P4,API,Technical,Settlement API,Portal,L2 Support,Resolved,0.49,54.97,No,5,Yes
TKT0002028,2025-10-23 11:02:00,2025-10-23 20:06:16,CUST00638,P3,Refund,Operational,Payments,Email,Payments Ops,Resolved,0.62,9.07,No,10,No
TKT0002029,2025-12-16 04:10:00,2025-12-17 20:20:34,CUST02121,P4,Payment Failure,Operational,KYC Service,Phone,Engineering,Resolved,1.6,40.18,Yes,10,No
TKT0002030,2025-12-04 08:52:00,2025-12-04 12:24:16,CUST01549,P2,Settlement,Operational,Payments,Phone,L2 Support,Resolved,0.49,3.54,No,4,No
TKT0002031,2025-07-25 21:00:00,2025-07-26 15:56:38,CUST00780,P3,KYC,Technical,Payments,Chat,L2 Support,Resolved,2.28,18.94,No,7,No
TKT0002032,2025-10-09 15:34:00,2025-10-10 02:16:43,CUST02723,P2,API,Technical,Wallet,Chat,Payments Ops,Resolved,1.3,10.71,No,4,Yes
TKT0002033,2025-01-23 20:25:00,2025-01-24 05:15:00,CUST01656,P3,Settlement,Operational,KYC Service,Portal,Payments Ops,Resolved,0.22,8.83,Yes,31,No
TKT0002034,2025-11-16 16:38:00,2025-11-20 01:41:45,CUST00174,P4,API,General,Settlement API,Email,Payments Ops,Resolved,0.54,81.06,No,3,Yes
TKT0002035,2025-03-24 09:26:00,2025-03-25 20:21:56,CUST02519,P3,API,Technical,Wallet,Portal,Engineering,Resolved,2.4,34.93,Yes,5,Yes
TKT0002036,2025-04-25 11:40:00,2025-04-27 12:29:47,CUST00037,P4,KYC,Operational,Merchant Portal,Phone,L1 Support,Resolved,0.53,48.83,No,1,Yes
TKT0002037,2025-11-10 13:54:00,2025-11-11 02:00:53,CUST00194,P2,Login,Technical,KYC Service,Chat,L1 Support,Resolved,0.33,12.11,No,2,Yes
TKT0002038,2025-02-28 03:26:00,2025-02-28 23:50:35,CUST02601,P3,Login,Operational,Settlement API,Portal,Engineering,Resolved,1.9,20.41,No,7,No
TKT0002039,2025-03-26 17:49:00,2025-03-27 18:34:59,CUST02417,P3,Refund,Operational,Wallet,Portal,Engineering,Resolved,0.82,24.77,No,8,Yes
TKT0002040,2025-03-12 08:31:00,2025-03-13 08:29:51,CUST00683,P3,Login,Technical,KYC Service,Portal,L2 Support,Resolved,1.22,23.98,No,2,No
TKT0002041,2025-01-04 09:40:00,2025-01-04 21:39:52,CUST02695,P2,KYC,Technical,Settlement API,Phone,L1 Support,Resolved,0.32,12.0,No,20,Yes
TKT0002042,2025-06-22 08:00:00,2025-06-23 09:38:54,CUST02206,P4,Refund,General,Settlement API,Chat,KYC Ops,Resolved,1.23,25.65,No,26,No
TKT0002043,2025-03-23 04:57:00,2025-03-23 22:34:36,CUST00413,P4,Payment Failure,Technical,Payments,Portal,KYC Ops,Resolved,0.75,17.63,No,8,No
TKT0002044,2025-04-02 14:25:00,2025-04-03 11:03:30,CUST00980,P3,Payment Failure,General,Payments,Chat,L1 Support,Resolved,0.14,20.64,No,5,No
TKT0002045,2025-07-04 02:28:00,2025-07-04 16:05:28,CUST02018,P3,Payment Failure,General,Settlement API,Phone,KYC Ops,Resolved,0.53,13.62,No,1,No
TKT0002046,2025-07-15 18:55:00,2025-07-16 06:55:47,CUST02436,P3,KYC,General,Merchant Portal,Chat,L2 Support,Resolved,1.76,12.01,No,4,No
TKT0002047,2025-02-28 00:02:00,2025-03-01 01:14:04,CUST02831,P4,Payment Failure,Technical,KYC Service,Email,Engineering,Resolved,0.26,25.2,No,2,No
TKT0002048,2025-01-12 06:25:00,2025-01-12 13:25:51,CUST00494,P2,Refund,General,Merchant Portal,Email,Engineering,Resolved,0.59,7.01,No,9,No
TKT0002049,2025-08-17 19:28:00,2025-08-18 07:29:17,CUST01957,P2,Payment Failure,Technical,Settlement API,Chat,L1 Support,Resolved,0.4,12.02,No,8,Yes
TKT0002050,2025-06-26 11:03:00,2025-06-26 15:25:11,CUST00892,P2,Login,Technical,Merchant Portal,Portal,L1 Support,Resolved,1.77,4.37,Yes,6,No
TKT0002051,2025-05-18 02:47:00,2025-05-19 04:32:12,CUST01542,P4,Settlement,Technical,Wallet,Phone,Engineering,Resolved,1.3,25.75,No,2,No
TKT0002052,2025-09-02 06:57:00,2025-09-03 04:41:20,CUST02052,P4,Payment Failure,Operational,Merchant Portal,Chat,Engineering,Resolved,0.63,21.74,No,1,No
TKT0002053,2025-07-12 02:31:00,2025-07-12 15:41:15,CUST00287,P3,KYC,Operational,KYC Service,Phone,KYC Ops,Resolved,3.69,13.17,Yes,11,No
TKT0002054,2025-04-13 07:50:00,2025-04-14 16:03:12,CUST00470,P4,KYC,Technical,Settlement API,Email,L1 Support,Resolved,0.25,32.22,No,1,No
TKT0002055,2025-11-23 03:51:00,2025-11-23 23:45:59,CUST00883,P4,Refund,Technical,Settlement API,Chat,KYC Ops,Resolved,1.18,19.92,No,25,No
TKT0002056,2025-10-10 15:44:00,2025-10-11 06:51:06,CUST02045,P4,KYC,Operational,Merchant Portal,Chat,L2 Support,Resolved,1.83,15.12,No,15,No
TKT0002057,2025-03-26 09:00:00,2025-03-26 13:47:02,CUST02307,P1,Login,General,Settlement API,Phone,Engineering,Resolved,0.53,4.78,Yes,29,Yes
TKT0002058,2025-12-30 20:20:00,2026-01-02 10:36:00,CUST02129,P4,Refund,Operational,Wallet,Phone,Engineering,Resolved,0.83,62.27,No,2,Yes
TKT0002059,2025-07-23 15:17:00,2025-07-23 20:18:29,CUST02561,P2,Refund,Technical,Merchant Portal,Portal,Payments Ops,Resolved,0.97,5.02,Yes,77,No
TKT0002060,2025-09-01 16:07:00,2025-09-03 00:10:07,CUST00428,P4,Payment Failure,Operational,Payments,Email,L2 Support,Resolved,0.95,32.05,Yes,1,No
TKT0002061,2025-02-23 23:59:00,2025-02-25 17:02:04,CUST01985,P4,Payment Failure,General,Merchant Portal,Chat,Engineering,Resolved,0.72,41.05,No,8,No
TKT0002062,2025-06-17 03:40:00,2025-06-18 06:23:10,CUST01789,P4,Login,Technical,Payments,Portal,KYC Ops,Resolved,5.59,26.72,No,3,No
TKT0002063,2025-09-07 22:18:00,2025-09-11 06:51:07,CUST02998,P4,Login,Operational,Wallet,Phone,Payments Ops,Resolved,0.75,80.55,No,12,Yes
TKT0002064,2025-12-20 16:54:00,2025-12-22 18:19:45,CUST01083,P4,KYC,Technical,Merchant Portal,Email,KYC Ops,Resolved,1.69,49.43,No,5,Yes
TKT0002065,2025-11-23 13:38:00,2025-11-24 06:29:09,CUST00320,P3,Payment Failure,Operational,KYC Service,Phone,KYC Ops,Resolved,7.89,16.85,Yes,22,No
TKT0002066,2025-01-16 11:59:00,2025-01-16 16:18:39,CUST02302,P2,API,Technical,Wallet,Portal,Engineering,Resolved,0.56,4.33,No,23,No
TKT0002067,2025-11-21 01:27:00,2025-11-21 10:08:54,CUST00380,P3,Payment Failure,Technical,Merchant Portal,Email,L2 Support,Resolved,0.57,8.7,No,1,No
TKT0002068,2025-12-29 08:55:00,2025-12-29 11:55:38,CUST02644,P2,KYC,General,KYC Service,Email,Engineering,Resolved,3.72,3.01,No,10,No
TKT0002069,2025-05-12 18:22:00,2025-05-14 17:27:28,CUST02124,P3,KYC,General,Payments,Phone,L1 Support,Resolved,0.63,47.09,No,8,Yes
TKT0002070,2025-01-08 20:54:00,2025-01-10 12:03:57,CUST01010,P4,Login,General,Merchant Portal,Chat,Payments Ops,Resolved,0.44,39.17,No,2,No
TKT0002071,2025-04-26 17:08:00,2025-04-27 10:33:38,CUST01482,P3,KYC,Operational,KYC Service,Phone,KYC Ops,Resolved,0.5,17.43,No,15,No
TKT0002072,2025-06-06 08:24:00,2025-06-06 13:46:26,CUST00537,P2,Login,General,KYC Service,Chat,L2 Support,Resolved,1.0,5.37,No,8,No
TKT0002073,2025-06-07 15:57:00,2025-06-08 02:30:14,CUST02814,P3,Refund,Operational,KYC Service,Email,Payments Ops,Resolved,0.38,10.55,No,17,No
TKT0002074,2025-03-03 05:36:00,2025-03-03 08:50:22,CUST01381,P2,Payment Failure,Operational,Settlement API,Portal,L2 Support,Resolved,1.07,3.24,No,2,No
TKT0002075,2025-08-20 10:59:00,2025-08-21 10:37:24,CUST02418,P4,Login,Technical,KYC Service,Portal,Engineering,Resolved,1.42,23.64,No,3,No
TKT0002076,2025-08-11 01:43:00,2025-08-12 17:31:05,CUST01650,P4,Payment Failure,Operational,KYC Service,Phone,L2 Support,Resolved,2.13,39.8,No,10,No
TKT0002077,2025-04-03 07:13:00,2025-04-04 04:52:28,CUST01822,P3,Payment Failure,Operational,Wallet,Chat,L2 Support,Resolved,0.52,21.66,No,36,No
TKT0002078,2025-12-13 22:49:00,2025-12-15 08:09:51,CUST00249,P3,Login,Operational,Merchant Portal,Phone,Payments Ops,Resolved,0.55,33.35,No,23,Yes
TKT0002079,2025-05-02 18:42:00,2025-05-04 08:24:57,CUST00036,P4,Settlement,Operational,Payments,Email,Engineering,Resolved,0.27,37.72,No,2,No
TKT0002080,2025-09-27 21:46:00,2025-09-28 09:00:25,CUST02116,P2,Payment Failure,General,Merchant Portal,Portal,L2 Support,Resolved,1.0,11.24,No,6,Yes
TKT0002081,2025-04-14 02:54:00,2025-04-15 03:21:50,CUST01398,P3,Settlement,Operational,Merchant Portal,Phone,Engineering,Resolved,0.48,24.46,No,6,Yes
TKT0002082,2025-11-18 09:27:00,2025-11-20 00:09:13,CUST00363,P4,Refund,Technical,Payments,Phone,Engineering,Resolved,2.09,38.7,No,10,No
TKT0002083,2025-10-03 14:06:00,2025-10-04 07:41:12,CUST01901,P4,Refund,General,KYC Service,Phone,L2 Support,Resolved,3.43,17.59,No,44,No
TKT0002084,2025-01-28 06:37:00,2025-01-28 10:01:15,CUST01779,P2,Payment Failure,Technical,KYC Service,Email,Payments Ops,Resolved,0.97,3.4,Yes,14,No
TKT0002085,2025-12-31 17:30:00,2026-01-01 12:42:33,CUST00224,P4,Payment Failure,Technical,Payments,Email,KYC Ops,Resolved,0.79,19.21,No,19,No
TKT0002086,2025-02-23 22:30:00,2025-02-24 09:22:41,CUST00413,P3,Login,Operational,Settlement API,Email,Payments Ops,Resolved,1.55,10.88,No,12,No
TKT0002087,2025-06-23 08:29:00,2025-06-23 18:52:09,CUST02736,P2,Payment Failure,General,Wallet,Phone,KYC Ops,Resolved,10.04,10.39,No,6,Yes
TKT0002088,2025-02-10 04:32:00,2025-02-10 17:55:44,CUST00807,P3,Login,General,KYC Service,Portal,L1 Support,Resolved,0.47,13.4,No,7,No
TKT0002089,2025-12-07 20:33:00,2025-12-08 18:17:26,CUST00620,P3,Settlement,Technical,Merchant Portal,Portal,Engineering,Resolved,2.98,21.74,No,44,No
TKT0002090,2025-02-06 10:28:00,2025-02-07 20:43:03,CUST01901,P4,Settlement,Technical,Payments,Chat,L2 Support,Resolved,1.14,34.25,No,7,No
TKT0002091,2025-10-14 11:24:00,2025-10-15 14:55:27,CUST01087,P4,Refund,Technical,KYC Service,Portal,L2 Support,Resolved,0.21,27.52,No,26,No
TKT0002092,2025-08-19 13:41:00,2025-08-20 03:36:18,CUST00821,P3,Payment Failure,Technical,Payments,Portal,L2 Support,Resolved,0.51,13.92,No,10,No
TKT0002093,2025-05-17 15:18:00,2025-05-18 09:43:17,CUST00018,P3,KYC,Technical,Wallet,Portal,Engineering,Resolved,1.71,18.42,No,4,No
TKT0002094,2025-03-12 12:43:00,2025-03-13 23:18:54,CUST00600,P4,API,Technical,Wallet,Email,Engineering,Resolved,0.34,34.6,Yes,5,No
TKT0002095,2025-01-20 05:44:00,2025-01-22 00:33:42,CUST01207,P4,Payment Failure,General,KYC Service,Chat,Payments Ops,Resolved,0.74,42.83,No,2,No
TKT0002096,2025-11-01 14:38:00,2025-11-02 13:23:50,CUST00261,P3,Login,General,Settlement API,Chat,Engineering,Resolved,0.97,22.76,No,10,No
TKT0002097,2025-11-28 11:22:00,2025-11-29 16:07:48,CUST01937,P4,API,General,Payments,Chat,Payments Ops,Resolved,0.31,28.76,No,25,No
TKT0002098,2025-01-13 22:09:00,2025-01-16 10:13:14,CUST00146,P4,API,Operational,Payments,Phone,L2 Support,Resolved,1.86,60.07,No,20,Yes
TKT0002099,2025-05-08 19:10:00,2025-05-10 11:30:23,CUST01716,P3,API,Operational,Wallet,Email,L2 Support,Resolved,0.49,40.34,No,2,Yes
TKT0002100,2025-04-14 09:39:00,2025-04-15 01:31:54,CUST01714,P3,Refund,Technical,Merchant Portal,Chat,L2 Support,Resolved,0.49,15.88,No,6,No
TKT0002101,2025-09-14 01:33:00,2025-09-14 15:30:44,CUST02186,P4,Settlement,General,Merchant Portal,Email,Engineering,Resolved,1.35,13.96,Yes,1,No
TKT0002102,2025-10-16 19:36:00,2025-10-17 20:54:58,CUST02181,P4,Refund,General,Settlement API,Phone,Engineering,Resolved,0.65,25.32,No,9,No
TKT0002103,2025-02-25 17:15:00,2025-02-26 16:35:44,CUST01593,P3,Settlement,General,KYC Service,Email,L2 Support,Resolved,1.28,23.35,No,5,No
TKT0002104,2025-05-04 02:47:00,2025-05-04 19:53:02,CUST01893,P4,Refund,Operational,KYC Service,Chat,L2 Support,Resolved,1.96,17.1,No,22,No
TKT0002105,2025-06-23 00:30:00,2025-06-23 13:15:32,CUST02383,P3,Refund,General,Wallet,Chat,Engineering,Resolved,0.47,12.76,No,4,No
TKT0002106,2025-03-27 06:11:00,2025-03-27 23:08:44,CUST01381,P3,Settlement,Technical,Merchant Portal,Email,Payments Ops,Resolved,0.62,16.96,No,2,No
TKT0002107,2025-07-26 05:21:00,2025-07-26 08:37:03,CUST02253,P2,KYC,Technical,KYC Service,Portal,Payments Ops,Resolved,2.5,3.27,No,10,No
TKT0002108,2025-04-13 09:55:00,2025-04-13 16:56:20,CUST02954,P2,KYC,Operational,Wallet,Phone,Engineering,Resolved,0.89,7.02,No,1,No
TKT0002109,2025-08-23 20:16:00,2025-08-24 03:34:53,CUST02028,P2,API,Technical,Settlement API,Portal,Engineering,Resolved,1.14,7.31,Yes,23,No
TKT0002110,2025-07-10 20:49:00,2025-07-12 04:27:12,CUST01262,P4,Refund,Operational,Wallet,Phone,KYC Ops,Resolved,0.47,31.64,No,2,No
TKT0002111,2025-01-03 22:28:00,2025-01-04 06:23:24,CUST01724,P2,API,General,Payments,Portal,Engineering,Resolved,0.3,7.92,No,19,No
TKT0002112,2025-09-18 10:07:00,2025-09-19 08:10:36,CUST01471,P3,API,General,Wallet,Chat,Payments Ops,Resolved,1.67,22.06,No,17,No
TKT0002113,2025-04-17 02:32:00,2025-04-17 13:07:24,CUST01778,P3,Payment Failure,Operational,Settlement API,Phone,Engineering,Resolved,2.77,10.59,No,5,No
TKT0002114,2025-06-24 17:24:00,2025-06-25 22:57:37,CUST02959,P4,Payment Failure,Operational,Wallet,Email,L1 Support,Resolved,0.27,29.56,Yes,4,No
TKT0002115,2025-02-19 11:59:00,2025-02-20 10:09:59,CUST00243,P3,Payment Failure,General,Wallet,Chat,Payments Ops,Resolved,0.37,22.18,No,5,No
TKT0002116,2025-11-11 09:02:00,2025-11-12 19:37:14,CUST01371,P3,API,Operational,Merchant Portal,Phone,Payments Ops,Resolved,1.96,34.59,No,13,Yes
TKT0002117,2025-11-15 08:52:00,2025-11-16 01:23:50,CUST00383,P3,Refund,Technical,Settlement API,Email,Engineering,Resolved,0.17,16.53,No,62,No
TKT0002118,2025-02-21 19:54:00,2025-02-22 00:15:44,CUST00646,P1,KYC,General,Settlement API,Portal,L2 Support,Resolved,0.84,4.36,No,16,Yes
TKT0002119,2025-10-23 21:39:00,2025-10-24 10:40:29,CUST02193,P3,KYC,Operational,Merchant Portal,Phone,Payments Ops,Resolved,0.75,13.02,No,94,No
TKT0002120,2025-05-01 20:39:00,2025-05-02 01:34:27,CUST01964,P2,Payment Failure,General,Payments,Chat,KYC Ops,Resolved,0.72,4.92,No,2,No
TKT0002121,2025-03-11 07:56:00,2025-03-12 12:28:05,CUST02192,P3,Refund,Operational,Wallet,Email,L2 Support,Resolved,0.42,28.53,No,5,Yes
TKT0002122,2025-07-24 04:04:00,2025-07-24 13:54:48,CUST01856,P3,Login,Operational,KYC Service,Chat,L2 Support,Resolved,1.13,9.85,No,10,No
TKT0002123,2025-05-17 10:16:00,2025-05-18 19:06:55,CUST00018,P3,Settlement,Operational,Settlement API,Email,L1 Support,Resolved,1.56,32.85,No,9,Yes
TKT0002124,2025-09-17 02:10:00,2025-09-17 05:51:23,CUST00921,P2,Settlement,Operational,KYC Service,Email,Engineering,Resolved,0.67,3.69,No,9,No
TKT0002125,2025-07-31 23:51:00,2025-08-02 05:01:38,CUST02867,P4,Refund,Operational,Wallet,Phone,KYC Ops,Resolved,0.67,29.18,Yes,6,No
TKT0002126,2025-12-19 00:21:00,2025-12-19 21:57:19,CUST02951,P3,Payment Failure,General,Wallet,Email,Payments Ops,Resolved,0.43,21.61,No,6,No
TKT0002127,2025-08-28 10:33:00,2025-08-28 16:10:00,CUST02349,P4,Login,Technical,Settlement API,Email,Engineering,Resolved,0.91,5.62,No,1,No
TKT0002128,2025-07-06 16:31:00,2025-07-07 06:55:03,CUST01592,P3,Payment Failure,General,Merchant Portal,Chat,L1 Support,Resolved,0.59,14.4,No,33,No
TKT0002129,2025-01-26 09:57:00,2025-01-26 21:12:16,CUST01985,P3,Login,General,KYC Service,Portal,Engineering,Resolved,0.24,11.25,No,3,No
TKT0002130,2025-04-05 06:57:00,2025-04-06 14:20:04,CUST01835,P3,Refund,Technical,Payments,Phone,KYC Ops,Resolved,0.95,31.38,No,3,Yes
TKT0002131,2025-07-23 22:18:00,2025-07-27 12:46:44,CUST01097,P4,Payment Failure,Operational,Settlement API,Chat,Payments Ops,Resolved,1.14,86.48,No,3,Yes
TKT0002132,2025-06-17 22:34:00,2025-06-19 03:40:48,CUST01292,P3,Refund,General,Payments,Phone,L1 Support,Resolved,1.28,29.11,No,1,Yes
TKT0002133,2025-10-26 07:53:00,2025-10-27 10:18:07,CUST00438,P3,Settlement,General,KYC Service,Chat,Engineering,Resolved,2.08,26.42,No,6,Yes
TKT0002134,2025-02-06 16:05:00,2025-02-08 23:06:25,CUST01748,P3,Payment Failure,General,Wallet,Chat,L2 Support,Resolved,1.57,55.02,No,1,Yes
TKT0002135,2025-10-05 02:59:00,2025-10-06 16:00:31,CUST01046,P3,API,Technical,Wallet,Email,L2 Support,Resolved,1.58,37.03,No,2,Yes
TKT0002136,2025-10-01 04:11:00,2025-10-01 17:13:48,CUST02375,P3,Refund,General,Payments,Chat,Payments Ops,Resolved,0.72,13.05,No,3,No
TKT0002137,2025-07-21 13:41:00,2025-07-22 10:27:55,CUST02959,P3,KYC,Operational,Settlement API,Phone,Payments Ops,Resolved,0.89,20.78,No,18,No
TKT0002138,2025-10-02 14:49:00,2025-10-03 10:48:46,CUST02643,P4,Settlement,Operational,Payments,Portal,KYC Ops,Resolved,0.78,20.0,No,8,No
TKT0002139,2025-11-28 18:28:00,2025-11-29 09:08:45,CUST02009,P3,Settlement,Operational,Payments,Portal,L1 Support,Resolved,0.21,14.68,No,26,No
TKT0002140,2025-06-29 09:10:00,2025-06-29 13:19:50,CUST02646,P2,KYC,Technical,KYC Service,Phone,Engineering,Resolved,1.25,4.16,Yes,43,No
TKT0002141,2025-11-10 19:29:00,2025-11-11 15:28:22,CUST00266,P4,Payment Failure,Operational,Merchant Portal,Phone,Engineering,Resolved,0.61,19.99,No,4,No
TKT0002142,2025-10-01 11:44:00,2025-10-02 02:02:22,CUST01827,P3,KYC,Operational,KYC Service,Phone,Engineering,Resolved,0.64,14.31,No,21,No
TKT0002143,2025-03-19 11:34:00,2025-03-20 05:46:19,CUST00872,P3,Settlement,General,Merchant Portal,Chat,Engineering,Resolved,0.69,18.21,Yes,11,No
TKT0002144,2025-10-15 13:24:00,2025-10-17 08:50:46,CUST02001,P4,Login,Technical,KYC Service,Email,Engineering,Resolved,1.39,43.45,No,5,No
TKT0002145,2025-10-14 11:52:00,2025-10-15 00:22:49,CUST00332,P3,Payment Failure,Technical,KYC Service,Chat,L2 Support,Resolved,1.68,12.51,No,10,No
TKT0002146,2025-04-04 06:43:00,2025-04-04 16:23:54,CUST02543,P3,Payment Failure,General,KYC Service,Phone,Engineering,Resolved,1.84,9.68,No,6,No
TKT0002147,2025-03-06 01:51:00,2025-03-07 02:12:22,CUST02643,P3,Login,Operational,Merchant Portal,Phone,KYC Ops,Resolved,0.79,24.36,No,35,Yes
TKT0002148,2025-01-14 00:41:00,2025-01-14 23:53:47,CUST01627,P3,API,General,Settlement API,Email,Payments Ops,Resolved,0.59,23.21,No,1,No
TKT0002149,2025-09-05 19:05:00,2025-09-07 00:52:28,CUST01942,P3,Login,Technical,Payments,Portal,Engineering,Resolved,1.46,29.79,No,29,Yes
TKT0002150,2025-05-29 06:29:00,2025-05-29 14:32:07,CUST02318,P3,API,Technical,Merchant Portal,Portal,Engineering,Resolved,0.2,8.05,No,3,No
TKT0002151,2025-03-04 10:25:00,2025-03-04 13:32:40,CUST01931,P1,Payment Failure,Technical,Payments,Phone,L1 Support,Resolved,0.95,3.13,No,7,No
TKT0002152,2025-03-09 16:00:00,2025-03-11 00:27:37,CUST02003,P4,Payment Failure,General,Merchant Portal,Chat,KYC Ops,Resolved,2.06,32.46,No,5,No
TKT0002153,2025-01-07 06:24:00,2025-01-08 08:58:28,CUST00834,P4,Settlement,General,Payments,Portal,KYC Ops,Resolved,0.53,26.57,No,6,No
TKT0002154,2025-12-11 14:55:00,2025-12-12 08:38:12,CUST00797,P3,Settlement,General,Merchant Portal,Portal,KYC Ops,Resolved,1.94,17.72,No,4,No
TKT0002155,2025-01-06 04:29:00,2025-01-07 09:33:12,CUST02738,P3,Refund,Operational,Wallet,Email,Engineering,Resolved,2.14,29.07,Yes,27,Yes
TKT0002156,2025-11-30 18:05:00,2025-12-01 05:04:31,CUST01815,P3,Settlement,General,KYC Service,Chat,L2 Support,Resolved,0.7,10.99,No,1,No
TKT0002157,2025-05-12 00:56:00,2025-05-12 02:03:06,CUST01263,P1,Payment Failure,Technical,KYC Service,Phone,L1 Support,Resolved,0.24,1.12,Yes,13,No
TKT0002158,2025-08-04 07:18:00,2025-08-05 06:57:31,CUST01318,P4,Payment Failure,Technical,KYC Service,Chat,KYC Ops,Resolved,0.5,23.66,No,5,No
TKT0002159,2025-09-27 06:27:00,2025-09-28 18:53:57,CUST02408,P4,KYC,General,Wallet,Portal,L1 Support,Resolved,0.97,36.45,No,11,No
TKT0002160,2025-12-12 20:39:00,2025-12-13 04:54:15,CUST01907,P3,Login,General,Settlement API,Chat,L2 Support,Resolved,4.59,8.25,No,5,No
TKT0002161,2025-08-08 23:51:00,2025-08-09 07:38:25,CUST02025,P2,API,General,KYC Service,Chat,L1 Support,Resolved,0.78,7.79,Yes,29,No
TKT0002162,2025-11-11 20:07:00,2025-11-12 03:23:25,CUST00052,P3,Settlement,General,Payments,Phone,Engineering,Resolved,1.46,7.27,No,4,No
TKT0002163,2025-04-26 13:18:00,2025-04-27 14:36:47,CUST01397,P3,Refund,General,Settlement API,Chat,L2 Support,Resolved,0.44,25.31,No,2,Yes
TKT0002164,2025-05-29 19:23:00,2025-05-30 16:24:37,CUST02975,P4,KYC,Operational,Settlement API,Phone,Engineering,Resolved,2.0,21.03,No,1,No
TKT0002165,2025-07-10 15:02:00,2025-07-10 22:43:13,CUST02796,P2,Payment Failure,Operational,Wallet,Phone,L1 Support,Resolved,0.22,7.69,No,55,No
TKT0002166,2025-07-02 02:51:00,2025-07-02 22:29:33,CUST02252,P3,API,General,Wallet,Portal,L2 Support,Resolved,0.33,19.64,No,26,No
TKT0002167,2025-08-12 10:34:00,2025-08-13 06:49:00,CUST01750,P2,API,General,Wallet,Chat,L2 Support,Resolved,0.23,20.25,No,3,Yes
TKT0002168,2025-07-16 04:35:00,2025-07-16 20:05:59,CUST02595,P3,Payment Failure,Operational,Merchant Portal,Portal,Engineering,Resolved,2.15,15.52,No,23,No
TKT0002169,2025-08-04 07:50:00,2025-08-05 10:19:28,CUST02132,P4,Settlement,General,Settlement API,Chat,L1 Support,Resolved,0.32,26.49,No,10,No
TKT0002170,2025-05-13 16:15:00,2025-05-13 18:08:06,CUST02372,P1,Refund,General,Settlement API,Chat,Engineering,Resolved,0.67,1.89,No,23,No
TKT0002171,2025-12-07 19:36:00,2025-12-08 03:49:49,CUST00637,P3,Payment Failure,Operational,Payments,Email,L1 Support,Resolved,0.3,8.23,No,7,No
TKT0002172,2025-01-20 13:23:00,2025-01-21 08:08:00,CUST00816,P4,Payment Failure,Operational,Merchant Portal,Chat,L2 Support,Resolved,2.16,18.75,Yes,6,No
TKT0002173,2025-10-28 05:23:00,2025-10-28 09:54:46,CUST00555,P2,Refund,Technical,Wallet,Chat,Payments Ops,Resolved,1.05,4.53,No,3,No
TKT0002174,2025-02-02 05:30:00,2025-02-04 00:39:21,CUST02273,P4,Login,Operational,KYC Service,Phone,L1 Support,Resolved,1.76,43.16,Yes,7,No
TKT0002175,2025-10-28 18:02:00,2025-10-29 00:20:37,CUST00316,P2,KYC,Technical,KYC Service,Email,Engineering,Resolved,1.3,6.31,No,72,No
TKT0002176,2025-04-22 05:18:00,2025-04-22 14:53:12,CUST02365,P3,Settlement,General,Merchant Portal,Email,Payments Ops,Resolved,0.83,9.59,No,26,No
TKT0002177,2025-08-10 01:03:00,2025-08-10 06:47:28,CUST00234,P2,Refund,Technical,Payments,Email,L2 Support,Resolved,1.27,5.74,No,17,No
TKT0002178,2025-02-18 18:26:00,2025-02-20 23:34:27,CUST00892,P4,KYC,Technical,Payments,Portal,Payments Ops,Resolved,0.36,53.14,No,7,Yes
TKT0002179,2025-02-06 01:29:00,2025-02-06 13:34:35,CUST00962,P3,Payment Failure,Technical,Merchant Portal,Phone,Engineering,Resolved,0.43,12.09,No,233,No
TKT0002180,2025-03-08 11:08:00,2025-03-10 04:05:31,CUST00418,P4,Login,General,Payments,Email,Payments Ops,Resolved,0.1,40.96,No,1,No
TKT0002181,2025-05-18 18:51:00,2025-05-19 16:17:19,CUST00590,P3,Refund,General,Settlement API,Email,Payments Ops,Resolved,5.48,21.44,No,1,No
TKT0002182,2025-03-18 09:52:00,2025-03-19 06:31:50,CUST02354,P3,Payment Failure,General,Settlement API,Portal,Engineering,Resolved,0.43,20.66,No,17,No
TKT0002183,2025-11-14 16:21:00,2025-11-15 13:29:06,CUST00161,P3,Login,Technical,Settlement API,Phone,Payments Ops,Resolved,2.48,21.14,No,6,No
TKT0002184,2025-06-09 02:14:00,2025-06-09 08:42:30,CUST00981,P2,Refund,Operational,Merchant Portal,Portal,Engineering,Resolved,0.27,6.48,No,15,No
TKT0002185,2025-12-15 02:24:00,2025-12-15 16:09:51,CUST00827,P3,Payment Failure,Technical,Payments,Chat,Payments Ops,Resolved,0.34,13.76,No,1,No
TKT0002186,2025-06-08 00:02:00,2025-06-08 03:52:09,CUST01890,P2,KYC,Operational,Merchant Portal,Email,Payments Ops,Resolved,1.73,3.84,Yes,11,No
TKT0002187,2025-08-03 15:06:00,2025-08-04 03:24:12,CUST00320,P3,API,General,Merchant Portal,Chat,KYC Ops,Resolved,11.4,12.3,No,5,No
TKT0002188,2025-06-07 19:36:00,2025-06-07 23:02:33,CUST00778,P2,Payment Failure,Technical,KYC Service,Phone,KYC Ops,Resolved,0.53,3.44,No,3,No
TKT0002189,2025-09-28 05:02:00,2025-09-29 21:27:45,CUST01077,P4,Refund,General,Payments,Portal,L1 Support,Resolved,0.8,40.43,No,3,No
TKT0002190,2025-02-23 23:31:00,2025-02-25 03:09:59,CUST02442,P4,KYC,Operational,Wallet,Email,Engineering,Resolved,0.46,27.65,No,10,No
TKT0002191,2025-07-31 09:12:00,2025-08-01 19:54:02,CUST02856,P3,Settlement,General,Payments,Chat,L1 Support,Resolved,0.67,34.7,No,10,Yes
TKT0002192,2025-01-14 22:07:00,2025-01-15 21:32:34,CUST01031,P3,API,Technical,Settlement API,Portal,L1 Support,Resolved,2.09,23.43,No,39,No
TKT0002193,2025-02-26 03:56:00,2025-02-26 13:10:16,CUST01157,P2,Refund,Operational,Payments,Chat,L1 Support,Resolved,1.49,9.24,Yes,13,Yes
TKT0002194,2025-01-03 10:27:00,2025-01-03 21:39:55,CUST01156,P3,KYC,Operational,Settlement API,Phone,Engineering,Resolved,0.59,11.22,No,32,No
TKT0002195,2025-02-22 17:20:00,2025-02-23 02:41:35,CUST02647,P3,Login,Operational,KYC Service,Portal,KYC Ops,Resolved,2.97,9.36,No,53,No
TKT0002196,2025-01-06 16:19:00,2025-01-07 12:41:49,CUST01445,P3,Payment Failure,Technical,Merchant Portal,Portal,Engineering,Resolved,0.96,20.38,No,14,No
TKT0002197,2025-04-24 17:20:00,2025-04-27 03:23:44,CUST01119,P4,Settlement,Operational,Wallet,Chat,L1 Support,Resolved,0.39,58.06,No,4,Yes
TKT0002198,2025-08-17 00:47:00,2025-08-17 17:19:15,CUST01217,P3,Settlement,Technical,KYC Service,Chat,L1 Support,Resolved,0.87,16.54,No,1,No
TKT0002199,2025-03-23 04:35:00,2025-03-23 18:39:46,CUST01535,P4,KYC,Technical,Settlement API,Phone,Engineering,Resolved,2.23,14.08,Yes,5,No
TKT0002200,2025-04-02 10:28:00,2025-04-03 04:33:02,CUST02025,P3,Login,Operational,Settlement API,Portal,Engineering,Resolved,0.45,18.08,No,53,No
TKT0002201,2025-10-17 18:52:00,2025-10-19 01:45:53,CUST02736,P4,Login,Technical,KYC Service,Portal,KYC Ops,Resolved,3.89,30.9,No,4,No
TKT0002202,2025-06-21 05:34:00,2025-06-22 03:47:33,CUST00780,P4,Payment Failure,Technical,KYC Service,Chat,Engineering,Resolved,0.18,22.23,No,3,No
TKT0002203,2025-08-23 17:35:00,2025-08-27 20:03:06,CUST02853,P4,KYC,Technical,KYC Service,Email,L2 Support,Resolved,1.21,98.47,No,7,Yes
TKT0002204,2025-09-04 15:09:00,2025-09-08 01:47:56,CUST00488,P4,KYC,Operational,KYC Service,Phone,L1 Support,Resolved,0.8,82.65,No,7,Yes
TKT0002205,2025-05-05 04:19:00,2025-05-06 04:22:18,CUST02105,P3,Settlement,Technical,Settlement API,Portal,L2 Support,Resolved,4.83,24.06,No,8,Yes
TKT0002206,2025-12-16 16:09:00,2025-12-16 19:54:19,CUST01849,P2,KYC,General,Wallet,Phone,KYC Ops,Resolved,2.32,3.76,No,11,No
TKT0002207,2025-08-03 19:57:00,2025-08-04 03:39:08,CUST02077,P2,API,Operational,Merchant Portal,Email,L1 Support,Resolved,0.37,7.7,No,35,No
TKT0002208,2025-05-08 22:25:00,2025-05-09 13:55:42,CUST02985,P3,Payment Failure,General,Payments,Email,Engineering,Resolved,0.59,15.51,No,43,No
TKT0002209,2025-04-04 11:09:00,2025-04-05 03:24:24,CUST01699,P4,Refund,General,Settlement API,Portal,KYC Ops,Resolved,1.29,16.26,No,18,No
TKT0002210,2025-08-29 06:39:00,2025-08-29 12:17:05,CUST00258,P2,API,General,Settlement API,Portal,L1 Support,Resolved,0.27,5.63,Yes,7,No
TKT0002211,2025-10-19 21:02:00,2025-10-22 18:39:03,CUST01567,P4,Settlement,Technical,Payments,Chat,L2 Support,Resolved,1.31,69.62,No,14,Yes
TKT0002212,2025-03-04 09:07:00,2025-03-05 06:38:12,CUST02749,P3,Refund,General,Wallet,Phone,KYC Ops,Resolved,1.41,21.52,No,5,No
TKT0002213,2025-02-21 10:29:00,2025-02-21 20:09:05,CUST00009,P3,Login,Technical,Payments,Portal,Payments Ops,Resolved,1.45,9.67,No,15,No
TKT0002214,2025-01-22 02:57:00,2025-01-22 23:45:55,CUST01354,P3,API,General,Payments,Portal,L2 Support,Resolved,1.41,20.82,No,22,No
TKT0002215,2025-03-07 09:24:00,2025-03-07 22:11:59,CUST00752,P3,Payment Failure,General,Settlement API,Chat,Engineering,Resolved,0.59,12.8,No,14,No
TKT0002216,2025-01-04 13:07:00,2025-01-05 00:06:45,CUST02199,P3,Payment Failure,Operational,Wallet,Email,L2 Support,Resolved,1.37,11.0,No,24,No
TKT0002217,2025-03-29 17:54:00,2025-03-30 09:04:03,CUST02328,P3,Login,Technical,Merchant Portal,Phone,Engineering,Resolved,0.71,15.17,Yes,59,No
TKT0002218,2025-06-18 03:07:00,2025-06-20 04:18:13,CUST01053,P4,API,General,Settlement API,Portal,KYC Ops,Resolved,1.28,49.19,No,9,Yes
TKT0002219,2025-10-09 05:48:00,2025-10-11 05:28:53,CUST01380,P4,Settlement,General,Merchant Portal,Email,L1 Support,Resolved,0.32,47.68,No,1,No
TKT0002220,2025-07-26 00:24:00,2025-07-26 17:44:41,CUST01036,P3,Refund,Technical,Merchant Portal,Chat,Engineering,Resolved,0.43,17.34,No,6,No
TKT0002221,2025-05-30 01:05:00,2025-05-31 02:25:45,CUST02257,P4,Payment Failure,General,Payments,Portal,Payments Ops,Resolved,1.1,25.35,No,4,No
TKT0002222,2025-06-19 01:40:00,2025-06-19 03:02:48,CUST00390,P1,Payment Failure,Operational,Payments,Email,L2 Support,Resolved,0.92,1.38,Yes,122,No
TKT0002223,2025-01-26 12:51:00,2025-01-28 23:00:02,CUST00824,P4,KYC,Technical,Payments,Email,L1 Support,Resolved,1.69,58.15,No,5,Yes
TKT0002224,2025-08-04 00:12:00,2025-08-04 12:14:55,CUST01037,P2,Refund,Operational,Merchant Portal,Email,KYC Ops,Resolved,0.88,12.05,Yes,12,Yes
TKT0002225,2025-10-20 16:50:00,2025-10-23 14:19:41,CUST01079,P4,API,Technical,Merchant Portal,Email,L2 Support,Resolved,0.35,69.49,No,3,Yes
TKT0002226,2025-02-23 05:38:00,2025-02-23 10:52:55,CUST00284,P1,Settlement,General,Wallet,Portal,L1 Support,Resolved,0.73,5.25,No,32,Yes
TKT0002227,2025-02-04 11:58:00,2025-02-04 15:41:54,CUST02362,P2,Refund,Technical,Merchant Portal,Chat,L1 Support,Resolved,0.23,3.73,No,6,No
TKT0002228,2025-07-26 19:51:00,2025-07-27 08:17:16,CUST01982,P4,Settlement,Technical,KYC Service,Phone,L2 Support,Resolved,1.06,12.44,No,26,No
TKT0002229,2025-12-07 00:30:00,2025-12-08 01:00:35,CUST00804,P4,API,General,Merchant Portal,Chat,Engineering,Resolved,2.13,24.51,No,5,No
TKT0002230,2025-04-26 01:39:00,2025-04-26 05:15:01,CUST02984,P2,Payment Failure,Operational,Merchant Portal,Email,L1 Support,Resolved,1.58,3.6,No,3,No
TKT0002231,2025-02-22 05:06:00,2025-02-23 00:25:03,CUST01656,P3,Refund,General,Wallet,Email,L2 Support,Resolved,1.22,19.32,No,4,No
TKT0002232,2025-04-06 02:17:00,2025-04-06 12:58:54,CUST00089,P4,API,Operational,KYC Service,Phone,L2 Support,Resolved,0.54,10.7,No,75,No
TKT0002233,2025-10-06 12:00:00,2025-10-08 04:51:36,CUST02495,P4,Payment Failure,Technical,Wallet,Portal,L2 Support,Resolved,0.31,40.86,No,1,No
TKT0002234,2025-12-28 17:09:00,2025-12-28 18:03:55,CUST01712,P1,Login,Operational,Wallet,Portal,Engineering,Resolved,0.68,0.92,No,127,No
TKT0002235,2025-06-25 03:10:00,2025-06-26 04:01:14,CUST02693,P4,Login,Technical,KYC Service,Chat,L1 Support,Resolved,1.31,24.85,No,8,No
TKT0002236,2025-09-28 04:35:00,2025-09-29 04:53:37,CUST01996,P3,Refund,Operational,Merchant Portal,Phone,L2 Support,Resolved,0.61,24.31,No,18,Yes
TKT0002237,2025-12-05 06:56:00,2025-12-05 20:38:27,CUST00700,P4,Settlement,General,Payments,Chat,KYC Ops,Resolved,0.35,13.71,Yes,15,No
TKT0002238,2025-09-11 22:41:00,2025-09-13 10:35:57,CUST00818,P4,API,General,Payments,Email,Payments Ops,Resolved,0.17,35.92,No,11,No
TKT0002239,2025-08-11 17:05:00,2025-08-14 22:39:53,CUST01879,P3,API,General,Wallet,Portal,KYC Ops,Resolved,1.97,77.58,No,4,Yes
TKT0002240,2025-05-22 21:01:00,2025-05-27 09:09:18,CUST01121,P4,Payment Failure,Technical,Settlement API,Portal,KYC Ops,Resolved,0.34,108.14,No,3,Yes
TKT0002241,2025-03-31 01:27:00,2025-03-31 17:18:26,CUST01795,P3,Login,Operational,Settlement API,Chat,L2 Support,Resolved,0.43,15.86,No,4,No
TKT0002242,2025-12-02 16:38:00,2025-12-04 00:28:32,CUST00488,P4,Payment Failure,Operational,Wallet,Email,Payments Ops,Resolved,0.99,31.84,No,1,No
TKT0002243,2025-11-17 13:28:00,2025-11-18 02:38:46,CUST02507,P3,Refund,Operational,Payments,Chat,Engineering,Resolved,0.36,13.18,No,15,No
TKT0002244,2025-02-08 20:40:00,2025-02-10 06:09:09,CUST01182,P3,Settlement,Technical,KYC Service,Phone,Engineering,Resolved,1.73,33.49,No,5,Yes
TKT0002245,2025-01-29 11:26:00,2025-01-29 21:06:20,CUST01282,P3,Refund,General,Merchant Portal,Phone,Engineering,Resolved,0.23,9.67,Yes,16,No
TKT0002246,2025-07-12 08:56:00,2025-07-14 00:12:01,CUST01814,P4,Payment Failure,Operational,Wallet,Chat,L1 Support,Resolved,0.57,39.27,No,13,No
TKT0002247,2025-09-05 20:37:00,2025-09-06 03:03:52,CUST00390,P2,Payment Failure,Technical,KYC Service,Email,L1 Support,Resolved,4.64,6.45,No,4,No
TKT0002248,2025-04-09 11:05:00,2025-04-09 20:46:53,CUST02824,P3,Login,Operational,Settlement API,Portal,L2 Support,Resolved,0.13,9.7,No,2,No
TKT0002249,2025-11-21 13:55:00,2025-11-21 21:30:22,CUST01011,P2,API,General,Payments,Chat,Engineering,Resolved,0.79,7.59,No,28,No
TKT0002250,2025-10-23 22:26:00,2025-10-25 00:04:06,CUST01979,P3,Login,Operational,Payments,Portal,Payments Ops,Resolved,0.23,25.64,Yes,28,Yes
TKT0002251,2025-12-07 05:47:00,2025-12-09 13:10:35,CUST00395,P4,Payment Failure,Technical,Wallet,Portal,L2 Support,Resolved,0.53,55.39,No,13,Yes
TKT0002252,2025-12-02 03:00:00,2025-12-04 14:51:51,CUST01880,P4,Refund,General,Merchant Portal,Email,L2 Support,Resolved,2.64,59.86,No,9,Yes
TKT0002253,2025-02-10 20:48:00,2025-02-11 13:27:27,CUST02911,P3,Payment Failure,Technical,Wallet,Chat,Payments Ops,Resolved,2.91,16.66,No,1,No
TKT0002254,2025-07-07 00:10:00,2025-07-07 22:17:16,CUST01393,P4,KYC,Technical,Payments,Email,L1 Support,Resolved,0.48,22.12,No,11,No
TKT0002255,2025-09-22 05:24:00,2025-09-23 13:49:24,CUST01931,P4,Refund,Operational,KYC Service,Portal,L2 Support,Resolved,2.41,32.42,No,10,No
TKT0002256,2025-01-17 21:28:00,2025-01-18 10:35:43,CUST00999,P3,Payment Failure,Operational,Merchant Portal,Portal,L2 Support,Resolved,0.36,13.13,Yes,12,No
TKT0002257,2025-04-12 12:46:00,2025-04-14 04:23:32,CUST01061,P4,Payment Failure,Technical,Wallet,Portal,L1 Support,Resolved,1.08,39.63,Yes,6,No
TKT0002258,2025-08-22 22:13:00,2025-08-23 19:01:24,CUST00355,P4,Login,Operational,KYC Service,Portal,L1 Support,Resolved,0.31,20.81,No,28,No
TKT0002259,2025-05-09 14:07:00,2025-05-09 18:42:48,CUST01578,P2,Settlement,Technical,Wallet,Portal,Engineering,Resolved,2.21,4.6,No,2,No
TKT0002260,2025-07-01 14:08:00,2025-07-01 16:00:43,CUST00875,P1,Payment Failure,Technical,Settlement API,Phone,L2 Support,Resolved,1.1,1.88,Yes,6,No
TKT0002261,2025-10-25 20:00:00,2025-10-26 06:57:13,CUST01371,P3,Payment Failure,Operational,Payments,Chat,Engineering,Resolved,1.28,10.95,No,33,No
TKT0002262,2025-09-13 14:57:00,2025-09-14 10:15:13,CUST01236,P3,Payment Failure,Operational,Wallet,Phone,KYC Ops,Resolved,0.2,19.3,No,4,No
TKT0002263,2025-12-11 08:28:00,2025-12-11 22:12:09,CUST01160,P3,Login,Technical,KYC Service,Email,Engineering,Resolved,0.33,13.74,No,9,No
TKT0002264,2025-05-06 10:25:00,2025-05-08 23:07:41,CUST02162,P4,API,Operational,Merchant Portal,Email,Payments Ops,Resolved,0.96,60.71,No,15,Yes
TKT0002265,2025-01-02 14:42:00,2025-01-02 23:13:20,CUST00597,P3,Refund,Operational,KYC Service,Portal,L2 Support,Resolved,0.54,8.52,No,33,No
TKT0002266,2025-02-27 20:53:00,2025-03-01 02:23:40,CUST00490,P4,Refund,Operational,Wallet,Phone,KYC Ops,Resolved,0.72,29.51,Yes,6,No
TKT0002267,2025-03-08 11:46:00,2025-03-08 15:26:47,CUST02465,P2,Refund,Technical,Merchant Portal,Email,L2 Support,Resolved,0.6,3.68,No,4,No
TKT0002268,2025-09-03 00:01:00,2025-09-04 12:54:47,CUST00390,P4,Payment Failure,Technical,Settlement API,Phone,Payments Ops,Resolved,0.4,36.9,No,4,No
TKT0002269,2025-10-09 07:35:00,2025-10-09 17:29:46,CUST02930,P3,API,Technical,Settlement API,Chat,Engineering,Resolved,0.86,9.91,No,6,No
TKT0002270,2025-11-21 11:11:00,2025-11-22 00:44:25,CUST02371,P3,Payment Failure,Technical,KYC Service,Chat,KYC Ops,Resolved,1.19,13.56,No,28,No
TKT0002271,2025-08-01 21:14:00,2025-08-02 18:19:12,CUST02432,P3,Settlement,General,Merchant Portal,Portal,L1 Support,Resolved,1.69,21.09,Yes,24,No
TKT0002272,2025-01-24 03:20:00,2025-01-24 11:34:17,CUST01927,P3,Payment Failure,Operational,KYC Service,Phone,L1 Support,Resolved,2.07,8.24,No,17,No
TKT0002273,2025-06-06 09:08:00,2025-06-06 10:52:00,CUST00662,P2,KYC,Operational,Wallet,Phone,Engineering,Resolved,0.46,1.73,Yes,2,No
TKT0002274,2025-04-17 07:36:00,2025-04-17 12:51:11,CUST00045,P2,KYC,Technical,Payments,Chat,Payments Ops,Resolved,2.34,5.25,No,3,No
TKT0002275,2025-12-18 21:56:00,2025-12-19 10:50:04,CUST02058,P4,Refund,Operational,Merchant Portal,Phone,KYC Ops,Resolved,0.5,12.9,No,2,No
TKT0002276,2025-02-07 20:57:00,2025-02-08 20:51:52,CUST00242,P3,Refund,Operational,Payments,Portal,Engineering,Resolved,2.3,23.91,Yes,11,No
TKT0002277,2025-02-18 21:40:00,2025-02-19 11:53:00,CUST01066,P3,KYC,General,KYC Service,Portal,L2 Support,Resolved,1.1,14.22,No,3,No
TKT0002278,2025-12-09 14:45:00,2025-12-10 18:51:47,CUST01935,P3,Refund,Technical,Wallet,Email,L2 Support,Resolved,2.87,28.11,No,9,Yes
TKT0002279,2025-04-15 04:32:00,2025-04-15 20:41:37,CUST02773,P3,Payment Failure,Operational,Payments,Email,L2 Support,Resolved,5.76,16.16,No,3,No
TKT0002280,2025-09-27 09:59:00,2025-09-27 13:23:05,CUST01179,P2,API,Technical,Wallet,Portal,L2 Support,Resolved,0.24,3.4,No,2,No
TKT0002281,2025-12-10 15:39:00,2025-12-12 03:21:47,CUST01442,P4,Payment Failure,General,Settlement API,Portal,Payments Ops,Resolved,0.17,35.71,Yes,3,No
TKT0002282,2025-02-04 20:34:00,2025-02-06 15:44:20,CUST00947,P3,API,General,Wallet,Chat,Engineering,Resolved,1.21,43.17,No,4,Yes
TKT0002283,2025-09-16 22:49:00,2025-09-17 19:43:13,CUST00133,P4,Payment Failure,Operational,Settlement API,Email,L2 Support,Resolved,1.99,20.9,No,2,No
TKT0002284,2025-01-31 14:01:00,2025-02-01 05:38:42,CUST00687,P3,Payment Failure,Technical,Payments,Chat,L1 Support,Resolved,1.54,15.63,No,4,No
TKT0002285,2025-06-15 15:34:00,2025-06-16 04:57:00,CUST02298,P3,KYC,Operational,Wallet,Portal,Engineering,Resolved,3.17,13.38,No,6,No
TKT0002286,2025-09-24 08:31:00,2025-09-26 01:12:32,CUST02106,P4,Refund,General,Merchant Portal,Phone,L2 Support,Resolved,0.27,40.69,Yes,11,No
TKT0002287,2025-04-24 18:58:00,2025-04-28 13:31:35,CUST01868,P4,API,General,KYC Service,Chat,L1 Support,Resolved,0.28,90.56,No,16,Yes
TKT0002288,2025-05-12 17:30:00,2025-05-14 10:26:50,CUST01754,P4,KYC,General,Settlement API,Chat,Engineering,Resolved,1.09,40.95,No,3,No
TKT0002289,2025-04-24 03:43:00,2025-04-25 09:18:30,CUST00809,P3,Payment Failure,Operational,Payments,Email,L1 Support,Resolved,0.82,29.59,No,3,Yes
TKT0002290,2025-09-07 14:52:00,2025-09-09 19:55:39,CUST00733,P4,Settlement,Technical,Merchant Portal,Portal,Payments Ops,Resolved,1.73,53.06,No,12,Yes
TKT0002291,2025-01-21 00:03:00,2025-01-21 04:21:57,CUST02237,P2,Refund,General,KYC Service,Email,KYC Ops,Resolved,3.58,4.32,Yes,7,No
TKT0002292,2025-05-10 23:09:00,2025-05-11 05:14:18,CUST00717,P3,Login,Technical,Settlement API,Portal,KYC Ops,Resolved,1.81,6.09,Yes,1,No
TKT0002293,2025-12-10 20:33:00,2025-12-12 17:18:39,CUST01900,P4,KYC,Operational,KYC Service,Phone,KYC Ops,Resolved,1.09,44.76,No,2,No
TKT0002294,2025-03-09 15:37:00,2025-03-10 04:10:45,CUST02231,P2,API,Technical,KYC Service,Chat,L2 Support,Resolved,4.0,12.56,Yes,19,Yes
TKT0002295,2025-02-23 10:48:00,2025-02-23 16:36:20,CUST02265,P1,Login,Technical,Merchant Portal,Portal,KYC Ops,Resolved,1.83,5.81,No,15,Yes
TKT0002296,2025-05-19 07:50:00,2025-05-21 09:09:21,CUST01049,P4,KYC,Operational,Payments,Phone,Payments Ops,Resolved,0.58,49.32,No,1,Yes
TKT0002297,2025-09-07 07:30:00,2025-09-11 01:47:47,CUST02790,P4,Payment Failure,Technical,Settlement API,Portal,Engineering,Resolved,0.33,90.3,No,7,Yes
TKT0002298,2025-04-30 20:28:00,2025-05-01 14:26:35,CUST02215,P3,Refund,Technical,Merchant Portal,Portal,KYC Ops,Resolved,2.09,17.98,No,2,No
TKT0002299,2025-01-31 11:28:00,2025-02-02 12:46:02,CUST01172,P4,Settlement,General,Wallet,Phone,L2 Support,Resolved,1.06,49.3,No,66,Yes
TKT0002300,2025-09-21 20:30:00,2025-09-22 07:33:11,CUST02442,P3,Refund,General,Payments,Phone,Engineering,Resolved,0.61,11.05,No,5,No
TKT0002301,2025-12-17 15:52:00,2025-12-18 12:07:02,CUST00899,P3,Login,General,Merchant Portal,Chat,L2 Support,Resolved,0.41,20.25,No,6,No
TKT0002302,2025-11-15 05:44:00,2025-11-16 03:14:16,CUST01541,P3,Payment Failure,Technical,Payments,Phone,L2 Support,Resolved,1.23,21.5,No,14,No
TKT0002303,2025-05-18 00:21:00,2025-05-18 14:50:40,CUST02881,P3,Payment Failure,Technical,KYC Service,Portal,KYC Ops,Resolved,0.76,14.49,No,5,No
TKT0002304,2025-09-24 01:23:00,2025-09-25 01:40:12,CUST01665,P3,Payment Failure,General,Merchant Portal,Phone,Engineering,Resolved,0.58,24.29,Yes,46,Yes
TKT0002305,2025-09-18 14:25:00,2025-09-19 01:36:40,CUST02762,P3,KYC,General,Merchant Portal,Chat,KYC Ops,Resolved,0.77,11.19,No,35,No
TKT0002306,2025-02-27 09:19:00,2025-02-27 21:24:38,CUST02613,P3,Refund,Technical,Merchant Portal,Email,Engineering,Resolved,1.35,12.09,Yes,8,No
TKT0002307,2025-04-27 22:34:00,2025-04-28 12:58:37,CUST00684,P4,API,Operational,Merchant Portal,Email,L1 Support,Resolved,0.65,14.41,No,4,No
TKT0002308,2025-07-11 06:20:00,2025-07-11 22:41:21,CUST02262,P3,API,Operational,Payments,Phone,L1 Support,Resolved,2.32,16.36,No,6,No
TKT0002309,2025-12-29 08:07:00,2025-12-29 16:29:04,CUST00118,P2,Payment Failure,Technical,Wallet,Chat,KYC Ops,Resolved,1.3,8.37,No,6,Yes
TKT0002310,2025-05-10 09:12:00,2025-05-10 15:50:57,CUST00713,P2,Refund,Technical,Payments,Chat,Engineering,Resolved,0.81,6.65,Yes,2,No
TKT0002311,2025-01-12 05:11:00,2025-01-13 09:38:39,CUST00483,P3,KYC,Technical,Settlement API,Email,L2 Support,Resolved,0.1,28.46,No,1,Yes
TKT0002312,2025-03-20 12:11:00,2025-03-21 03:28:11,CUST01530,P3,Settlement,Operational,KYC Service,Chat,KYC Ops,Resolved,1.38,15.29,Yes,46,No
TKT0002313,2025-08-25 10:35:00,2025-08-25 21:45:16,CUST02600,P4,Refund,General,Merchant Portal,Portal,L2 Support,Resolved,0.45,11.17,Yes,1,No
TKT0002314,2025-06-25 22:54:00,2025-06-27 00:57:22,CUST00186,P4,Payment Failure,General,Wallet,Chat,KYC Ops,Resolved,0.95,26.06,No,2,No
TKT0002315,2025-03-01 21:49:00,2025-03-02 01:17:25,CUST02185,P2,Refund,General,KYC Service,Chat,Engineering,Resolved,1.12,3.47,Yes,1,No
TKT0002316,2025-11-30 03:12:00,2025-11-30 05:40:17,CUST01358,P2,Payment Failure,Technical,Wallet,Phone,L2 Support,Resolved,1.2,2.47,Yes,5,No
TKT0002317,2025-03-28 17:39:00,2025-03-29 13:19:03,CUST02663,P4,API,Operational,Settlement API,Chat,L2 Support,Resolved,0.53,19.67,No,6,No
TKT0002318,2025-10-05 03:14:00,2025-10-05 18:25:32,CUST00531,P3,API,Technical,Merchant Portal,Phone,L1 Support,Resolved,0.57,15.19,No,4,No
TKT0002319,2025-08-27 13:04:00,2025-08-29 16:20:58,CUST00991,P3,KYC,General,Settlement API,Phone,Payments Ops,Resolved,0.5,51.28,No,9,Yes
TKT0002320,2025-04-16 19:19:00,2025-04-17 22:46:20,CUST02484,P4,Login,General,Merchant Portal,Chat,KYC Ops,Resolved,1.14,27.46,No,27,No
TKT0002321,2025-06-01 11:36:00,2025-06-01 22:28:29,CUST00206,P3,API,Technical,KYC Service,Portal,KYC Ops,Resolved,0.54,10.87,No,16,No
TKT0002322,2025-09-08 23:33:00,2025-09-09 16:12:28,CUST01085,P3,Payment Failure,General,Payments,Chat,L1 Support,Resolved,0.89,16.66,No,3,No
TKT0002323,2025-12-26 20:24:00,2025-12-26 22:59:10,CUST02187,P2,API,Operational,Wallet,Chat,Payments Ops,Resolved,1.03,2.59,No,1,No
TKT0002324,2025-04-23 00:18:00,2025-04-23 05:05:43,CUST00839,P2,Settlement,General,Wallet,Chat,Engineering,Resolved,1.47,4.8,Yes,1,No
TKT0002325,2025-09-21 12:38:00,2025-09-22 09:19:52,CUST02992,P3,Login,Operational,KYC Service,Phone,Payments Ops,Resolved,0.98,20.7,No,6,No
TKT0002326,2025-01-19 08:29:00,2025-01-21 05:59:11,CUST02295,P3,Payment Failure,Technical,Merchant Portal,Portal,Engineering,Resolved,0.39,45.5,No,1,Yes
TKT0002327,2025-01-15 05:04:00,2025-01-16 04:17:30,CUST00898,P4,Settlement,Technical,Payments,Phone,KYC Ops,Resolved,2.39,23.23,No,5,No
TKT0002328,2025-10-28 20:39:00,2025-10-29 13:28:28,CUST02541,P3,Refund,General,Merchant Portal,Chat,L1 Support,Resolved,3.69,16.82,No,27,No
TKT0002329,2025-12-16 14:32:00,2025-12-17 20:02:22,CUST00725,P4,Login,Technical,Merchant Portal,Phone,L2 Support,Resolved,1.09,29.51,Yes,1,No
TKT0002330,2025-03-14 06:49:00,2025-03-15 08:20:36,CUST00515,P4,Login,Operational,Payments,Phone,Payments Ops,Resolved,1.96,25.53,Yes,7,No
TKT0002331,2025-09-08 06:34:00,2025-09-09 14:39:18,CUST01413,P4,Payment Failure,Technical,KYC Service,Chat,L2 Support,Resolved,4.03,32.09,No,7,No
TKT0002332,2025-05-03 03:39:00,2025-05-04 14:19:17,CUST00786,P3,Payment Failure,General,Settlement API,Phone,L1 Support,Resolved,1.77,34.67,No,10,Yes
TKT0002333,2025-02-21 09:16:00,2025-02-22 10:37:24,CUST02184,P4,Settlement,Operational,Payments,Email,Engineering,Resolved,0.48,25.36,No,37,No
TKT0002334,2025-09-15 01:53:00,2025-09-15 15:28:56,CUST02389,P2,Payment Failure,Operational,Wallet,Email,L1 Support,Resolved,1.11,13.6,Yes,41,Yes
TKT0002335,2025-05-09 02:49:00,2025-05-09 21:34:06,CUST02229,P4,Settlement,Technical,Settlement API,Phone,Payments Ops,Resolved,1.69,18.75,No,2,No
TKT0002336,2025-07-15 18:34:00,2025-07-16 20:27:01,CUST00808,P4,Payment Failure,General,Settlement API,Email,Engineering,Resolved,1.75,25.88,No,6,No
TKT0002337,2025-09-02 22:28:00,2025-09-03 16:46:04,CUST01268,P3,Payment Failure,Technical,KYC Service,Chat,Engineering,Resolved,1.54,18.3,No,32,No
TKT0002338,2025-03-27 09:59:00,2025-03-28 17:22:23,CUST02034,P4,Login,General,Wallet,Chat,Payments Ops,Resolved,0.18,31.39,No,34,No
TKT0002339,2025-05-11 06:54:00,2025-05-12 22:29:17,CUST01078,P4,API,General,KYC Service,Chat,L2 Support,Resolved,0.16,39.59,No,38,No
TKT0002340,2025-02-14 08:25:00,2025-02-14 19:12:03,CUST01689,P3,Refund,General,Settlement API,Email,L1 Support,Resolved,1.26,10.78,No,16,No
TKT0002341,2025-05-10 06:32:00,2025-05-10 13:13:25,CUST01839,P2,Refund,Operational,Merchant Portal,Chat,L2 Support,Resolved,0.31,6.69,No,63,No
TKT0002342,2025-06-14 08:44:00,2025-06-16 17:41:59,CUST02158,P3,Refund,Operational,Payments,Email,Payments Ops,Resolved,0.63,56.97,No,35,Yes
TKT0002343,2025-08-20 01:37:00,2025-08-21 07:41:44,CUST02466,P3,Settlement,Operational,Settlement API,Chat,KYC Ops,Resolved,0.59,30.08,No,9,Yes
TKT0002344,2025-01-17 23:52:00,2025-01-18 13:55:05,CUST01140,P3,KYC,Operational,Merchant Portal,Portal,L1 Support,Resolved,0.46,14.05,Yes,3,No
TKT0002345,2025-06-22 06:15:00,2025-06-23 03:55:42,CUST00372,P3,API,Technical,Merchant Portal,Portal,Payments Ops,Resolved,2.57,21.68,No,2,No
TKT0002346,2025-04-14 22:37:00,2025-04-15 09:40:41,CUST00788,P3,Payment Failure,Operational,KYC Service,Portal,Payments Ops,Resolved,1.07,11.06,No,2,No
TKT0002347,2025-02-23 13:15:00,2025-02-23 21:37:12,CUST00403,P2,API,Operational,Payments,Email,Payments Ops,Resolved,0.67,8.37,No,4,Yes
TKT0002348,2025-07-23 17:01:00,2025-07-24 08:12:25,CUST00239,P3,KYC,General,Merchant Portal,Chat,Engineering,Resolved,0.3,15.19,No,1,No
TKT0002349,2025-05-06 22:10:00,2025-05-07 14:11:09,CUST00529,P3,Settlement,Operational,Settlement API,Email,Engineering,Resolved,1.07,16.02,No,4,No
TKT0002350,2025-12-11 08:03:00,2025-12-14 20:10:04,CUST01465,P4,KYC,Technical,Settlement API,Chat,Payments Ops,Resolved,1.01,84.12,No,12,Yes
TKT0002351,2025-11-07 18:14:00,2025-11-08 17:53:24,CUST01243,P3,Payment Failure,Operational,Wallet,Portal,Payments Ops,Resolved,1.15,23.66,No,1,No
TKT0002352,2025-12-17 07:11:00,2025-12-20 19:25:21,CUST00615,P4,API,General,Wallet,Email,KYC Ops,Resolved,1.97,84.24,Yes,4,Yes
TKT0002353,2025-06-20 09:35:00,2025-06-20 16:41:16,CUST00199,P3,Refund,Operational,Settlement API,Email,L1 Support,Resolved,1.43,7.1,Yes,10,No
TKT0002354,2025-08-18 11:10:00,2025-08-19 05:54:37,CUST00807,P3,Refund,General,Settlement API,Phone,KYC Ops,Resolved,2.69,18.74,No,6,No
TKT0002355,2025-10-18 01:47:00,2025-10-18 04:38:12,CUST00409,P1,Settlement,Technical,Settlement API,Email,Payments Ops,Resolved,1.2,2.85,Yes,41,No
TKT0002356,2025-06-18 23:31:00,2025-06-19 22:48:21,CUST02648,P3,Payment Failure,General,Wallet,Chat,Payments Ops,Resolved,0.74,23.29,No,3,No
TKT0002357,2025-08-16 00:07:00,2025-08-16 17:37:29,CUST00435,P3,KYC,Operational,Payments,Portal,L2 Support,Resolved,0.99,17.51,No,11,No
TKT0002358,2025-08-24 03:59:00,2025-08-24 13:34:19,CUST01801,P2,API,Operational,KYC Service,Chat,L2 Support,Resolved,0.54,9.59,No,3,Yes
TKT0002359,2025-07-19 14:54:00,2025-07-20 04:02:29,CUST00449,P3,Payment Failure,Operational,Merchant Portal,Phone,KYC Ops,Resolved,0.76,13.14,No,28,No
TKT0002360,2025-08-31 09:40:00,2025-09-01 19:24:13,CUST02598,P3,Settlement,Technical,Settlement API,Chat,L1 Support,Resolved,1.38,33.74,No,16,Yes
TKT0002361,2025-02-11 21:18:00,2025-02-12 02:55:14,CUST00016,P2,Payment Failure,General,Payments,Phone,KYC Ops,Resolved,0.83,5.62,No,6,No
TKT0002362,2025-09-04 02:49:00,2025-09-04 19:47:34,CUST01123,P2,Login,Operational,Merchant Portal,Phone,KYC Ops,Resolved,0.6,16.98,No,6,Yes
TKT0002363,2025-09-30 18:39:00,2025-10-01 23:00:29,CUST00829,P4,KYC,Operational,Merchant Portal,Chat,L1 Support,Resolved,0.53,28.36,No,32,No
TKT0002364,2025-02-19 19:32:00,2025-02-20 01:25:29,CUST01417,P3,Settlement,Technical,Payments,Phone,Payments Ops,Resolved,1.61,5.89,No,4,No
TKT0002365,2025-02-02 23:44:00,2025-02-05 02:16:04,CUST00918,P3,Payment Failure,Operational,Payments,Portal,Engineering,Resolved,0.36,50.53,No,20,Yes
TKT0002366,2025-12-04 11:58:00,2025-12-05 10:22:07,CUST02519,P3,Settlement,Operational,Settlement API,Portal,KYC Ops,Resolved,0.66,22.4,No,82,No
TKT0002367,2025-12-19 15:21:00,2025-12-19 21:36:42,CUST01561,P3,Settlement,Technical,KYC Service,Email,KYC Ops,Resolved,1.65,6.26,Yes,6,No
TKT0002368,2025-08-08 11:51:00,2025-08-09 21:29:35,CUST00259,P3,KYC,General,KYC Service,Portal,L2 Support,Resolved,0.93,33.64,No,19,Yes
TKT0002369,2025-06-23 01:14:00,2025-06-23 20:35:35,CUST02945,P3,Login,Technical,Settlement API,Email,Payments Ops,Resolved,1.15,19.36,No,14,No
TKT0002370,2025-05-15 16:22:00,2025-05-16 17:02:06,CUST00238,P3,Refund,General,Wallet,Chat,Engineering,Resolved,1.62,24.67,No,2,Yes
TKT0002371,2025-11-01 13:24:00,2025-11-02 10:31:48,CUST01360,P3,API,General,Settlement API,Chat,L1 Support,Resolved,0.53,21.13,No,7,No
TKT0002372,2025-10-15 07:21:00,2025-10-15 18:07:17,CUST02909,P3,API,General,Settlement API,Email,Payments Ops,Resolved,3.24,10.77,No,11,No
TKT0002373,2025-06-23 07:46:00,2025-06-23 10:42:49,CUST02620,P2,Settlement,General,Settlement API,Email,KYC Ops,Resolved,0.79,2.95,No,9,No
TKT0002374,2025-09-09 17:11:00,2025-09-10 09:19:05,CUST01423,P3,Payment Failure,Operational,KYC Service,Chat,L2 Support,Resolved,5.15,16.13,No,21,No
TKT0002375,2025-08-31 09:44:00,2025-09-01 20:49:40,CUST01762,P4,KYC,General,Settlement API,Email,L2 Support,Resolved,0.53,35.09,No,1,No
TKT0002376,2025-05-04 06:38:00,2025-05-05 13:04:03,CUST01797,P3,Payment Failure,General,Settlement API,Email,Engineering,Resolved,0.65,30.43,No,13,Yes
TKT0002377,2025-12-15 06:37:00,2025-12-17 23:35:06,CUST00173,P3,API,Operational,KYC Service,Chat,KYC Ops,Resolved,2.19,64.97,Yes,9,Yes
TKT0002378,2025-04-11 19:54:00,2025-04-12 02:44:17,CUST02224,P2,Refund,Technical,Settlement API,Portal,L1 Support,Resolved,0.82,6.84,No,25,No
TKT0002379,2025-04-07 07:28:00,2025-04-10 11:26:48,CUST02527,P3,KYC,Technical,Wallet,Portal,L2 Support,Resolved,0.15,75.98,No,4,Yes
TKT0002380,2025-11-10 19:32:00,2025-11-10 22:49:08,CUST01526,P2,Payment Failure,General,Merchant Portal,Portal,Engineering,Resolved,0.38,3.29,No,8,No
TKT0002381,2025-02-12 00:22:00,2025-02-12 11:46:53,CUST02015,P3,KYC,Operational,Settlement API,Portal,KYC Ops,Resolved,0.29,11.41,No,5,No
TKT0002382,2025-09-25 09:46:00,2025-09-27 01:52:48,CUST00597,P4,Login,Operational,Wallet,Phone,Engineering,Resolved,0.22,40.11,No,2,No
TKT0002383,2025-12-04 21:20:00,2025-12-04 22:53:52,CUST00515,P2,Refund,Technical,Settlement API,Phone,Payments Ops,Resolved,0.54,1.56,Yes,2,No
TKT0002384,2025-04-12 20:10:00,2025-04-14 19:57:17,CUST01418,P4,Payment Failure,Operational,Payments,Chat,Engineering,Resolved,0.61,47.79,No,1,No
TKT0002385,2025-09-05 02:59:00,2025-09-05 20:03:18,CUST02188,P4,Settlement,General,Settlement API,Email,Engineering,Resolved,2.06,17.07,Yes,87,No
TKT0002386,2025-06-26 15:03:00,2025-06-27 13:13:29,CUST02389,P4,Settlement,Operational,Payments,Email,KYC Ops,Resolved,3.65,22.17,No,7,No
TKT0002387,2025-04-05 23:42:00,2025-04-06 07:20:55,CUST01690,P2,KYC,Operational,Merchant Portal,Portal,L1 Support,Resolved,0.43,7.65,No,2,No
TKT0002388,2025-01-24 08:48:00,2025-01-24 20:17:26,CUST00413,P3,Payment Failure,General,KYC Service,Chat,Payments Ops,Resolved,1.51,11.49,No,10,No
TKT0002389,2025-07-03 00:09:00,2025-07-04 05:19:37,CUST00301,P3,API,Operational,KYC Service,Portal,Payments Ops,Resolved,1.33,29.18,No,5,Yes
TKT0002390,2025-10-03 03:33:00,2025-10-05 23:55:10,CUST00811,P4,Refund,Technical,KYC Service,Email,KYC Ops,Resolved,0.79,68.37,No,7,Yes
TKT0002391,2025-08-10 13:09:00,2025-08-12 12:25:52,CUST01262,P4,API,Operational,Settlement API,Email,L2 Support,Resolved,0.82,47.28,No,32,No
TKT0002392,2025-03-20 23:59:00,2025-03-21 07:54:40,CUST00339,P3,Refund,Operational,Payments,Chat,L2 Support,Resolved,1.02,7.93,No,8,No
TKT0002393,2025-08-20 16:20:00,2025-08-21 01:56:43,CUST01519,P2,Settlement,Technical,Wallet,Portal,Engineering,Resolved,1.85,9.61,Yes,2,Yes
TKT0002394,2025-02-04 10:45:00,2025-02-06 21:46:32,CUST01993,P4,API,Technical,Merchant Portal,Portal,KYC Ops,Resolved,0.61,59.03,No,1,Yes
TKT0002395,2025-12-07 02:08:00,2025-12-07 10:24:57,CUST01004,P2,API,Technical,Wallet,Email,Engineering,Resolved,0.11,8.28,Yes,15,Yes
TKT0002396,2025-05-29 08:07:00,2025-05-30 00:54:41,CUST00292,P2,API,Technical,Settlement API,Email,Engineering,Resolved,0.45,16.79,Yes,11,Yes
TKT0002397,2025-09-10 20:00:00,2025-09-13 11:20:51,CUST00973,P4,API,General,Payments,Chat,Payments Ops,Resolved,1.16,63.35,No,3,Yes
TKT0002398,2025-11-20 01:20:00,2025-11-20 21:39:38,CUST01047,P4,API,Operational,Wallet,Phone,L2 Support,Resolved,2.46,20.33,No,17,No
TKT0002399,2025-08-05 19:22:00,2025-08-07 11:03:56,CUST02093,P4,Payment Failure,General,Payments,Portal,L2 Support,Resolved,0.57,39.7,No,1,No
TKT0002400,2025-02-26 21:35:00,2025-03-03 07:26:09,CUST00914,P4,KYC,Technical,Merchant Portal,Email,Engineering,Resolved,0.43,105.85,No,3,Yes
TKT0002401,2025-06-15 09:20:00,2025-06-16 14:15:57,CUST00177,P4,KYC,General,Merchant Portal,Chat,L2 Support,Resolved,0.42,28.93,No,3,No
TKT0002402,2025-01-09 02:34:00,2025-01-09 22:58:13,CUST01521,P4,KYC,General,Merchant Portal,Email,L2 Support,Resolved,1.61,20.4,No,1,No
TKT0002403,2025-11-29 12:42:00,2025-11-30 21:59:53,CUST00651,P3,API,Operational,Settlement API,Portal,KYC Ops,Resolved,4.93,33.3,No,15,Yes
TKT0002404,2025-12-25 01:16:00,2025-12-25 02:09:29,CUST02945,P1,Payment Failure,Operational,Wallet,Phone,L2 Support,Resolved,0.9,0.89,No,20,No
TKT0002405,2025-12-07 15:31:00,2025-12-10 01:03:04,CUST01537,P4,Refund,Operational,Merchant Portal,Phone,Engineering,Resolved,3.37,57.53,No,6,Yes
TKT0002406,2025-11-24 15:58:00,2025-11-26 00:54:38,CUST01335,P4,API,General,Wallet,Chat,Payments Ops,Resolved,0.45,32.94,No,22,No
TKT0002407,2025-03-20 08:00:00,2025-03-21 11:31:17,CUST02554,P3,Settlement,General,Payments,Phone,L1 Support,Resolved,1.27,27.52,No,19,Yes
TKT0002408,2025-08-30 09:55:00,2025-08-30 13:44:32,CUST01629,P1,KYC,Technical,Payments,Portal,KYC Ops,Resolved,1.15,3.83,No,5,No
TKT0002409,2025-05-01 00:09:00,2025-05-02 04:22:22,CUST02797,P4,Payment Failure,General,Merchant Portal,Chat,L1 Support,Resolved,0.22,28.22,No,2,No
TKT0002410,2025-11-06 18:47:00,2025-11-07 01:46:47,CUST01484,P3,KYC,Operational,KYC Service,Chat,Payments Ops,Resolved,1.25,7.0,No,22,No
TKT0002411,2025-01-18 22:57:00,2025-01-19 14:12:14,CUST00417,P3,API,Technical,Payments,Email,L2 Support,Resolved,1.19,15.25,No,6,No
TKT0002412,2025-08-12 09:09:00,2025-08-13 07:39:40,CUST00506,P4,Payment Failure,General,Payments,Portal,Engineering,Resolved,0.24,22.51,No,3,No
TKT0002413,2025-07-28 04:07:00,2025-07-28 14:30:46,CUST02607,P3,Settlement,Technical,Merchant Portal,Chat,Payments Ops,Resolved,4.79,10.4,No,4,No
TKT0002414,2025-03-10 09:34:00,2025-03-10 22:56:03,CUST02842,P3,KYC,General,Settlement API,Portal,L1 Support,Resolved,0.68,13.37,No,1,No
TKT0002415,2025-03-01 13:50:00,2025-03-02 10:07:16,CUST02673,P3,Login,General,KYC Service,Phone,L2 Support,Resolved,1.6,20.29,No,6,No
TKT0002416,2025-08-27 15:37:00,2025-08-27 18:15:03,CUST02019,P2,Refund,General,Merchant Portal,Portal,KYC Ops,Resolved,1.81,2.63,No,7,No
TKT0002417,2025-06-08 23:52:00,2025-06-09 13:34:32,CUST02967,P3,API,Operational,Wallet,Portal,KYC Ops,Resolved,1.0,13.71,No,14,No
TKT0002418,2025-01-28 21:16:00,2025-01-31 23:51:00,CUST01515,P4,Refund,Operational,Wallet,Email,KYC Ops,Resolved,1.02,74.58,No,2,Yes
TKT0002419,2025-06-08 09:09:00,2025-06-09 10:06:49,CUST00821,P4,Payment Failure,Operational,Payments,Phone,Payments Ops,Resolved,0.88,24.96,No,32,No
TKT0002420,2025-02-07 08:15:00,2025-02-08 01:37:34,CUST01545,P3,Refund,General,Settlement API,Phone,L2 Support,Resolved,2.09,17.38,No,1,No
TKT0002421,2025-05-30 22:59:00,2025-06-01 00:42:29,CUST00068,P4,KYC,General,Wallet,Portal,Payments Ops,Resolved,1.54,25.72,No,4,No
TKT0002422,2025-12-10 20:17:00,2025-12-11 08:46:58,CUST01011,P3,Login,Technical,Settlement API,Phone,L2 Support,Resolved,0.98,12.5,No,11,No
TKT0002423,2025-01-29 13:29:00,2025-01-30 15:07:15,CUST00796,P3,Refund,General,Wallet,Email,KYC Ops,Resolved,0.22,25.64,No,65,Yes
TKT0002424,2025-09-07 05:19:00,2025-09-08 05:05:16,CUST02495,P3,API,Technical,KYC Service,Phone,L2 Support,Resolved,1.5,23.77,No,20,No
TKT0002425,2025-04-02 05:32:00,2025-04-02 21:52:04,CUST02975,P3,Refund,Technical,Wallet,Chat,Engineering,Resolved,1.03,16.33,No,7,No
TKT0002426,2025-04-05 17:29:00,2025-04-06 09:53:35,CUST01181,P3,Payment Failure,General,Wallet,Portal,L1 Support,Resolved,1.33,16.41,No,5,No
TKT0002427,2025-11-15 20:32:00,2025-11-16 16:45:19,CUST00765,P4,Refund,Operational,KYC Service,Phone,L2 Support,Resolved,2.01,20.22,No,26,No
TKT0002428,2025-09-21 04:04:00,2025-09-21 14:37:34,CUST01992,P3,Settlement,General,KYC Service,Email,KYC Ops,Resolved,0.87,10.56,No,3,No
TKT0002429,2025-08-12 01:45:00,2025-08-12 16:59:23,CUST01384,P3,Refund,Technical,Payments,Chat,Engineering,Resolved,0.82,15.24,No,5,No
TKT0002430,2025-11-03 17:48:00,2025-11-04 12:06:23,CUST00130,P3,Payment Failure,Technical,Payments,Phone,Engineering,Resolved,1.43,18.31,No,2,No
TKT0002431,2025-07-13 23:35:00,2025-07-14 13:36:32,CUST00459,P4,Refund,Technical,Merchant Portal,Portal,Payments Ops,Resolved,0.86,14.03,Yes,25,No
TKT0002432,2025-12-05 21:55:00,2025-12-06 11:30:26,CUST01438,P3,Login,Operational,KYC Service,Chat,KYC Ops,Resolved,2.15,13.59,No,7,No
TKT0002433,2025-11-13 20:52:00,2025-11-15 15:16:56,CUST02058,P3,Login,Operational,Settlement API,Email,Engineering,Resolved,1.05,42.42,No,1,Yes
TKT0002434,2025-10-30 17:24:00,2025-10-31 14:35:15,CUST00332,P3,Refund,General,Wallet,Portal,L1 Support,Resolved,0.21,21.19,No,1,No
TKT0002435,2025-01-02 11:17:00,2025-01-03 20:58:33,CUST00812,P3,API,Operational,Settlement API,Email,KYC Ops,Resolved,1.68,33.69,No,12,Yes
TKT0002436,2025-03-10 15:22:00,2025-03-11 02:40:36,CUST01464,P4,Refund,Operational,Merchant Portal,Portal,L2 Support,Resolved,0.86,11.31,No,17,No
TKT0002437,2025-07-11 18:25:00,2025-07-13 01:53:04,CUST01856,P4,Settlement,General,Settlement API,Phone,Payments Ops,Resolved,1.32,31.47,No,8,No
TKT0002438,2025-06-26 04:22:00,2025-06-28 05:45:26,CUST02891,P4,API,Technical,Merchant Portal,Phone,L2 Support,Resolved,0.63,49.39,No,5,Yes
TKT0002439,2025-12-15 13:23:00,2025-12-15 18:03:56,CUST00662,P3,KYC,Operational,Wallet,Chat,L2 Support,Resolved,0.98,4.68,No,19,No
TKT0002440,2025-07-27 02:49:00,2025-07-27 18:36:54,CUST00447,P3,Refund,Technical,KYC Service,Chat,L1 Support,Resolved,0.78,15.8,Yes,9,No
TKT0002441,2025-06-29 18:27:00,2025-07-02 14:50:59,CUST01379,P4,Payment Failure,Operational,Wallet,Portal,L1 Support,Resolved,2.41,68.4,No,3,Yes
TKT0002442,2025-08-26 20:48:00,2025-08-27 08:24:29,CUST01896,P3,Settlement,Technical,Payments,Email,L2 Support,Resolved,0.5,11.61,No,10,No
TKT0002443,2025-02-01 20:55:00,2025-02-03 08:54:27,CUST00210,P3,Payment Failure,General,Wallet,Portal,L1 Support,Resolved,0.89,35.99,No,15,Yes
TKT0002444,2025-03-21 08:57:00,2025-03-22 03:18:05,CUST01875,P4,KYC,Technical,Settlement API,Portal,L1 Support,Resolved,0.28,18.35,No,21,No
TKT0002445,2025-08-21 12:40:00,2025-08-22 09:35:53,CUST02586,P3,API,Technical,KYC Service,Phone,KYC Ops,Resolved,1.16,20.93,Yes,13,No
TKT0002446,2025-09-26 04:36:00,2025-09-27 05:12:59,CUST00264,P3,Login,Technical,Wallet,Email,L1 Support,Resolved,1.69,24.62,No,1,Yes
TKT0002447,2025-10-06 11:02:00,2025-10-06 13:24:31,CUST01923,P3,Refund,Operational,Settlement API,Chat,L1 Support,Resolved,1.46,2.38,No,1,No
TKT0002448,2025-12-25 10:25:00,2025-12-26 12:02:47,CUST00058,P4,Refund,Operational,KYC Service,Email,L1 Support,Resolved,1.43,25.63,No,6,No
TKT0002449,2025-11-13 11:06:00,2025-11-13 12:59:52,CUST02184,P1,Payment Failure,General,KYC Service,Phone,L2 Support,Resolved,2.42,1.9,Yes,68,No
TKT0002450,2025-02-04 05:52:00,2025-02-04 08:59:06,CUST02064,P2,KYC,Technical,Merchant Portal,Chat,L1 Support,Resolved,2.52,3.12,No,25,No
TKT0002451,2025-03-29 12:15:00,2025-03-31 00:13:51,CUST02504,P4,KYC,General,Settlement API,Portal,KYC Ops,Resolved,0.13,35.98,No,7,No
TKT0002452,2025-10-24 19:48:00,2025-10-27 01:20:18,CUST01175,P3,KYC,General,Settlement API,Email,Engineering,Resolved,0.8,53.54,No,1,Yes
TKT0002453,2025-10-28 00:48:00,2025-10-30 05:18:59,CUST00353,P4,Refund,Technical,Settlement API,Portal,L2 Support,Resolved,0.42,52.52,No,4,Yes
TKT0002454,2025-04-07 07:57:00,2025-04-08 19:05:34,CUST02080,P4,Payment Failure,General,Payments,Chat,L2 Support,Resolved,1.46,35.14,No,1,No
TKT0002455,2025-12-11 13:50:00,2025-12-11 17:04:47,CUST02925,P2,KYC,General,KYC Service,Email,KYC Ops,Resolved,1.27,3.25,Yes,2,No
TKT0002456,2025-11-26 03:36:00,2025-11-26 10:05:05,CUST01756,P3,Payment Failure,Technical,KYC Service,Phone,KYC Ops,Resolved,1.01,6.48,No,6,No
TKT0002457,2025-03-21 10:21:00,2025-03-21 14:27:56,CUST02020,P2,Payment Failure,General,Merchant Portal,Chat,L1 Support,Resolved,1.11,4.12,No,13,No
TKT0002458,2025-09-01 02:07:00,2025-09-01 12:21:31,CUST00040,P3,Refund,Operational,Merchant Portal,Portal,Engineering,Resolved,0.97,10.24,No,8,No
TKT0002459,2025-11-20 03:04:00,2025-11-20 06:24:46,CUST00373,P2,API,General,Settlement API,Chat,Engineering,Resolved,0.47,3.35,No,8,No
TKT0002460,2025-10-06 01:33:00,2025-10-06 10:10:18,CUST01495,P1,API,General,KYC Service,Phone,L2 Support,Resolved,0.51,8.62,No,2,Yes
TKT0002461,2025-11-13 13:31:00,2025-11-13 16:33:09,CUST01309,P2,Payment Failure,Technical,Merchant Portal,Portal,Engineering,Resolved,1.46,3.04,No,2,No
TKT0002462,2025-11-22 09:20:00,2025-11-23 04:38:25,CUST02835,P4,Payment Failure,General,KYC Service,Portal,L1 Support,Resolved,0.36,19.31,No,9,No
TKT0002463,2025-11-07 20:42:00,2025-11-08 11:01:53,CUST02844,P3,Payment Failure,General,Payments,Email,KYC Ops,Resolved,2.11,14.33,No,67,No
TKT0002464,2025-08-07 19:59:00,2025-08-07 22:21:29,CUST02926,P1,Refund,General,Merchant Portal,Chat,Payments Ops,Resolved,0.46,2.37,No,6,No
TKT0002465,2025-04-24 16:51:00,2025-04-24 19:42:35,CUST01604,P2,Payment Failure,Operational,Wallet,Portal,Payments Ops,Resolved,5.4,2.86,No,15,No
TKT0002466,2025-03-12 10:58:00,2025-03-13 05:52:37,CUST00464,P4,KYC,Technical,Merchant Portal,Email,Engineering,Resolved,0.69,18.91,No,1,No
TKT0002467,2025-04-25 05:06:00,2025-04-26 17:39:23,CUST02829,P4,Refund,Technical,Settlement API,Chat,L1 Support,Resolved,2.2,36.56,No,7,No
TKT0002468,2025-05-29 22:00:00,2025-05-29 22:40:45,CUST00787,P1,Refund,General,Merchant Portal,Chat,KYC Ops,Resolved,4.66,0.68,No,65,No
TKT0002469,2025-02-20 11:33:00,2025-02-21 18:26:15,CUST01347,P4,Payment Failure,Technical,Payments,Email,KYC Ops,Resolved,0.29,30.89,No,31,No
TKT0002470,2025-06-17 18:41:00,2025-06-17 21:18:04,CUST00377,P1,Payment Failure,Technical,Settlement API,Email,KYC Ops,Resolved,1.27,2.62,No,58,No
TKT0002471,2025-02-07 07:23:00,2025-02-08 04:19:14,CUST01432,P4,Payment Failure,General,Wallet,Phone,Engineering,Resolved,0.96,20.94,No,20,No
TKT0002472,2025-12-23 01:56:00,2025-12-25 04:30:37,CUST02467,P4,Payment Failure,Technical,KYC Service,Email,L2 Support,Resolved,0.94,50.58,No,17,Yes
TKT0002473,2025-08-19 21:02:00,2025-08-20 12:20:21,CUST00912,P4,Payment Failure,Technical,Wallet,Email,L1 Support,Resolved,2.17,15.31,No,6,No
TKT0002474,2025-09-22 17:32:00,2025-09-23 14:20:51,CUST02629,P4,Payment Failure,Technical,Settlement API,Phone,Engineering,Resolved,0.77,20.81,No,1,No
TKT0002475,2025-06-01 04:03:00,2025-06-01 11:57:32,CUST00896,P3,API,Operational,KYC Service,Portal,L2 Support,Resolved,0.13,7.91,No,39,No
TKT0002476,2025-05-25 13:30:00,2025-05-26 03:16:22,CUST01314,P2,API,Technical,Settlement API,Chat,L2 Support,Resolved,0.97,13.77,No,24,Yes
TKT0002477,2025-10-25 07:22:00,2025-10-26 21:53:23,CUST02884,P3,API,Operational,Wallet,Phone,L1 Support,Resolved,0.9,38.52,No,5,Yes
TKT0002478,2025-07-02 02:29:00,2025-07-02 18:55:31,CUST02428,P3,Payment Failure,Technical,Payments,Email,Payments Ops,Resolved,0.41,16.44,No,9,No
TKT0002479,2025-05-15 20:57:00,2025-05-16 08:54:19,CUST00418,P3,Login,Operational,Merchant Portal,Portal,Engineering,Resolved,1.02,11.96,Yes,2,No
TKT0002480,2025-12-25 17:42:00,2025-12-26 02:15:58,CUST00577,P2,API,Operational,Settlement API,Email,L2 Support,Resolved,2.48,8.57,No,19,Yes
TKT0002481,2025-11-24 20:23:00,2025-11-26 05:25:27,CUST02127,P3,KYC,Technical,Wallet,Phone,KYC Ops,Resolved,1.39,33.04,No,2,Yes
TKT0002482,2025-02-24 06:20:00,2025-02-24 22:04:14,CUST02077,P3,Login,Technical,Merchant Portal,Chat,L1 Support,Resolved,1.69,15.74,No,8,No
TKT0002483,2025-10-28 01:41:00,2025-10-28 08:52:46,CUST00700,P3,Login,Operational,Settlement API,Portal,KYC Ops,Resolved,0.39,7.2,Yes,4,No
TKT0002484,2025-06-27 00:07:00,2025-06-28 03:00:40,CUST01880,P3,Settlement,Operational,Wallet,Phone,Payments Ops,Resolved,0.24,26.89,No,4,Yes
TKT0002485,2025-09-26 15:02:00,2025-09-26 21:46:09,CUST02419,P3,Settlement,Technical,Wallet,Portal,KYC Ops,Resolved,0.54,6.74,No,1,No
TKT0002486,2025-02-17 04:05:00,2025-02-18 07:13:18,CUST00476,P3,KYC,Technical,KYC Service,Chat,L1 Support,Resolved,0.91,27.14,Yes,14,Yes
TKT0002487,2025-04-21 09:41:00,2025-04-22 06:09:47,CUST01383,P3,Payment Failure,General,Wallet,Chat,Payments Ops,Resolved,1.48,20.48,No,1,No
TKT0002488,2025-10-01 12:26:00,2025-10-02 13:23:27,CUST01241,P3,API,General,Merchant Portal,Phone,Engineering,Resolved,0.2,24.96,No,30,Yes
TKT0002489,2025-05-07 04:10:00,2025-05-08 09:54:29,CUST01236,P4,Refund,General,Payments,Chat,Engineering,Resolved,0.48,29.74,No,5,No
TKT0002490,2025-03-30 22:25:00,2025-04-01 00:42:18,CUST02955,P3,Payment Failure,Technical,Merchant Portal,Portal,KYC Ops,Resolved,0.58,26.29,Yes,7,Yes
TKT0002491,2025-09-10 06:55:00,2025-09-10 12:49:45,CUST02119,P2,Login,Technical,Merchant Portal,Chat,Payments Ops,Resolved,0.45,5.91,No,24,No
TKT0002492,2025-11-13 02:30:00,2025-11-15 00:07:29,CUST01049,P3,Login,General,Payments,Portal,Payments Ops,Resolved,0.99,45.62,Yes,12,Yes
TKT0002493,2025-11-11 15:07:00,2025-11-11 22:47:40,CUST02577,P2,Settlement,Operational,Wallet,Portal,KYC Ops,Resolved,0.52,7.68,Yes,7,No
TKT0002494,2025-06-13 16:19:00,2025-06-14 06:50:10,CUST00697,P4,Refund,General,Settlement API,Email,L1 Support,Resolved,0.46,14.52,No,4,No
TKT0002495,2025-05-13 23:02:00,2025-05-16 05:09:23,CUST00891,P4,Settlement,Operational,Payments,Phone,L2 Support,Resolved,2.0,54.12,No,32,Yes
TKT0002496,2025-11-05 09:52:00,2025-11-06 12:26:21,CUST00604,P4,Payment Failure,Technical,Payments,Chat,Engineering,Resolved,0.77,26.57,No,2,No
TKT0002497,2025-06-09 16:31:00,2025-06-10 08:57:55,CUST00925,P3,Payment Failure,Technical,KYC Service,Email,L2 Support,Resolved,0.46,16.45,No,8,No
TKT0002498,2025-02-11 04:54:00,2025-02-11 16:50:41,CUST00205,P4,Settlement,Operational,Settlement API,Phone,Engineering,Resolved,1.13,11.94,No,2,No
TKT0002499,2025-11-28 18:25:00,2025-11-29 23:48:00,CUST01504,P4,Refund,Operational,Payments,Email,L1 Support,Resolved,2.84,29.38,No,4,No
TKT0002500,2025-09-16 21:50:00,2025-09-17 12:56:11,CUST02540,P3,Refund,Technical,Payments,Portal,Engineering,Resolved,4.58,15.1,No,4,No
TKT0002501,2025-07-31 12:21:00,2025-08-01 10:14:15,CUST00690,P3,Payment Failure,General,KYC Service,Portal,Engineering,Resolved,0.97,21.89,No,48,No
TKT0002502,2025-09-28 20:36:00,2025-09-30 06:35:56,CUST01312,P3,Login,Technical,KYC Service,Portal,KYC Ops,Resolved,0.91,34.0,No,3,Yes
TKT0002503,2025-03-30 03:05:00,2025-03-30 21:01:15,CUST00348,P4,Refund,General,Payments,Phone,Payments Ops,Resolved,1.07,17.94,Yes,3,No
TKT0002504,2025-09-20 06:40:00,2025-09-21 04:09:59,CUST01553,P3,Payment Failure,Operational,Merchant Portal,Phone,Engineering,Resolved,2.43,21.5,No,14,No
TKT0002505,2025-01-15 12:52:00,2025-01-17 01:26:12,CUST02145,P3,API,General,Wallet,Email,KYC Ops,Resolved,0.48,36.57,No,6,Yes
TKT0002506,2025-10-04 10:30:00,2025-10-05 01:43:32,CUST02546,P3,Payment Failure,Technical,Merchant Portal,Email,L2 Support,Resolved,0.83,15.23,No,7,No
TKT0002507,2025-01-30 02:35:00,2025-01-30 19:21:32,CUST02782,P4,Payment Failure,General,Wallet,Phone,Payments Ops,Resolved,2.23,16.78,Yes,22,No
TKT0002508,2025-03-25 13:39:00,2025-03-26 16:21:39,CUST00690,P3,Refund,Operational,Payments,Portal,KYC Ops,Resolved,0.94,26.71,No,1,Yes
TKT0002509,2025-12-06 01:55:00,2025-12-06 08:06:36,CUST01901,P3,Payment Failure,General,Settlement API,Phone,KYC Ops,Resolved,0.52,6.19,No,6,No
TKT0002510,2025-07-16 13:51:00,2025-07-16 22:03:34,CUST02188,P2,Login,General,Payments,Email,Engineering,Resolved,0.77,8.21,No,1,Yes
TKT0002511,2025-04-17 15:08:00,2025-04-19 18:31:39,CUST01629,P4,Payment Failure,General,Wallet,Phone,L1 Support,Resolved,0.46,51.39,No,40,Yes
TKT0002512,2025-12-23 19:06:00,2025-12-24 10:10:50,CUST02614,P3,Payment Failure,Technical,KYC Service,Phone,Engineering,Resolved,0.73,15.08,No,135,No
TKT0002513,2025-08-18 23:35:00,2025-08-20 17:23:10,CUST02067,P4,Login,Technical,Wallet,Chat,Payments Ops,Resolved,1.17,41.8,No,6,No
TKT0002514,2025-09-28 04:24:00,2025-09-29 09:12:32,CUST00625,P4,Login,Operational,KYC Service,Email,Engineering,Resolved,0.38,28.81,No,16,No
TKT0002515,2025-02-16 22:00:00,2025-02-17 23:14:32,CUST01452,P3,KYC,Operational,Settlement API,Phone,L2 Support,Resolved,1.63,25.24,Yes,3,Yes
TKT0002516,2025-07-04 12:38:00,2025-07-05 14:39:02,CUST00434,P3,API,General,Wallet,Email,KYC Ops,Resolved,1.42,26.02,No,2,Yes
TKT0002517,2025-07-18 12:31:00,2025-07-18 15:31:43,CUST01369,P2,Payment Failure,Technical,KYC Service,Phone,Payments Ops,Resolved,1.69,3.01,No,35,No
TKT0002518,2025-12-12 08:04:00,2025-12-12 16:58:58,CUST01754,P3,Settlement,General,KYC Service,Chat,L2 Support,Resolved,3.24,8.92,No,16,No
TKT0002519,2025-10-04 17:12:00,2025-10-05 20:00:41,CUST00100,P3,KYC,Operational,KYC Service,Email,L1 Support,Resolved,1.87,26.81,No,6,Yes
TKT0002520,2025-09-19 16:10:00,2025-09-21 12:39:19,CUST01225,P4,KYC,Operational,Wallet,Email,L1 Support,Resolved,1.07,44.49,No,2,No
TKT0002521,2025-12-24 17:17:00,2025-12-25 19:13:17,CUST02565,P4,Login,Technical,Payments,Phone,KYC Ops,Resolved,0.25,25.94,No,24,No
TKT0002522,2025-01-02 14:56:00,2025-01-02 15:45:10,CUST02960,P1,Login,Operational,Settlement API,Email,L2 Support,Resolved,3.68,0.82,No,5,No
TKT0002523,2025-04-23 12:37:00,2025-04-24 01:18:45,CUST00516,P3,Login,General,Wallet,Portal,KYC Ops,Resolved,2.08,12.7,Yes,3,No
TKT0002524,2025-12-03 16:13:00,2025-12-04 01:30:55,CUST00752,P2,Settlement,General,KYC Service,Chat,L2 Support,Resolved,1.21,9.3,No,26,Yes
TKT0002525,2025-01-10 17:04:00,2025-01-10 18:16:57,CUST01651,P2,Login,Operational,KYC Service,Portal,KYC Ops,Resolved,2.46,1.22,No,2,No
TKT0002526,2025-08-23 05:48:00,2025-08-23 12:42:16,CUST01773,P3,Settlement,Operational,Settlement API,Phone,L2 Support,Resolved,0.51,6.9,No,5,No
TKT0002527,2025-01-27 22:23:00,2025-01-29 03:52:52,CUST00783,P3,Payment Failure,General,Payments,Email,KYC Ops,Resolved,0.46,29.5,No,25,Yes
TKT0002528,2025-08-12 14:36:00,2025-08-13 06:13:36,CUST01854,P3,Payment Failure,Technical,Settlement API,Portal,KYC Ops,Resolved,0.83,15.63,No,1,No
TKT0002529,2025-10-13 08:09:00,2025-10-15 13:39:23,CUST01883,P4,Payment Failure,Operational,Settlement API,Phone,L1 Support,Resolved,0.47,53.51,No,11,Yes
TKT0002530,2025-11-05 17:50:00,2025-11-07 01:59:32,CUST02877,P4,Settlement,Technical,Wallet,Email,Payments Ops,Resolved,3.27,32.16,No,5,No
TKT0002531,2025-10-26 20:56:00,2025-10-27 18:32:19,CUST00139,P3,API,General,Wallet,Phone,Payments Ops,Resolved,0.94,21.61,No,2,No
TKT0002532,2025-08-18 07:07:00,2025-08-19 01:41:20,CUST02978,P3,Payment Failure,General,Payments,Chat,L2 Support,Resolved,0.29,18.57,No,6,No
TKT0002533,2025-12-09 19:40:00,2025-12-14 01:40:45,CUST00389,P4,Payment Failure,Operational,Merchant Portal,Phone,Engineering,Resolved,0.9,102.01,No,18,Yes
TKT0002534,2025-01-05 05:13:00,2025-01-07 23:43:53,CUST02367,P4,Refund,General,Settlement API,Email,KYC Ops,Resolved,5.16,66.51,No,1,Yes
TKT0002535,2025-11-05 00:16:00,2025-11-05 09:02:57,CUST01731,P3,Settlement,Operational,Payments,Email,L2 Support,Resolved,1.09,8.78,No,23,No
TKT0002536,2025-12-18 00:16:00,2025-12-18 15:54:15,CUST02763,P4,Payment Failure,General,Settlement API,Portal,Engineering,Resolved,0.55,15.64,No,5,No
TKT0002537,2025-05-13 09:29:00,2025-05-13 19:51:33,CUST01553,P3,KYC,Operational,Merchant Portal,Portal,Engineering,Resolved,0.12,10.38,Yes,4,No
TKT0002538,2025-02-12 19:30:00,2025-02-12 23:20:11,CUST00420,P2,Login,Technical,Payments,Portal,Payments Ops,Resolved,1.64,3.84,Yes,2,No
TKT0002539,2025-04-20 11:02:00,2025-04-21 06:49:58,CUST01601,P3,Payment Failure,General,Wallet,Email,L2 Support,Resolved,0.73,19.8,No,19,No
TKT0002540,2025-09-13 17:54:00,2025-09-14 17:19:31,CUST00565,P3,Payment Failure,Technical,KYC Service,Portal,Payments Ops,Resolved,0.83,23.43,No,20,No
TKT0002541,2025-02-03 16:20:00,2025-02-04 06:08:08,CUST01022,P2,Payment Failure,Operational,Merchant Portal,Chat,Payments Ops,Resolved,1.46,13.8,Yes,7,Yes
TKT0002542,2025-08-26 00:39:00,2025-08-27 11:34:15,CUST02843,P3,KYC,General,Merchant Portal,Portal,L2 Support,Resolved,0.32,34.92,No,4,Yes
TKT0002543,2025-05-29 04:44:00,2025-05-30 18:20:08,CUST02026,P3,Settlement,General,Settlement API,Portal,KYC Ops,Resolved,1.73,37.6,No,1,Yes
TKT0002544,2025-02-10 06:54:00,2025-02-11 11:17:06,CUST02596,P4,Refund,General,KYC Service,Email,Engineering,Resolved,0.61,28.39,Yes,3,No
TKT0002545,2025-10-23 12:47:00,2025-10-24 06:45:19,CUST00383,P3,Payment Failure,General,KYC Service,Chat,KYC Ops,Resolved,1.67,17.97,No,19,No
TKT0002546,2025-07-04 01:50:00,2025-07-05 06:58:22,CUST02026,P4,Refund,General,KYC Service,Email,Payments Ops,Resolved,1.28,29.14,No,8,No
TKT0002547,2025-07-29 11:48:00,2025-07-29 16:38:40,CUST02693,P1,KYC,General,Wallet,Phone,L1 Support,Resolved,0.65,4.84,No,13,Yes
TKT0002548,2025-03-07 23:22:00,2025-03-08 03:43:32,CUST01391,P1,Refund,General,Wallet,Email,Payments Ops,Resolved,0.63,4.36,No,22,Yes
TKT0002549,2025-05-23 03:43:00,2025-05-25 11:48:47,CUST01899,P4,Payment Failure,Technical,Settlement API,Portal,Payments Ops,Resolved,2.96,56.1,No,11,Yes
TKT0002550,2025-08-09 16:38:00,2025-08-11 14:31:43,CUST00490,P4,Login,Technical,Payments,Email,L2 Support,Resolved,0.81,45.9,No,9,No
TKT0002551,2025-09-03 00:32:00,2025-09-05 16:06:27,CUST01615,P4,API,Operational,Merchant Portal,Chat,Engineering,Resolved,0.7,63.57,No,10,Yes
TKT0002552,2025-12-03 11:28:00,2025-12-06 03:00:46,CUST00792,P4,Payment Failure,General,Settlement API,Chat,Payments Ops,Resolved,2.21,63.55,No,11,Yes
TKT0002553,2025-09-06 11:22:00,2025-09-06 19:22:12,CUST01765,P2,Payment Failure,General,Merchant Portal,Phone,L1 Support,Resolved,0.46,8.0,No,21,Yes
TKT0002554,2025-10-09 15:23:00,2025-10-10 01:06:20,CUST02084,P3,Payment Failure,Operational,Wallet,Email,L2 Support,Resolved,0.71,9.72,No,24,No
TKT0002555,2025-07-01 12:17:00,2025-07-01 19:07:58,CUST02517,P3,Settlement,Operational,Wallet,Chat,L1 Support,Resolved,1.3,6.85,No,20,No
TKT0002556,2025-12-17 04:38:00,2025-12-18 22:57:17,CUST01247,P4,KYC,Technical,Settlement API,Chat,Payments Ops,Resolved,1.81,42.32,No,8,No
TKT0002557,2025-07-19 18:00:00,2025-07-20 10:34:33,CUST02454,P3,KYC,Technical,Merchant Portal,Chat,Engineering,Resolved,1.65,16.58,No,7,No
TKT0002558,2025-10-13 12:45:00,2025-10-14 02:20:15,CUST00096,P4,API,General,Settlement API,Phone,L2 Support,Resolved,0.32,13.59,No,5,No
TKT0002559,2025-02-04 07:55:00,2025-02-05 03:44:41,CUST01657,P4,Payment Failure,General,Wallet,Portal,L2 Support,Resolved,0.48,19.83,No,17,No
TKT0002560,2025-09-30 01:29:00,2025-09-30 03:39:50,CUST02168,P2,Login,General,Merchant Portal,Email,KYC Ops,Resolved,0.33,2.18,No,4,No
TKT0002561,2025-04-04 00:04:00,2025-04-04 10:32:30,CUST00918,P3,Login,General,Wallet,Chat,Engineering,Resolved,2.07,10.48,No,2,No
TKT0002562,2025-08-23 00:41:00,2025-08-24 03:58:21,CUST01120,P4,Payment Failure,Operational,Payments,Phone,KYC Ops,Resolved,1.11,27.29,No,5,No
TKT0002563,2025-12-06 15:48:00,2025-12-07 04:21:57,CUST01434,P3,KYC,Technical,Merchant Portal,Email,L1 Support,Resolved,4.07,12.57,No,8,No
TKT0002564,2025-10-30 18:28:00,2025-11-01 03:53:08,CUST00353,P3,API,General,Payments,Email,L1 Support,Resolved,0.7,33.42,No,14,Yes
TKT0002565,2025-08-06 11:17:00,2025-08-06 14:31:09,CUST02727,P1,Payment Failure,General,Wallet,Chat,L2 Support,Resolved,2.99,3.24,No,33,No
TKT0002566,2025-12-31 09:22:00,2026-01-01 16:02:37,CUST02727,P4,KYC,General,KYC Service,Email,KYC Ops,Resolved,0.64,30.68,No,3,No
TKT0002567,2025-01-01 17:21:00,2025-01-02 17:49:53,CUST02829,P2,Refund,Technical,KYC Service,Portal,L1 Support,Resolved,0.28,24.48,Yes,31,Yes
TKT0002568,2025-03-28 20:20:00,2025-03-31 04:51:46,CUST00383,P4,KYC,Technical,Merchant Portal,Email,L2 Support,Resolved,1.72,56.53,No,3,Yes
TKT0002569,2025-02-15 23:51:00,2025-02-16 18:35:55,CUST02205,P3,Payment Failure,Technical,Merchant Portal,Chat,Payments Ops,Resolved,1.26,18.75,No,5,No
TKT0002570,2025-08-26 13:19:00,2025-08-26 23:22:39,CUST00073,P2,API,Technical,Merchant Portal,Phone,L2 Support,Resolved,1.16,10.06,No,10,Yes
TKT0002571,2025-08-13 02:53:00,2025-08-13 21:29:09,CUST02206,P3,Payment Failure,Technical,Payments,Phone,Payments Ops,Resolved,0.28,18.6,Yes,11,No
TKT0002572,2025-07-15 05:31:00,2025-07-17 15:33:20,CUST00644,P4,KYC,Technical,Wallet,Email,L2 Support,Resolved,0.29,58.04,No,15,Yes
TKT0002573,2025-02-07 19:11:00,2025-02-09 18:16:12,CUST00468,P4,Login,Technical,Wallet,Chat,L1 Support,Resolved,1.24,47.09,No,32,No
TKT0002574,2025-03-11 15:48:00,2025-03-13 17:25:46,CUST00934,P3,Refund,Technical,Wallet,Portal,L1 Support,Resolved,0.93,49.63,No,16,Yes
TKT0002575,2025-09-21 12:29:00,2025-09-22 23:13:42,CUST01037,P4,KYC,General,Payments,Email,L2 Support,Resolved,2.0,34.75,No,4,No
TKT0002576,2025-12-11 13:52:00,2025-12-11 22:10:22,CUST01109,P2,Login,Technical,Merchant Portal,Portal,Payments Ops,Resolved,0.27,8.31,No,6,Yes
TKT0002577,2025-07-08 14:05:00,2025-07-08 17:26:46,CUST00738,P2,KYC,Operational,KYC Service,Chat,L1 Support,Resolved,1.72,3.36,No,2,No
TKT0002578,2025-01-09 19:57:00,2025-01-10 03:44:55,CUST01579,P2,Payment Failure,Operational,Wallet,Email,L1 Support,Resolved,3.14,7.8,No,40,No
TKT0002579,2025-07-18 13:15:00,2025-07-19 06:08:40,CUST01979,P3,Payment Failure,Operational,Settlement API,Chat,L2 Support,Resolved,1.7,16.89,No,8,No
TKT0002580,2025-02-03 14:22:00,2025-02-05 02:06:00,CUST00079,P3,Settlement,Operational,Wallet,Chat,KYC Ops,Resolved,4.41,35.73,No,17,Yes
TKT0002581,2025-01-15 11:11:00,2025-01-16 14:32:39,CUST01456,P4,KYC,General,Payments,Portal,KYC Ops,Resolved,0.35,27.36,No,8,No
TKT0002582,2025-02-07 01:41:00,2025-02-07 05:08:12,CUST01102,P3,KYC,Technical,Settlement API,Portal,KYC Ops,Resolved,0.38,3.45,No,10,No
TKT0002583,2025-10-25 05:30:00,2025-10-26 12:06:16,CUST00087,P4,Payment Failure,Technical,Merchant Portal,Portal,Engineering,Resolved,1.79,30.6,No,2,No
TKT0002584,2025-03-10 10:50:00,2025-03-11 21:37:39,CUST01318,P3,API,Technical,Payments,Phone,Payments Ops,Resolved,5.12,34.79,Yes,8,Yes
TKT0002585,2025-03-05 14:20:00,2025-03-06 09:23:46,CUST01427,P4,KYC,General,KYC Service,Chat,KYC Ops,Resolved,1.48,19.06,No,2,No
TKT0002586,2025-04-03 17:37:00,2025-04-04 07:48:45,CUST02361,P2,Settlement,Technical,KYC Service,Portal,KYC Ops,Resolved,3.21,14.2,No,1,Yes
TKT0002587,2025-08-31 04:50:00,2025-08-31 18:44:56,CUST00221,P3,Payment Failure,Operational,Payments,Email,L2 Support,Resolved,0.2,13.92,No,6,No
TKT0002588,2025-02-11 21:12:00,2025-02-12 12:41:13,CUST01058,P3,Payment Failure,Operational,Wallet,Portal,Engineering,Resolved,0.11,15.49,No,2,No
TKT0002589,2025-03-17 01:53:00,2025-03-17 13:05:34,CUST02890,P3,KYC,Operational,Settlement API,Email,KYC Ops,Resolved,0.72,11.21,No,3,No
TKT0002590,2025-02-24 01:30:00,2025-02-25 02:52:14,CUST01342,P4,Login,General,Payments,Portal,Engineering,Resolved,6.93,25.37,No,2,No
TKT0002591,2025-01-26 19:55:00,2025-01-27 20:44:17,CUST00905,P3,Login,General,Wallet,Chat,L2 Support,Resolved,0.33,24.82,No,1,Yes
TKT0002592,2025-04-06 15:59:00,2025-04-07 11:14:10,CUST01203,P4,Refund,Operational,Merchant Portal,Chat,L2 Support,Resolved,3.42,19.25,Yes,8,No
TKT0002593,2025-10-04 23:42:00,2025-10-05 14:54:18,CUST02245,P3,Refund,General,Payments,Portal,Engineering,Resolved,0.26,15.21,No,22,No
TKT0002594,2025-12-03 04:05:00,2025-12-04 03:02:49,CUST02165,P3,Payment Failure,General,Wallet,Phone,KYC Ops,Resolved,1.8,22.96,No,33,No
TKT0002595,2025-09-10 01:42:00,2025-09-11 02:29:34,CUST02902,P3,API,Technical,KYC Service,Phone,Payments Ops,Resolved,0.3,24.79,No,3,Yes
TKT0002596,2025-08-25 10:43:00,2025-08-27 04:19:39,CUST01047,P4,Payment Failure,Technical,Payments,Chat,L1 Support,Resolved,1.0,41.61,No,11,No
TKT0002597,2025-06-18 15:10:00,2025-06-19 20:40:11,CUST01516,P4,Login,General,Payments,Portal,L1 Support,Resolved,0.57,29.5,No,1,No
TKT0002598,2025-05-02 12:32:00,2025-05-03 16:37:34,CUST01058,P3,API,Operational,Merchant Portal,Portal,L1 Support,Resolved,0.85,28.09,No,3,Yes
TKT0002599,2025-09-23 07:15:00,2025-09-24 14:56:10,CUST00367,P4,Login,Operational,Settlement API,Chat,KYC Ops,Resolved,0.42,31.69,No,8,No
TKT0002600,2025-11-01 14:53:00,2025-11-02 10:21:52,CUST01534,P3,API,Technical,KYC Service,Email,Payments Ops,Resolved,0.17,19.48,No,22,No
TKT0002601,2025-11-16 16:30:00,2025-11-17 20:34:23,CUST00929,P3,Payment Failure,Technical,Payments,Portal,L2 Support,Resolved,1.15,28.07,No,45,Yes
TKT0002602,2025-03-13 10:21:00,2025-03-13 23:20:37,CUST01925,P4,KYC,General,KYC Service,Portal,L1 Support,Resolved,1.0,12.99,No,5,No
TKT0002603,2025-06-01 10:45:00,2025-06-01 19:00:46,CUST02895,P3,Payment Failure,Operational,Settlement API,Portal,Payments Ops,Resolved,1.71,8.26,Yes,3,No
TKT0002604,2025-01-17 16:25:00,2025-01-17 17:35:37,CUST02246,P2,Payment Failure,Technical,KYC Service,Email,Engineering,Resolved,1.31,1.18,Yes,2,No
TKT0002605,2025-03-19 20:44:00,2025-03-20 05:17:55,CUST01723,P3,Refund,General,Settlement API,Portal,L1 Support,Resolved,1.4,8.57,No,6,No
TKT0002606,2025-02-16 03:34:00,2025-02-18 13:55:52,CUST02558,P3,API,Operational,Merchant Portal,Phone,KYC Ops,Resolved,1.4,58.36,No,26,Yes
TKT0002607,2025-05-06 04:22:00,2025-05-06 11:34:31,CUST02652,P2,KYC,General,Payments,Chat,KYC Ops,Resolved,0.79,7.21,No,11,No
TKT0002608,2025-01-11 17:37:00,2025-01-11 19:20:05,CUST00367,P1,Settlement,General,Settlement API,Email,L2 Support,Resolved,0.84,1.72,No,12,No
TKT0002609,2025-06-11 03:04:00,2025-06-11 08:55:41,CUST01099,P3,Refund,Operational,Settlement API,Phone,Engineering,Resolved,1.19,5.86,No,2,No
TKT0002610,2025-05-31 14:18:00,2025-06-02 13:08:12,CUST01661,P4,Payment Failure,Technical,Payments,Phone,L1 Support,Resolved,0.82,46.84,No,7,No
TKT0002611,2025-07-29 02:13:00,2025-07-29 08:27:11,CUST02144,P2,Login,Operational,Merchant Portal,Email,Payments Ops,Resolved,1.14,6.24,No,8,No
TKT0002612,2025-12-26 15:39:00,2025-12-28 15:11:10,CUST01233,P4,API,Technical,Settlement API,Phone,L2 Support,Resolved,0.35,47.54,No,8,No
TKT0002613,2025-10-04 07:52:00,2025-10-07 16:15:55,CUST01396,P4,Login,Operational,Merchant Portal,Chat,Engineering,Resolved,1.45,80.4,No,4,Yes
TKT0002614,2025-05-02 01:13:00,2025-05-02 19:04:02,CUST00037,P3,API,Operational,Merchant Portal,Chat,Engineering,Resolved,2.58,17.85,Yes,2,No
TKT0002615,2025-05-08 05:06:00,2025-05-09 02:52:05,CUST01827,P3,Payment Failure,Technical,Wallet,Chat,KYC Ops,Resolved,0.14,21.77,No,15,No
TKT0002616,2025-11-09 09:20:00,2025-11-11 07:15:04,CUST01978,P3,Payment Failure,Operational,Settlement API,Email,L1 Support,Resolved,1.24,45.92,No,20,Yes
TKT0002617,2025-05-21 16:05:00,2025-05-22 20:13:49,CUST01767,P3,Payment Failure,General,Wallet,Email,L1 Support,Resolved,0.38,28.15,No,30,Yes
TKT0002618,2025-09-23 03:27:00,2025-09-24 15:04:10,CUST01808,P3,KYC,Operational,Settlement API,Portal,Engineering,Resolved,0.32,35.62,No,80,Yes
TKT0002619,2025-05-09 08:18:00,2025-05-10 04:52:23,CUST02015,P4,Login,Operational,Settlement API,Chat,KYC Ops,Resolved,3.61,20.57,No,16,No
TKT0002620,2025-11-28 01:43:00,2025-11-30 02:58:34,CUST01950,P4,Login,Technical,Payments,Chat,Payments Ops,Resolved,0.38,49.26,Yes,38,Yes
TKT0002621,2025-01-05 22:50:00,2025-01-07 12:21:56,CUST00836,P4,KYC,General,KYC Service,Phone,KYC Ops,Resolved,4.24,37.53,No,5,No
TKT0002622,2025-07-26 02:20:00,2025-07-26 10:49:20,CUST00951,P3,Payment Failure,Technical,Wallet,Chat,L1 Support,Resolved,0.88,8.49,No,9,No
TKT0002623,2025-09-27 02:27:00,2025-09-27 17:58:57,CUST01590,P3,KYC,Operational,Payments,Chat,Payments Ops,Resolved,1.25,15.53,No,2,No
TKT0002624,2025-05-26 20:47:00,2025-05-29 05:13:16,CUST02329,P4,KYC,Operational,KYC Service,Chat,L2 Support,Resolved,2.07,56.44,No,6,Yes
TKT0002625,2025-12-18 14:01:00,2025-12-18 19:34:18,CUST01130,P2,Payment Failure,General,Payments,Email,Payments Ops,Resolved,0.39,5.56,Yes,2,No
TKT0002626,2025-12-30 16:32:00,2025-12-31 05:03:05,CUST01392,P3,Payment Failure,Technical,Merchant Portal,Phone,KYC Ops,Resolved,1.93,12.52,No,3,No
TKT0002627,2025-02-25 01:24:00,2025-02-25 03:34:12,CUST02951,P1,Payment Failure,Operational,Payments,Email,L2 Support,Resolved,0.54,2.17,No,5,No
TKT0002628,2025-02-20 09:47:00,2025-02-21 07:28:15,CUST01881,P4,Login,Technical,Merchant Portal,Email,L1 Support,Resolved,1.64,21.69,No,1,No
TKT0002629,2025-09-23 19:56:00,2025-09-24 03:57:45,CUST01425,P3,Payment Failure,General,KYC Service,Portal,L1 Support,Resolved,1.18,8.03,No,9,No
TKT0002630,2025-11-02 18:13:00,2025-11-03 11:35:30,CUST02345,P4,Settlement,General,Wallet,Chat,Payments Ops,Resolved,0.97,17.38,Yes,10,No
TKT0002631,2025-05-05 07:20:00,2025-05-05 11:12:34,CUST02267,P2,Login,Technical,Payments,Chat,L1 Support,Resolved,0.85,3.88,No,1,No
TKT0002632,2025-05-24 01:01:00,2025-05-24 14:39:49,CUST02220,P4,KYC,Technical,Payments,Phone,L1 Support,Resolved,0.56,13.65,Yes,6,No
TKT0002633,2025-08-28 06:53:00,2025-08-28 16:26:37,CUST00778,P3,Payment Failure,Technical,Merchant Portal,Portal,L1 Support,Resolved,0.73,9.56,No,14,No
TKT0002634,2025-07-07 00:34:00,2025-07-07 05:06:11,CUST02445,P2,Login,General,Merchant Portal,Phone,Payments Ops,Resolved,2.64,4.54,No,7,No
TKT0002635,2025-11-22 11:26:00,2025-11-24 00:11:58,CUST00615,P3,API,Technical,Settlement API,Phone,Payments Ops,Resolved,1.99,36.77,No,16,Yes
TKT0002636,2025-10-02 15:56:00,2025-10-03 15:45:42,CUST00369,P4,Settlement,Technical,Payments,Portal,L2 Support,Resolved,0.49,23.83,No,2,No
TKT0002637,2025-07-11 12:32:00,2025-07-12 15:11:58,CUST01955,P3,Settlement,Technical,Merchant Portal,Chat,Engineering,Resolved,0.95,26.67,No,8,Yes
TKT0002638,2025-04-23 14:01:00,2025-04-23 21:02:45,CUST01010,P2,Payment Failure,Technical,Settlement API,Chat,KYC Ops,Resolved,1.34,7.03,Yes,26,No
TKT0002639,2025-10-25 19:55:00,2025-10-25 21:21:51,CUST02004,P1,KYC,Operational,Merchant Portal,Email,L1 Support,Resolved,2.2,1.45,Yes,34,No
TKT0002640,2025-06-10 17:42:00,2025-06-11 23:39:32,CUST00399,P4,API,General,KYC Service,Portal,Engineering,Resolved,0.84,29.96,No,21,No
TKT0002641,2025-03-23 22:37:00,2025-03-24 18:06:52,CUST01882,P4,Payment Failure,Operational,Settlement API,Portal,L1 Support,Resolved,2.03,19.5,No,60,No
TKT0002642,2025-10-15 03:45:00,2025-10-15 09:44:38,CUST02451,P3,KYC,General,KYC Service,Chat,Payments Ops,Resolved,0.53,5.99,Yes,8,No
TKT0002643,2025-06-06 22:42:00,2025-06-07 23:56:26,CUST01696,P4,Settlement,Operational,Merchant Portal,Chat,KYC Ops,Resolved,0.6,25.24,Yes,12,No
TKT0002644,2025-09-03 05:11:00,2025-09-03 17:11:55,CUST01936,P4,Refund,General,Merchant Portal,Email,Engineering,Resolved,0.87,12.02,No,20,No
TKT0002645,2025-09-13 17:54:00,2025-09-16 08:13:54,CUST02217,P4,API,General,Payments,Phone,KYC Ops,Resolved,0.87,62.33,No,8,Yes
TKT0002646,2025-10-29 14:01:00,2025-10-31 01:14:10,CUST02105,P3,Payment Failure,Operational,Settlement API,Email,L1 Support,Resolved,1.43,35.22,No,3,Yes
TKT0002647,2025-06-11 05:06:00,2025-06-11 13:23:11,CUST00139,P2,Payment Failure,Operational,Merchant Portal,Chat,L2 Support,Resolved,2.12,8.29,No,10,Yes
TKT0002648,2025-08-07 04:09:00,2025-08-08 11:07:40,CUST01631,P4,Settlement,General,Payments,Phone,Payments Ops,Resolved,1.45,30.98,No,3,No
TKT0002649,2025-07-08 04:39:00,2025-07-08 13:45:45,CUST00727,P3,KYC,Technical,Settlement API,Portal,L2 Support,Resolved,1.48,9.11,No,11,No
TKT0002650,2025-11-28 10:16:00,2025-11-29 14:41:43,CUST02267,P3,Settlement,Operational,KYC Service,Email,L2 Support,Resolved,0.2,28.43,No,4,Yes
TKT0002651,2025-02-22 05:53:00,2025-02-22 14:49:57,CUST01336,P2,Settlement,General,Payments,Email,L2 Support,Resolved,7.03,8.95,No,3,Yes
TKT0002652,2025-03-23 00:38:00,2025-03-23 02:08:36,CUST02069,P1,KYC,Operational,KYC Service,Email,L1 Support,Resolved,0.85,1.51,No,29,No
TKT0002653,2025-08-11 21:48:00,2025-08-12 15:42:58,CUST02623,P3,API,Operational,Merchant Portal,Chat,L1 Support,Resolved,5.27,17.92,No,17,No
TKT0002654,2025-10-21 12:26:00,2025-10-23 00:31:43,CUST00736,P3,Settlement,General,KYC Service,Portal,Engineering,Resolved,0.39,36.1,No,78,Yes
TKT0002655,2025-08-16 08:06:00,2025-08-18 00:31:42,CUST00167,P4,Payment Failure,General,Settlement API,Email,L1 Support,Resolved,0.23,40.43,No,4,No
TKT0002656,2025-05-24 08:27:00,2025-05-25 15:41:50,CUST02552,P3,API,Technical,Wallet,Phone,L2 Support,Resolved,1.12,31.25,No,23,Yes
TKT0002657,2025-01-06 08:27:00,2025-01-07 22:22:49,CUST02873,P3,API,Technical,Payments,Phone,Engineering,Resolved,0.53,37.93,No,4,Yes
TKT0002658,2025-11-29 05:40:00,2025-12-01 01:24:26,CUST00851,P4,Refund,Technical,Merchant Portal,Phone,Payments Ops,Resolved,0.52,43.74,No,3,No
TKT0002659,2025-02-02 20:43:00,2025-02-03 11:54:35,CUST01063,P4,KYC,General,Payments,Chat,Engineering,Resolved,1.55,15.19,No,5,No
TKT0002660,2025-09-01 06:49:00,2025-09-01 23:14:01,CUST02236,P4,Settlement,Operational,Merchant Portal,Chat,L2 Support,Resolved,1.06,16.42,No,9,No
TKT0002661,2025-09-09 04:24:00,2025-09-10 06:12:18,CUST01132,P3,API,Technical,Wallet,Portal,Payments Ops,Resolved,0.66,25.81,No,3,Yes
TKT0002662,2025-10-08 23:19:00,2025-10-09 22:23:39,CUST00364,P3,Payment Failure,Technical,Settlement API,Phone,L1 Support,Resolved,2.05,23.08,No,1,No
TKT0002663,2025-09-26 02:58:00,2025-09-28 06:36:20,CUST01987,P4,Payment Failure,General,Settlement API,Chat,Payments Ops,Resolved,1.41,51.64,No,2,Yes
TKT0002664,2025-05-19 14:44:00,2025-05-22 10:42:37,CUST00357,P4,Login,Operational,Settlement API,Portal,L1 Support,Resolved,0.36,67.98,No,15,Yes
TKT0002665,2025-06-29 13:33:00,2025-07-01 04:24:30,CUST02578,P4,KYC,Technical,Merchant Portal,Portal,KYC Ops,Resolved,1.7,38.86,No,13,No
TKT0002666,2025-09-21 03:03:00,2025-09-22 02:59:46,CUST00654,P3,Refund,Operational,Wallet,Portal,L2 Support,Resolved,0.66,23.95,No,13,No
TKT0002667,2025-09-26 06:05:00,2025-09-28 09:58:28,CUST00505,P4,Login,General,Wallet,Phone,Payments Ops,Resolved,0.71,51.89,No,4,Yes
TKT0002668,2025-12-21 16:55:00,2025-12-22 12:05:57,CUST00879,P3,Login,Technical,Merchant Portal,Phone,Payments Ops,Resolved,0.15,19.18,No,8,No
TKT0002669,2025-04-29 12:39:00,2025-05-01 03:07:25,CUST01506,P3,Payment Failure,Technical,Wallet,Phone,Engineering,Resolved,1.05,38.47,No,1,Yes
TKT0002670,2025-09-13 02:28:00,2025-09-15 09:59:00,CUST00611,P3,Refund,Technical,KYC Service,Phone,L1 Support,Resolved,1.83,55.52,Yes,7,Yes
TKT0002671,2025-12-23 15:28:00,2025-12-25 05:20:16,CUST02995,P4,Settlement,General,Settlement API,Email,Payments Ops,Resolved,2.26,37.87,Yes,4,No
TKT0002672,2025-09-14 02:33:00,2025-09-14 23:37:11,CUST02554,P3,API,Technical,Merchant Portal,Chat,L1 Support,Resolved,0.61,21.07,No,3,No
TKT0002673,2025-04-22 11:09:00,2025-04-24 03:17:32,CUST02983,P4,Payment Failure,Operational,Settlement API,Chat,L2 Support,Resolved,0.87,40.14,Yes,2,No
TKT0002674,2025-04-11 01:31:00,2025-04-11 05:32:24,CUST02787,P1,Payment Failure,General,Merchant Portal,Phone,KYC Ops,Resolved,1.84,4.02,Yes,9,Yes
TKT0002675,2025-09-06 09:40:00,2025-09-08 13:24:00,CUST01487,P4,Refund,Operational,KYC Service,Chat,L1 Support,Resolved,0.57,51.73,No,3,Yes
TKT0002676,2025-01-16 06:37:00,2025-01-17 10:16:44,CUST01064,P4,Refund,Technical,Payments,Portal,Payments Ops,Resolved,0.88,27.66,No,4,No
TKT0002677,2025-10-19 06:55:00,2025-10-20 01:14:23,CUST01703,P3,KYC,General,Merchant Portal,Email,Payments Ops,Resolved,0.84,18.32,No,8,No
TKT0002678,2025-12-10 17:11:00,2025-12-11 05:55:54,CUST00975,P4,Login,Technical,Payments,Phone,Engineering,Resolved,1.15,12.75,No,1,No
TKT0002679,2025-02-27 14:46:00,2025-02-28 02:27:42,CUST00426,P3,Refund,Operational,KYC Service,Phone,L2 Support,Resolved,0.42,11.7,No,3,No
TKT0002680,2025-12-30 10:53:00,2025-12-30 18:09:35,CUST01173,P3,Login,Technical,Payments,Phone,KYC Ops,Resolved,0.71,7.28,No,50,No
TKT0002681,2025-07-14 00:50:00,2025-07-14 04:51:18,CUST02173,P2,Payment Failure,Technical,Wallet,Phone,L1 Support,Resolved,1.16,4.02,No,21,No
TKT0002682,2025-05-10 02:04:00,2025-05-11 11:32:15,CUST01848,P4,Payment Failure,Technical,Merchant Portal,Email,Payments Ops,Resolved,1.13,33.47,No,2,No
TKT0002683,2025-10-16 13:23:00,2025-10-17 05:33:18,CUST02312,P4,KYC,Technical,KYC Service,Phone,L1 Support,Resolved,1.56,16.17,No,9,No
TKT0002684,2025-03-29 19:57:00,2025-03-30 10:25:52,CUST02432,P3,Settlement,Operational,Settlement API,Email,Payments Ops,Resolved,0.71,14.48,No,86,No
TKT0002685,2025-03-26 19:34:00,2025-03-30 08:53:11,CUST01712,P3,Login,General,Merchant Portal,Email,Engineering,Resolved,0.37,85.32,No,1,Yes
TKT0002686,2025-03-22 21:27:00,2025-03-23 07:14:19,CUST00438,P2,Settlement,Operational,KYC Service,Portal,L1 Support,Resolved,0.73,9.79,Yes,38,Yes
TKT0002687,2025-12-14 16:40:00,2025-12-15 05:48:33,CUST02391,P3,Refund,Operational,Payments,Email,L2 Support,Resolved,1.28,13.14,Yes,4,No
TKT0002688,2025-03-23 17:27:00,2025-03-24 08:09:52,CUST02323,P3,KYC,General,Wallet,Chat,L1 Support,Resolved,0.87,14.71,No,3,No
TKT0002689,2025-08-13 08:27:00,2025-08-13 19:18:01,CUST02700,P2,Payment Failure,General,Wallet,Email,KYC Ops,Resolved,0.46,10.85,No,3,Yes
TKT0002690,2025-05-01 15:27:00,2025-05-02 02:31:41,CUST00790,P3,Settlement,General,Payments,Email,L2 Support,Resolved,0.48,11.08,No,7,No
TKT0002691,2025-07-20 03:37:00,2025-07-20 14:51:46,CUST00190,P3,Payment Failure,Operational,Settlement API,Email,L2 Support,Resolved,0.3,11.25,No,22,No
TKT0002692,2025-06-30 06:33:00,2025-06-30 22:58:30,CUST01255,P4,Login,General,KYC Service,Email,L1 Support,Resolved,3.0,16.43,No,105,No
TKT0002693,2025-04-30 03:01:00,2025-04-30 11:42:16,CUST01052,P2,KYC,Operational,Wallet,Email,Engineering,Resolved,1.86,8.69,Yes,1,Yes
TKT0002694,2025-04-19 08:22:00,2025-04-20 10:27:09,CUST01864,P3,KYC,General,Merchant Portal,Chat,KYC Ops,Resolved,0.06,26.09,No,41,Yes
TKT0002695,2025-10-28 12:19:00,2025-10-28 21:53:02,CUST02828,P3,Settlement,Operational,Merchant Portal,Chat,Payments Ops,Resolved,0.46,9.57,No,4,No
TKT0002696,2025-01-02 18:59:00,2025-01-03 23:53:16,CUST01841,P4,Payment Failure,General,Wallet,Portal,Engineering,Resolved,1.28,28.9,No,4,No
TKT0002697,2025-06-15 19:05:00,2025-06-16 02:14:58,CUST00935,P3,Payment Failure,Operational,Merchant Portal,Email,L2 Support,Resolved,0.36,7.17,No,9,No
TKT0002698,2025-10-30 14:41:00,2025-10-31 08:29:22,CUST00500,P2,API,General,Payments,Email,L1 Support,Resolved,0.81,17.81,Yes,9,Yes
TKT0002699,2025-12-14 21:16:00,2025-12-15 10:11:15,CUST01755,P3,API,Operational,Wallet,Phone,Payments Ops,Resolved,2.17,12.92,No,1,No
TKT0002700,2025-07-14 07:17:00,2025-07-15 03:57:52,CUST01310,P4,Login,Operational,KYC Service,Email,Engineering,Resolved,1.36,20.68,No,6,No
TKT0002701,2025-09-14 21:23:00,2025-09-14 23:46:40,CUST01487,P2,Login,Operational,Settlement API,Phone,L2 Support,Resolved,1.96,2.39,No,1,No
TKT0002702,2025-09-27 13:43:00,2025-09-30 17:12:10,CUST02085,P4,Refund,Technical,Merchant Portal,Phone,Engineering,Resolved,0.42,75.49,No,9,Yes
TKT0002703,2025-07-02 19:20:00,2025-07-04 13:23:31,CUST02060,P4,Settlement,Operational,Payments,Email,KYC Ops,Resolved,10.5,42.06,No,3,No
TKT0002704,2025-05-28 08:50:00,2025-05-29 17:36:34,CUST00009,P3,API,Operational,Settlement API,Email,L2 Support,Resolved,0.14,32.78,No,22,Yes
TKT0002705,2025-03-21 06:30:00,2025-03-22 11:58:08,CUST01309,P3,Login,Technical,Wallet,Chat,Payments Ops,Resolved,0.21,29.47,No,3,Yes
TKT0002706,2025-01-28 13:09:00,2025-01-28 17:51:42,CUST01036,P1,Login,General,KYC Service,Portal,Payments Ops,Resolved,0.79,4.71,No,17,Yes
TKT0002707,2025-05-02 19:20:00,2025-05-05 13:03:26,CUST00455,P4,Settlement,Operational,Payments,Email,L2 Support,Resolved,1.02,65.72,No,1,Yes
TKT0002708,2025-05-26 13:52:00,2025-05-26 18:36:04,CUST00517,P2,Login,Technical,Merchant Portal,Phone,L1 Support,Resolved,0.41,4.73,Yes,4,No
TKT0002709,2025-05-15 09:11:00,2025-05-16 08:35:19,CUST00885,P4,Settlement,Technical,KYC Service,Phone,L2 Support,Resolved,1.75,23.41,No,2,No
TKT0002710,2025-01-12 12:41:00,2025-01-14 13:06:53,CUST02017,P4,Refund,Technical,Merchant Portal,Email,L1 Support,Resolved,0.96,48.43,No,35,Yes
TKT0002711,2025-12-06 21:43:00,2025-12-07 03:46:40,CUST00878,P2,Settlement,Technical,Settlement API,Phone,L1 Support,Resolved,0.97,6.06,No,1,No
TKT0002712,2025-07-20 10:27:00,2025-07-21 01:58:16,CUST02783,P3,KYC,General,Settlement API,Portal,Payments Ops,Resolved,1.07,15.52,No,2,No
TKT0002713,2025-05-22 20:36:00,2025-05-23 20:25:38,CUST01842,P3,Login,Technical,Wallet,Phone,L1 Support,Resolved,0.45,23.83,No,5,No
TKT0002714,2025-07-20 07:31:00,2025-07-22 04:37:43,CUST01438,P4,KYC,General,Payments,Chat,Engineering,Resolved,5.36,45.11,Yes,4,No
TKT0002715,2025-07-05 17:12:00,2025-07-06 05:23:14,CUST01810,P3,Settlement,Technical,Settlement API,Portal,L2 Support,Resolved,0.15,12.19,No,8,No
TKT0002716,2025-11-12 22:18:00,2025-11-15 08:12:05,CUST00095,P4,API,Operational,Settlement API,Chat,L1 Support,Resolved,0.24,57.9,No,20,Yes
TKT0002717,2025-07-27 13:02:00,2025-07-28 16:23:21,CUST02939,P4,API,Operational,Wallet,Chat,Payments Ops,Resolved,1.69,27.36,No,13,No
TKT0002718,2025-01-20 00:00:00,2025-01-20 06:53:25,CUST01309,P3,Settlement,General,KYC Service,Portal,Payments Ops,Resolved,0.53,6.89,No,2,No
TKT0002719,2025-09-18 16:28:00,2025-09-19 15:56:41,CUST00806,P4,Payment Failure,Operational,Settlement API,Email,L2 Support,Resolved,1.35,23.48,No,51,No
TKT0002720,2025-01-16 02:42:00,2025-01-16 03:38:30,CUST02974,P1,Payment Failure,General,Payments,Email,L1 Support,Resolved,1.63,0.94,No,15,No
TKT0002721,2025-03-04 12:29:00,2025-03-05 09:20:39,CUST02269,P3,Login,Operational,Settlement API,Email,L1 Support,Resolved,2.35,20.86,No,2,No
TKT0002722,2025-06-25 21:00:00,2025-06-26 04:59:26,CUST01007,P2,Login,Operational,Payments,Portal,L1 Support,Resolved,2.71,7.99,No,4,No
TKT0002723,2025-05-19 17:00:00,2025-05-19 20:25:05,CUST01006,P1,Payment Failure,Technical,Wallet,Chat,Engineering,Resolved,0.57,3.42,No,29,No
TKT0002724,2025-12-23 10:29:00,2025-12-23 19:57:16,CUST01992,P3,Payment Failure,General,KYC Service,Phone,L1 Support,Resolved,1.04,9.47,No,3,No
TKT0002725,2025-05-07 19:06:00,2025-05-09 02:30:49,CUST02421,P3,Login,Operational,Payments,Chat,L2 Support,Resolved,0.54,31.41,No,1,Yes
TKT0002726,2025-04-12 08:17:00,2025-04-12 21:42:39,CUST02224,P4,Settlement,Technical,Settlement API,Chat,Engineering,Resolved,0.91,13.43,No,1,No
TKT0002727,2025-08-20 14:02:00,2025-08-20 20:03:25,CUST01384,P4,Payment Failure,General,KYC Service,Email,L1 Support,Resolved,0.42,6.02,No,7,No
TKT0002728,2025-04-10 06:09:00,2025-04-10 08:12:55,CUST02800,P1,Refund,Technical,Merchant Portal,Email,Engineering,Resolved,0.92,2.07,Yes,53,No
TKT0002729,2025-12-23 01:03:00,2025-12-23 22:34:15,CUST02643,P3,API,Technical,Merchant Portal,Email,L2 Support,Resolved,0.73,21.52,No,31,No
TKT0002730,2025-02-03 05:16:00,2025-02-05 23:33:15,CUST02600,P4,Payment Failure,Technical,Wallet,Phone,KYC Ops,Resolved,1.04,66.29,No,31,Yes
TKT0002731,2025-03-10 00:37:00,2025-03-11 15:25:07,CUST01256,P3,Payment Failure,Technical,KYC Service,Chat,Payments Ops,Resolved,4.02,38.8,No,2,Yes
TKT0002732,2025-01-15 15:41:00,2025-01-17 01:09:12,CUST01910,P4,Payment Failure,Technical,Wallet,Chat,KYC Ops,Resolved,0.26,33.47,No,12,No
TKT0002733,2025-10-15 11:42:00,2025-10-15 13:46:39,CUST00727,P2,Payment Failure,Operational,Payments,Email,Payments Ops,Resolved,0.24,2.08,No,7,No
TKT0002734,2025-04-05 14:47:00,2025-04-07 01:22:25,CUST02714,P3,API,Technical,Settlement API,Email,KYC Ops,Resolved,0.29,34.59,Yes,2,Yes
TKT0002735,2025-09-04 13:17:00,2025-09-04 15:15:09,CUST02779,P2,Login,General,Wallet,Portal,Payments Ops,Resolved,0.84,1.97,No,11,No
TKT0002736,2025-10-29 05:45:00,2025-10-30 06:43:33,CUST02783,P3,API,Operational,Settlement API,Chat,L2 Support,Resolved,0.24,24.98,No,7,Yes
TKT0002737,2025-07-07 19:06:00,2025-07-08 17:09:33,CUST02307,P3,API,Technical,Settlement API,Chat,Engineering,Resolved,0.14,22.06,No,3,No
TKT0002738,2025-10-09 08:23:00,2025-10-09 21:25:47,CUST00094,P3,Refund,Operational,Payments,Email,Engineering,Resolved,0.3,13.05,No,269,No
TKT0002739,2025-02-07 00:06:00,2025-02-07 16:30:02,CUST01030,P4,Refund,Technical,Wallet,Chat,L1 Support,Resolved,0.25,16.4,No,12,No
TKT0002740,2025-01-23 04:13:00,2025-01-24 01:07:36,CUST01350,P3,API,Technical,Settlement API,Chat,Engineering,Resolved,0.87,20.91,No,6,No
TKT0002741,2025-01-13 19:59:00,2025-01-14 13:25:26,CUST01139,P4,Refund,General,Wallet,Chat,Engineering,Resolved,2.43,17.44,No,41,No
TKT0002742,2025-11-23 15:17:00,2025-11-24 13:00:42,CUST01028,P3,API,General,KYC Service,Portal,L2 Support,Resolved,0.43,21.73,No,16,No
TKT0002743,2025-07-23 21:18:00,2025-07-24 10:52:32,CUST02456,P3,KYC,General,Wallet,Chat,Engineering,Resolved,0.34,13.58,Yes,40,No
TKT0002744,2025-10-17 21:33:00,2025-10-19 09:36:36,CUST02027,P3,Refund,General,Merchant Portal,Portal,Payments Ops,Resolved,1.4,36.06,No,4,Yes
TKT0002745,2025-03-11 17:01:00,2025-03-16 23:12:44,CUST01770,P4,API,General,Payments,Portal,KYC Ops,Resolved,0.28,126.2,No,7,Yes
TKT0002746,2025-07-28 12:28:00,2025-07-29 16:07:33,CUST02675,P3,API,Operational,Payments,Portal,KYC Ops,Resolved,0.91,27.66,No,12,Yes
TKT0002747,2025-08-14 23:06:00,2025-08-15 05:08:48,CUST02286,P3,Settlement,Technical,Payments,Email,Engineering,Resolved,0.45,6.05,No,4,No
TKT0002748,2025-07-17 14:03:00,2025-07-17 19:32:59,CUST01445,P3,Login,Operational,Merchant Portal,Email,Engineering,Resolved,7.0,5.5,No,8,No
TKT0002749,2025-09-27 05:12:00,2025-09-29 02:52:57,CUST00349,P4,KYC,Operational,Wallet,Chat,L1 Support,Resolved,0.35,45.68,No,13,No
TKT0002750,2025-02-17 11:19:00,2025-02-18 23:40:32,CUST01279,P3,Payment Failure,Operational,KYC Service,Email,Engineering,Resolved,1.67,36.36,No,7,Yes
TKT0002751,2025-06-09 17:31:00,2025-06-10 03:39:35,CUST01649,P3,KYC,Technical,Merchant Portal,Phone,Engineering,Resolved,2.13,10.14,No,4,No
TKT0002752,2025-05-25 11:12:00,2025-05-26 04:39:09,CUST00431,P4,KYC,Operational,Merchant Portal,Email,KYC Ops,Resolved,0.74,17.45,No,3,No
TKT0002753,2025-10-16 20:46:00,2025-10-18 03:17:34,CUST02786,P4,Login,Technical,Wallet,Chat,L1 Support,Resolved,4.13,30.53,No,28,No
TKT0002754,2025-08-03 10:07:00,2025-08-04 10:54:51,CUST01559,P4,KYC,Operational,Payments,Email,L1 Support,Resolved,0.25,24.8,No,3,No
TKT0002755,2025-01-31 11:48:00,2025-02-01 07:34:47,CUST01733,P3,Payment Failure,Technical,Settlement API,Email,Payments Ops,Resolved,4.16,19.78,No,17,No
TKT0002756,2025-04-02 21:49:00,2025-04-03 06:38:01,CUST02195,P3,Login,Operational,Payments,Phone,Payments Ops,Resolved,0.4,8.82,No,7,No
TKT0002757,2025-06-12 03:56:00,2025-06-13 16:20:53,CUST00026,P3,Payment Failure,Operational,Settlement API,Email,Engineering,Resolved,0.53,36.41,Yes,24,Yes
TKT0002758,2025-01-08 12:50:00,2025-01-09 06:06:56,CUST01382,P4,Settlement,General,Merchant Portal,Email,L1 Support,Resolved,2.3,17.28,No,64,No
TKT0002759,2025-03-07 22:56:00,2025-03-08 18:14:39,CUST00230,P3,Payment Failure,General,Wallet,Portal,Engineering,Resolved,1.36,19.31,No,1,No
TKT0002760,2025-02-28 02:14:00,2025-02-28 14:05:07,CUST00298,P2,Settlement,General,Payments,Chat,Payments Ops,Resolved,0.65,11.85,Yes,15,Yes
TKT0002761,2025-02-10 12:25:00,2025-02-10 22:54:33,CUST01582,P2,Settlement,Operational,Settlement API,Portal,Payments Ops,Resolved,1.12,10.49,Yes,3,Yes
TKT0002762,2025-06-26 05:39:00,2025-06-26 17:03:13,CUST02287,P3,KYC,Technical,Merchant Portal,Phone,L1 Support,Resolved,1.87,11.4,No,23,No
TKT0002763,2025-12-28 23:10:00,2025-12-30 08:11:59,CUST02175,P4,KYC,Operational,Payments,Chat,Payments Ops,Resolved,2.26,33.03,Yes,4,No
TKT0002764,2025-09-09 01:07:00,2025-09-09 03:42:05,CUST00491,P1,Settlement,Operational,Wallet,Chat,KYC Ops,Resolved,2.5,2.58,No,17,No
TKT0002765,2025-11-05 16:54:00,2025-11-07 16:10:28,CUST01507,P4,Login,Technical,Merchant Portal,Portal,KYC Ops,Resolved,2.72,47.27,Yes,19,No
TKT0002766,2025-01-25 12:18:00,2025-01-27 13:45:15,CUST00632,P4,KYC,Technical,Settlement API,Phone,L2 Support,Resolved,1.84,49.45,Yes,11,Yes
TKT0002767,2025-07-19 16:33:00,2025-07-19 21:29:15,CUST01873,P1,Payment Failure,Operational,KYC Service,Chat,KYC Ops,Resolved,0.69,4.94,Yes,132,Yes
TKT0002768,2025-06-14 21:45:00,2025-06-15 23:23:17,CUST00117,P4,Settlement,Technical,Merchant Portal,Phone,Engineering,Resolved,1.48,25.64,No,3,No
TKT0002769,2025-05-23 15:11:00,2025-05-24 05:32:34,CUST02465,P4,Refund,Technical,Wallet,Chat,Engineering,Resolved,1.04,14.36,No,34,No
TKT0002770,2025-09-24 16:36:00,2025-09-26 07:44:32,CUST00146,P3,Refund,General,KYC Service,Portal,L2 Support,Resolved,2.64,39.14,No,1,Yes
TKT0002771,2025-10-27 19:45:00,2025-10-29 05:39:59,CUST00675,P4,KYC,General,Wallet,Portal,L2 Support,Resolved,0.34,33.92,No,3,No
TKT0002772,2025-02-23 23:41:00,2025-02-24 12:26:07,CUST01985,P3,Payment Failure,Operational,Settlement API,Phone,L1 Support,Resolved,1.58,12.75,No,1,No
TKT0002773,2025-01-15 18:27:00,2025-01-16 06:57:30,CUST01698,P3,Login,General,Merchant Portal,Email,L1 Support,Resolved,0.48,12.51,No,71,No
TKT0002774,2025-03-13 13:56:00,2025-03-13 23:53:45,CUST00453,P3,Login,Technical,KYC Service,Phone,Engineering,Resolved,0.97,9.96,No,14,No
TKT0002775,2025-08-29 04:02:00,2025-08-29 10:50:53,CUST02703,P2,Payment Failure,General,Wallet,Email,L2 Support,Resolved,1.42,6.81,Yes,17,No
TKT0002776,2025-06-15 14:36:00,2025-06-15 21:53:14,CUST01279,P2,Settlement,Technical,Payments,Email,KYC Ops,Resolved,0.74,7.29,Yes,10,No
TKT0002777,2025-09-24 00:27:00,2025-09-26 10:20:20,CUST00940,P4,API,Technical,Payments,Chat,L2 Support,Resolved,1.06,57.89,No,2,Yes
TKT0002778,2025-08-15 03:10:00,2025-08-15 10:52:36,CUST00675,P2,Payment Failure,General,Wallet,Portal,L2 Support,Resolved,4.03,7.71,No,2,No
TKT0002779,2025-08-25 23:12:00,2025-08-26 19:03:09,CUST00646,P4,API,Technical,Merchant Portal,Portal,L2 Support,Resolved,1.64,19.85,No,7,No
TKT0002780,2025-04-03 10:15:00,2025-04-04 18:59:08,CUST01131,P3,API,Technical,Merchant Portal,Portal,L1 Support,Resolved,0.24,32.74,No,3,Yes
TKT0002781,2025-10-13 07:55:00,2025-10-14 06:49:19,CUST00524,P4,Refund,Operational,KYC Service,Email,L2 Support,Resolved,0.73,22.91,No,20,No
TKT0002782,2025-03-17 13:23:00,2025-03-17 17:35:10,CUST02756,P2,Payment Failure,Technical,KYC Service,Chat,KYC Ops,Resolved,3.43,4.2,Yes,8,No
TKT0002783,2025-01-19 17:44:00,2025-01-19 23:44:10,CUST02220,P2,Settlement,Technical,Payments,Portal,Engineering,Resolved,2.96,6.0,No,6,No
TKT0002784,2025-09-25 17:01:00,2025-09-27 22:49:57,CUST02738,P4,Payment Failure,Technical,Wallet,Portal,KYC Ops,Resolved,1.02,53.82,No,2,Yes
TKT0002785,2025-08-03 12:47:00,2025-08-03 16:27:53,CUST01926,P2,Payment Failure,Operational,Settlement API,Phone,KYC Ops,Resolved,0.37,3.68,No,9,No
TKT0002786,2025-12-28 17:36:00,2025-12-29 09:18:04,CUST00385,P3,API,General,KYC Service,Phone,Payments Ops,Resolved,0.92,15.7,No,49,No
TKT0002787,2025-09-24 01:55:00,2025-09-24 06:50:24,CUST00095,P2,Payment Failure,General,Settlement API,Chat,L2 Support,Resolved,0.72,4.92,No,4,No
TKT0002788,2025-06-04 06:41:00,2025-06-05 16:14:13,CUST01335,P4,KYC,Technical,Merchant Portal,Email,KYC Ops,Resolved,0.6,33.55,No,5,No
TKT0002789,2025-07-10 14:39:00,2025-07-11 09:29:16,CUST00524,P3,Payment Failure,Technical,Payments,Email,Payments Ops,Resolved,0.39,18.84,No,29,No
TKT0002790,2025-12-25 18:56:00,2025-12-26 18:32:42,CUST02764,P3,Refund,Operational,Wallet,Email,L1 Support,Resolved,2.19,23.61,No,10,No
TKT0002791,2025-11-08 15:19:00,2025-11-09 06:59:20,CUST01840,P3,Refund,General,Merchant Portal,Email,L1 Support,Resolved,0.6,15.67,No,3,No
TKT0002792,2025-05-20 00:49:00,2025-05-21 06:31:01,CUST02487,P4,Settlement,Technical,Wallet,Phone,L2 Support,Resolved,13.47,29.7,No,15,No
TKT0002793,2025-12-03 06:10:00,2025-12-03 15:20:39,CUST00247,P2,Payment Failure,Operational,Payments,Phone,L2 Support,Resolved,4.08,9.18,No,12,Yes
TKT0002794,2025-12-26 16:45:00,2025-12-27 10:50:40,CUST02730,P4,Payment Failure,Technical,Payments,Chat,Engineering,Resolved,0.65,18.09,No,7,No
TKT0002795,2025-09-04 03:44:00,2025-09-04 20:44:23,CUST02145,P4,KYC,General,Settlement API,Phone,KYC Ops,Resolved,1.31,17.01,No,15,No
TKT0002796,2025-11-07 10:14:00,2025-11-08 11:33:14,CUST01643,P3,Settlement,General,KYC Service,Phone,L1 Support,Resolved,0.79,25.32,No,2,Yes
TKT0002797,2025-03-23 09:05:00,2025-03-23 13:56:32,CUST00630,P2,KYC,Operational,Merchant Portal,Chat,Payments Ops,Resolved,0.49,4.86,No,10,No
TKT0002798,2025-08-23 17:22:00,2025-08-24 06:05:38,CUST02838,P2,Payment Failure,Technical,Payments,Portal,L2 Support,Resolved,2.09,12.73,No,48,Yes
TKT0002799,2025-11-10 15:09:00,2025-11-11 13:52:04,CUST00586,P4,Login,Technical,Payments,Chat,Engineering,Resolved,0.19,22.72,No,1,No
TKT0002800,2025-03-15 11:53:00,2025-03-15 23:39:57,CUST00167,P3,Login,Operational,Wallet,Portal,L1 Support,Resolved,1.96,11.78,Yes,3,No
TKT0002801,2025-11-14 17:26:00,2025-11-15 06:00:07,CUST01088,P3,KYC,General,Merchant Portal,Chat,L2 Support,Resolved,1.07,12.57,No,21,No
TKT0002802,2025-07-16 10:43:00,2025-07-17 08:27:57,CUST02964,P3,KYC,General,KYC Service,Portal,Payments Ops,Resolved,0.29,21.75,No,2,No
TKT0002803,2025-01-30 03:59:00,2025-01-31 00:25:15,CUST02275,P4,API,General,KYC Service,Portal,KYC Ops,Resolved,2.84,20.44,No,7,No
TKT0002804,2025-10-30 12:43:00,2025-11-01 10:22:14,CUST00617,P4,Settlement,Technical,Settlement API,Chat,L2 Support,Resolved,0.27,45.65,No,17,No
TKT0002805,2025-03-05 22:07:00,2025-03-06 04:10:00,CUST01162,P1,API,Technical,Wallet,Phone,Engineering,Resolved,0.61,6.05,No,58,Yes
TKT0002806,2025-07-29 06:44:00,2025-07-30 05:12:02,CUST01100,P3,Settlement,Operational,KYC Service,Chat,KYC Ops,Resolved,0.75,22.47,No,4,No
TKT0002807,2025-09-02 08:45:00,2025-09-03 18:18:47,CUST01640,P4,Payment Failure,General,Payments,Email,L2 Support,Resolved,1.83,33.56,No,49,No
TKT0002808,2025-06-26 16:51:00,2025-06-27 07:40:24,CUST02073,P3,Settlement,Operational,Merchant Portal,Phone,L1 Support,Resolved,0.55,14.82,No,1,No
TKT0002809,2025-01-12 17:43:00,2025-01-14 18:22:06,CUST02558,P3,API,Operational,Merchant Portal,Phone,KYC Ops,Resolved,0.28,48.65,No,4,Yes
TKT0002810,2025-08-03 05:38:00,2025-08-05 08:13:25,CUST02854,P4,Login,Operational,Merchant Portal,Phone,Payments Ops,Resolved,3.14,50.59,No,1,Yes
TKT0002811,2025-07-15 17:27:00,2025-07-15 21:11:07,CUST01996,P2,Payment Failure,General,KYC Service,Chat,KYC Ops,Resolved,3.53,3.74,Yes,26,No
TKT0002812,2025-08-17 05:01:00,2025-08-18 00:12:20,CUST00533,P3,Payment Failure,General,Merchant Portal,Phone,L2 Support,Resolved,0.41,19.19,Yes,32,No
TKT0002813,2025-04-16 08:56:00,2025-04-16 21:01:50,CUST00300,P2,Payment Failure,General,Settlement API,Email,Payments Ops,Resolved,2.02,12.1,No,1,Yes
TKT0002814,2025-01-30 10:00:00,2025-01-31 16:59:27,CUST00153,P3,API,General,Merchant Portal,Email,Engineering,Resolved,0.45,30.99,No,38,Yes
TKT0002815,2025-06-12 12:41:00,2025-06-13 03:29:23,CUST01328,P4,API,General,Wallet,Email,Engineering,Resolved,0.41,14.81,No,10,No
TKT0002816,2025-03-14 19:22:00,2025-03-15 16:14:47,CUST01780,P4,KYC,General,Merchant Portal,Email,KYC Ops,Resolved,1.33,20.88,No,28,No
TKT0002817,2025-12-16 20:09:00,2025-12-17 05:35:18,CUST00157,P2,Payment Failure,Technical,Wallet,Portal,Payments Ops,Resolved,1.88,9.44,Yes,47,Yes
TKT0002818,2025-12-11 17:48:00,2025-12-12 13:25:05,CUST01166,P3,KYC,General,KYC Service,Email,L2 Support,Resolved,0.99,19.62,No,7,No
TKT0002819,2025-12-17 22:39:00,2025-12-18 07:28:11,CUST00229,P3,Login,General,Settlement API,Chat,Payments Ops,Resolved,4.31,8.82,No,2,No
TKT0002820,2025-02-17 04:58:00,2025-02-18 02:13:12,CUST02526,P3,Refund,Operational,Merchant Portal,Chat,KYC Ops,Resolved,0.88,21.25,No,5,No
TKT0002821,2025-01-07 04:05:00,2025-01-07 05:04:38,CUST01523,P1,Payment Failure,General,Payments,Portal,KYC Ops,Resolved,1.4,0.99,No,33,No
TKT0002822,2025-05-14 15:26:00,2025-05-15 21:49:43,CUST02464,P3,API,General,Settlement API,Phone,L1 Support,Resolved,1.07,30.4,No,9,Yes
TKT0002823,2025-06-07 11:36:00,2025-06-09 06:23:51,CUST02721,P4,Refund,Technical,Settlement API,Chat,KYC Ops,Resolved,0.91,42.8,No,2,No
TKT0002824,2025-01-05 14:46:00,2025-01-08 15:49:00,CUST00023,P4,Payment Failure,Technical,Merchant Portal,Chat,Engineering,Resolved,1.16,73.05,No,1,Yes
TKT0002825,2025-11-19 22:04:00,2025-11-20 10:41:39,CUST00043,P3,Refund,General,Payments,Email,L2 Support,Resolved,1.53,12.63,No,6,No
TKT0002826,2025-10-11 22:26:00,2025-10-14 00:02:07,CUST02149,P4,Login,Technical,KYC Service,Phone,KYC Ops,Resolved,0.26,49.6,No,2,Yes
TKT0002827,2025-03-18 01:57:00,2025-03-18 16:47:09,CUST01787,P3,API,Technical,Wallet,Email,Engineering,Resolved,1.24,14.84,No,5,No
TKT0002828,2025-02-25 16:08:00,2025-02-28 15:26:30,CUST02002,P4,Payment Failure,Operational,Wallet,Chat,L1 Support,Resolved,1.02,71.31,No,22,Yes
TKT0002829,2025-08-10 15:52:00,2025-08-11 08:30:04,CUST02208,P3,Refund,General,Merchant Portal,Email,L1 Support,Resolved,0.57,16.63,No,9,No
TKT0002830,2025-06-06 13:11:00,2025-06-08 00:20:52,CUST02922,P4,Payment Failure,Operational,Settlement API,Phone,Engineering,Resolved,2.84,35.16,No,3,No
TKT0002831,2025-03-14 00:53:00,2025-03-15 19:46:30,CUST00318,P3,API,General,Settlement API,Portal,Payments Ops,Resolved,1.02,42.89,No,19,Yes
TKT0002832,2025-05-18 14:58:00,2025-05-20 08:05:01,CUST01389,P4,Payment Failure,Operational,Settlement API,Portal,Engineering,Resolved,1.22,41.12,No,4,No
TKT0002833,2025-04-13 20:03:00,2025-04-15 11:11:18,CUST01021,P4,Refund,General,KYC Service,Portal,L1 Support,Resolved,0.41,39.14,No,78,No
TKT0002834,2025-06-02 18:21:00,2025-06-05 04:41:23,CUST02471,P3,KYC,General,Payments,Chat,Payments Ops,Resolved,1.21,58.34,No,5,Yes
TKT0002835,2025-07-24 20:32:00,2025-07-25 05:41:09,CUST01895,P4,Payment Failure,Operational,Payments,Chat,L2 Support,Resolved,0.86,9.15,No,8,No
TKT0002836,2025-04-24 08:30:00,2025-04-26 22:51:10,CUST02470,P3,API,General,Merchant Portal,Email,KYC Ops,Resolved,0.97,62.35,No,7,Yes
TKT0002837,2025-02-19 14:50:00,2025-02-20 15:22:34,CUST01847,P4,Settlement,General,Merchant Portal,Portal,L2 Support,Resolved,0.87,24.54,No,10,No
TKT0002838,2025-04-12 19:11:00,2025-04-14 03:39:27,CUST02847,P4,API,General,KYC Service,Chat,KYC Ops,Resolved,2.71,32.47,Yes,1,No
TKT0002839,2025-12-06 09:42:00,2025-12-08 12:23:49,CUST01870,P3,Refund,Operational,Payments,Chat,Engineering,Resolved,0.79,50.7,No,1,Yes
TKT0002840,2025-08-22 16:20:00,2025-08-23 14:17:21,CUST02027,P4,Login,Operational,Wallet,Portal,Engineering,Resolved,1.03,21.96,No,110,No
TKT0002841,2025-10-17 19:24:00,2025-10-19 08:33:38,CUST01165,P4,Payment Failure,General,KYC Service,Email,Engineering,Resolved,0.97,37.16,No,7,No
TKT0002842,2025-09-25 02:06:00,2025-09-25 22:02:43,CUST00330,P4,Payment Failure,Operational,Payments,Phone,L1 Support,Resolved,0.23,19.95,No,55,No
TKT0002843,2025-10-28 02:58:00,2025-10-28 19:35:31,CUST00032,P3,Settlement,General,Merchant Portal,Email,KYC Ops,Resolved,0.58,16.63,No,2,No
TKT0002844,2025-09-29 15:57:00,2025-09-30 20:12:32,CUST01703,P3,Settlement,Technical,Settlement API,Phone,Payments Ops,Resolved,1.07,28.26,No,13,Yes
TKT0002845,2025-08-11 04:20:00,2025-08-13 11:09:19,CUST01897,P4,Refund,General,KYC Service,Chat,KYC Ops,Resolved,0.54,54.82,No,2,Yes
TKT0002846,2025-12-21 08:23:00,2025-12-22 10:15:07,CUST01032,P4,Payment Failure,Technical,Payments,Email,KYC Ops,Resolved,1.94,25.87,No,13,No
TKT0002847,2025-05-06 03:14:00,2025-05-06 17:47:14,CUST01905,P3,Settlement,Operational,Payments,Portal,Engineering,Resolved,0.43,14.55,No,21,No
TKT0002848,2025-08-11 18:54:00,2025-08-12 03:48:30,CUST00225,P2,Payment Failure,General,Wallet,Phone,Engineering,Resolved,0.51,8.91,Yes,9,Yes
TKT0002849,2025-12-05 12:29:00,2025-12-06 02:38:07,CUST00265,P4,Login,General,KYC Service,Phone,L2 Support,Resolved,0.41,14.15,No,11,No
TKT0002850,2025-02-24 14:26:00,2025-02-25 06:13:23,CUST00591,P3,KYC,Technical,KYC Service,Phone,L2 Support,Resolved,0.68,15.79,No,19,No
TKT0002851,2025-01-02 12:37:00,2025-01-04 04:26:42,CUST02407,P3,Payment Failure,Technical,KYC Service,Chat,L1 Support,Resolved,0.15,39.83,No,21,Yes
TKT0002852,2025-05-28 02:33:00,2025-05-29 14:14:16,CUST02957,P4,KYC,General,Merchant Portal,Chat,KYC Ops,Resolved,2.86,35.69,No,19,No
TKT0002853,2025-10-29 22:13:00,2025-10-30 02:13:01,CUST02537,P1,Login,Technical,KYC Service,Portal,Engineering,Resolved,0.34,4.0,Yes,60,Yes
TKT0002854,2025-12-15 15:25:00,2025-12-15 21:50:09,CUST01066,P3,Login,Technical,Wallet,Chat,Engineering,Resolved,1.17,6.42,Yes,2,No
TKT0002855,2025-02-21 00:16:00,2025-02-22 08:49:32,CUST00448,P4,Payment Failure,Operational,Payments,Chat,L1 Support,Resolved,1.11,32.56,No,1,No
TKT0002856,2025-03-14 19:55:00,2025-03-15 17:13:47,CUST00244,P3,Payment Failure,General,Wallet,Email,L2 Support,Resolved,3.36,21.31,No,11,No
TKT0002857,2025-06-15 04:34:00,2025-06-16 02:16:02,CUST01269,P4,Login,General,Payments,Phone,Engineering,Resolved,0.94,21.7,No,9,No
TKT0002858,2025-06-06 05:41:00,2025-06-06 23:15:20,CUST01161,P4,Payment Failure,General,Merchant Portal,Email,Engineering,Resolved,0.57,17.57,Yes,58,No
TKT0002859,2025-09-15 01:45:00,2025-09-15 15:04:37,CUST02744,P3,Settlement,Technical,Payments,Chat,KYC Ops,Resolved,0.22,13.33,No,7,No
TKT0002860,2025-10-26 01:59:00,2025-10-26 16:54:39,CUST01326,P4,Login,General,Wallet,Portal,L1 Support,Resolved,1.9,14.93,No,6,No
TKT0002861,2025-11-08 12:42:00,2025-11-10 12:39:24,CUST01355,P4,KYC,Operational,Settlement API,Email,Engineering,Resolved,0.43,47.96,No,1,No
TKT0002862,2025-07-27 20:53:00,2025-07-29 01:26:55,CUST00589,P4,Login,General,Payments,Email,KYC Ops,Resolved,4.59,28.57,No,3,No
TKT0002863,2025-07-19 01:27:00,2025-07-19 16:50:42,CUST00877,P2,Refund,Technical,Wallet,Chat,L2 Support,Resolved,1.25,15.4,No,3,Yes
TKT0002864,2025-12-16 14:15:00,2025-12-18 12:52:58,CUST02178,P3,API,Operational,Merchant Portal,Chat,Engineering,Resolved,2.75,46.63,No,3,Yes
TKT0002865,2025-10-30 23:04:00,2025-10-31 08:43:33,CUST02774,P3,KYC,Technical,Wallet,Chat,L1 Support,Resolved,1.48,9.66,No,12,No
TKT0002866,2025-03-07 07:03:00,2025-03-07 19:35:25,CUST01443,P3,KYC,Technical,Merchant Portal,Portal,Engineering,Resolved,1.45,12.54,No,1,No
TKT0002867,2025-08-06 01:34:00,2025-08-07 04:31:33,CUST02589,P4,Login,Operational,Wallet,Portal,L2 Support,Resolved,0.69,26.96,No,5,No
TKT0002868,2025-03-10 21:50:00,2025-03-11 22:32:23,CUST01636,P4,API,Technical,Merchant Portal,Phone,KYC Ops,Resolved,0.43,24.71,No,15,No
TKT0002869,2025-06-22 07:06:00,2025-06-23 09:56:38,CUST00397,P4,Payment Failure,Technical,KYC Service,Phone,KYC Ops,Resolved,0.89,26.84,No,8,No
TKT0002870,2025-10-06 19:58:00,2025-10-07 21:11:02,CUST00754,P3,KYC,General,Merchant Portal,Portal,Payments Ops,Resolved,1.0,25.22,No,42,Yes
TKT0002871,2025-06-12 05:39:00,2025-06-13 00:00:59,CUST02100,P3,Payment Failure,Technical,Wallet,Chat,L2 Support,Resolved,0.27,18.37,No,6,No
TKT0002872,2025-12-02 16:35:00,2025-12-03 14:58:53,CUST01025,P4,Payment Failure,Technical,Wallet,Email,Engineering,Resolved,0.44,22.4,No,15,No
TKT0002873,2025-09-04 13:40:00,2025-09-05 03:06:37,CUST02467,P4,Login,Technical,Wallet,Phone,Engineering,Resolved,0.66,13.44,No,27,No
TKT0002874,2025-01-25 16:06:00,2025-01-25 22:34:08,CUST02018,P2,Login,General,KYC Service,Phone,Payments Ops,Resolved,1.63,6.47,No,5,No
TKT0002875,2025-10-26 22:40:00,2025-10-27 01:59:44,CUST02420,P2,KYC,Operational,Merchant Portal,Email,L2 Support,Resolved,1.13,3.33,Yes,15,No
TKT0002876,2025-10-11 17:50:00,2025-10-11 19:17:38,CUST01278,P1,KYC,Operational,Merchant Portal,Chat,Payments Ops,Resolved,1.15,1.46,No,14,No
TKT0002877,2025-10-15 15:36:00,2025-10-16 10:05:20,CUST00468,P3,Login,Operational,Payments,Email,L2 Support,Resolved,0.86,18.49,No,19,No
TKT0002878,2025-05-10 04:02:00,2025-05-12 00:19:01,CUST00350,P4,Settlement,Technical,Payments,Portal,Payments Ops,Resolved,2.32,44.28,Yes,4,No
TKT0002879,2025-01-27 19:48:00,2025-01-28 20:23:16,CUST02582,P4,Settlement,General,Settlement API,Email,KYC Ops,Resolved,0.37,24.59,No,10,No
TKT0002880,2025-08-31 12:24:00,2025-09-02 12:52:45,CUST00776,P4,Payment Failure,Technical,Merchant Portal,Phone,Payments Ops,Resolved,0.38,48.48,No,13,Yes
TKT0002881,2025-11-10 16:56:00,2025-11-11 02:14:10,CUST01971,P2,KYC,Technical,Payments,Phone,Payments Ops,Resolved,0.55,9.3,No,1,Yes
TKT0002882,2025-08-23 20:57:00,2025-08-24 21:58:10,CUST01532,P3,Refund,Operational,Merchant Portal,Chat,Payments Ops,Resolved,0.45,25.02,No,8,Yes
TKT0002883,2025-12-31 21:07:00,2026-01-01 22:34:03,CUST01688,P4,Payment Failure,General,Merchant Portal,Chat,L2 Support,Resolved,0.63,25.45,No,1,No
TKT0002884,2025-03-20 01:36:00,2025-03-20 06:24:51,CUST01254,P2,KYC,General,Payments,Phone,KYC Ops,Resolved,0.9,4.81,No,11,No
TKT0002885,2025-11-03 14:44:00,2025-11-04 13:22:25,CUST02265,P4,Payment Failure,Operational,Settlement API,Phone,KYC Ops,Resolved,1.0,22.64,No,28,No
TKT0002886,2025-07-06 14:36:00,2025-07-07 00:54:42,CUST00934,P3,Payment Failure,General,Payments,Phone,L2 Support,Resolved,2.04,10.31,No,16,No
TKT0002887,2025-05-08 05:07:00,2025-05-08 20:13:22,CUST00692,P3,Refund,Technical,Settlement API,Email,L1 Support,Resolved,0.59,15.11,No,2,No
TKT0002888,2025-10-30 21:49:00,2025-10-31 03:29:15,CUST00053,P2,Refund,Technical,Merchant Portal,Portal,L2 Support,Resolved,2.47,5.67,No,2,No
TKT0002889,2025-12-18 03:53:00,2025-12-18 16:06:25,CUST02584,P3,API,Operational,Merchant Portal,Phone,KYC Ops,Resolved,0.37,12.22,No,2,No
TKT0002890,2025-06-09 04:12:00,2025-06-11 04:41:58,CUST01831,P4,API,Operational,Settlement API,Email,KYC Ops,Resolved,0.58,48.5,No,7,Yes
TKT0002891,2025-08-30 16:41:00,2025-08-31 02:41:34,CUST02635,P3,Refund,General,Wallet,Portal,Payments Ops,Resolved,0.74,10.01,No,15,No
TKT0002892,2025-03-30 12:28:00,2025-03-30 13:57:40,CUST00766,P1,Refund,Technical,KYC Service,Portal,L1 Support,Resolved,1.37,1.49,No,43,No
TKT0002893,2025-04-07 06:26:00,2025-04-07 14:15:00,CUST01357,P4,Payment Failure,Technical,Wallet,Chat,Payments Ops,Resolved,0.58,7.82,No,5,No
TKT0002894,2025-04-16 07:12:00,2025-04-17 06:18:12,CUST02745,P2,API,Operational,Payments,Portal,Engineering,Resolved,1.24,23.1,No,46,Yes
TKT0002895,2025-08-18 21:27:00,2025-08-19 07:54:39,CUST02675,P3,Settlement,Operational,KYC Service,Portal,Engineering,Resolved,1.61,10.46,No,15,No
TKT0002896,2025-02-28 12:50:00,2025-03-01 11:59:16,CUST02479,P3,Refund,Operational,KYC Service,Email,L2 Support,Resolved,1.62,23.15,No,4,No
TKT0002897,2025-04-01 23:57:00,2025-04-03 22:56:09,CUST00281,P4,Refund,Operational,Merchant Portal,Email,L1 Support,Resolved,0.77,46.99,No,5,No
TKT0002898,2025-01-30 15:58:00,2025-01-30 21:07:22,CUST02437,P2,Refund,Technical,Merchant Portal,Chat,Engineering,Resolved,1.45,5.16,No,9,No
TKT0002899,2025-03-12 17:00:00,2025-03-14 16:36:39,CUST02830,P4,Settlement,Operational,KYC Service,Portal,L2 Support,Resolved,0.36,47.61,No,4,No
TKT0002900,2025-07-23 21:46:00,2025-07-25 14:00:40,CUST00796,P4,API,Operational,Settlement API,Chat,Engineering,Resolved,1.34,40.24,No,3,No
TKT0002901,2025-11-27 00:58:00,2025-11-27 05:20:11,CUST02696,P2,Settlement,General,Wallet,Chat,L2 Support,Resolved,1.39,4.37,No,9,No
TKT0002902,2025-05-30 10:34:00,2025-05-30 19:33:45,CUST00166,P3,Payment Failure,General,Payments,Phone,Engineering,Resolved,3.93,9.0,Yes,1,No
TKT0002903,2025-06-24 03:05:00,2025-06-25 21:59:04,CUST00203,P4,Payment Failure,General,Settlement API,Email,L1 Support,Resolved,1.1,42.9,No,15,No
TKT0002904,2025-01-31 22:54:00,2025-02-01 14:28:55,CUST00484,P3,KYC,General,Merchant Portal,Portal,L2 Support,Resolved,2.75,15.58,No,4,No
TKT0002905,2025-06-30 23:37:00,2025-07-01 04:29:01,CUST01098,P2,Settlement,General,Settlement API,Email,KYC Ops,Resolved,1.33,4.87,Yes,43,No
TKT0002906,2025-03-07 05:30:00,2025-03-07 21:05:15,CUST02229,P3,Refund,Technical,Merchant Portal,Email,KYC Ops,Resolved,0.91,15.59,No,9,No
TKT0002907,2025-09-15 09:11:00,2025-09-15 20:24:52,CUST02177,P3,Payment Failure,Technical,Merchant Portal,Portal,Engineering,Resolved,0.5,11.23,No,3,No
TKT0002908,2025-03-09 19:54:00,2025-03-10 10:28:37,CUST02835,P4,KYC,General,Payments,Chat,L1 Support,Resolved,0.46,14.58,Yes,9,No
TKT0002909,2025-11-12 03:02:00,2025-11-12 11:35:08,CUST02020,P2,Payment Failure,General,Settlement API,Phone,KYC Ops,Resolved,0.82,8.55,Yes,1,Yes
TKT0002910,2025-09-09 20:20:00,2025-09-11 02:59:36,CUST02601,P4,Login,Operational,KYC Service,Portal,Payments Ops,Resolved,0.61,30.66,No,5,No
TKT0002911,2025-06-19 18:10:00,2025-06-19 21:58:10,CUST01767,P2,Payment Failure,General,Merchant Portal,Chat,KYC Ops,Resolved,0.8,3.8,No,22,No
TKT0002912,2025-09-02 09:19:00,2025-09-04 02:07:13,CUST00867,P4,KYC,General,Settlement API,Phone,L1 Support,Resolved,0.44,40.8,No,2,No
TKT0002913,2025-07-08 00:48:00,2025-07-09 07:17:34,CUST02650,P4,Settlement,General,Merchant Portal,Portal,L2 Support,Resolved,2.6,30.49,No,20,No
TKT0002914,2025-07-22 06:49:00,2025-07-22 14:18:34,CUST00003,P3,Payment Failure,General,Merchant Portal,Portal,Payments Ops,Resolved,0.8,7.49,Yes,2,No
TKT0002915,2025-02-11 06:39:00,2025-02-13 15:01:37,CUST00876,P4,API,General,Settlement API,Portal,Engineering,Resolved,1.0,56.38,No,2,Yes
TKT0002916,2025-08-29 07:48:00,2025-08-30 08:26:49,CUST01020,P3,Login,Technical,Payments,Chat,L1 Support,Resolved,1.82,24.65,No,14,Yes
TKT0002917,2025-04-25 16:19:00,2025-04-26 05:05:04,CUST00341,P3,Refund,General,Wallet,Chat,KYC Ops,Resolved,0.23,12.77,Yes,10,No
TKT0002918,2025-09-23 16:09:00,2025-09-27 11:14:17,CUST00185,P4,Payment Failure,Technical,KYC Service,Chat,L1 Support,Resolved,0.98,91.09,Yes,9,Yes
TKT0002919,2025-09-04 08:56:00,2025-09-05 09:49:09,CUST01639,P3,API,Operational,Merchant Portal,Chat,L1 Support,Resolved,3.92,24.89,Yes,1,Yes
TKT0002920,2025-12-16 13:31:00,2025-12-16 22:36:29,CUST01720,P3,KYC,Technical,Merchant Portal,Portal,L1 Support,Resolved,1.07,9.09,No,15,No
TKT0002921,2025-01-02 04:25:00,2025-01-02 16:18:25,CUST02064,P3,Settlement,Operational,Payments,Portal,Payments Ops,Resolved,2.25,11.89,No,17,No
TKT0002922,2025-10-26 06:47:00,2025-11-01 13:41:47,CUST00198,P4,API,General,Settlement API,Chat,Engineering,Resolved,0.4,150.91,No,9,Yes
TKT0002923,2025-01-03 12:45:00,2025-01-03 19:44:59,CUST01734,P4,Refund,Technical,KYC Service,Phone,Engineering,Resolved,0.27,7.0,No,25,No
TKT0002924,2025-07-19 21:35:00,2025-07-20 16:41:19,CUST01111,P4,Settlement,General,Wallet,Portal,KYC Ops,Resolved,0.21,19.11,No,11,No
TKT0002925,2025-06-30 10:41:00,2025-06-30 22:14:34,CUST00380,P3,Refund,Operational,Settlement API,Email,L1 Support,Resolved,0.55,11.56,No,6,No
TKT0002926,2025-01-04 00:19:00,2025-01-04 13:20:37,CUST00851,P3,Payment Failure,Technical,Wallet,Portal,KYC Ops,Resolved,1.85,13.03,No,5,No
TKT0002927,2025-01-13 22:45:00,2025-01-15 00:46:22,CUST00656,P3,KYC,Technical,KYC Service,Portal,L1 Support,Resolved,2.58,26.02,No,17,Yes
TKT0002928,2025-10-05 16:23:00,2025-10-06 17:56:14,CUST00539,P3,Payment Failure,General,Wallet,Portal,L1 Support,Resolved,0.57,25.55,No,2,Yes
TKT0002929,2025-07-03 21:09:00,2025-07-04 08:58:58,CUST00873,P3,Payment Failure,Operational,Payments,Portal,Payments Ops,Resolved,4.42,11.83,No,30,No
TKT0002930,2025-10-11 16:24:00,2025-10-12 08:47:18,CUST02144,P3,Settlement,Operational,KYC Service,Phone,KYC Ops,Resolved,0.94,16.39,Yes,6,No
TKT0002931,2025-12-27 16:09:00,2025-12-28 19:53:35,CUST01842,P3,Settlement,General,KYC Service,Email,L1 Support,Resolved,0.65,27.74,No,3,Yes
TKT0002932,2025-10-22 17:16:00,2025-10-23 01:12:22,CUST02357,P2,Payment Failure,General,KYC Service,Phone,Payments Ops,Resolved,1.23,7.94,Yes,15,No
TKT0002933,2025-01-18 05:18:00,2025-01-18 14:27:38,CUST02819,P3,Settlement,Technical,Payments,Portal,KYC Ops,Resolved,0.81,9.16,No,1,No
TKT0002934,2025-12-15 11:00:00,2025-12-15 23:02:48,CUST01254,P2,Payment Failure,Technical,Settlement API,Phone,L1 Support,Resolved,0.58,12.05,Yes,5,Yes
TKT0002935,2025-12-01 22:25:00,2025-12-03 11:54:10,CUST01207,P3,Login,Technical,Wallet,Chat,Engineering,Resolved,1.16,37.49,No,8,Yes
TKT0002936,2025-09-08 20:51:00,2025-09-09 18:55:46,CUST02998,P4,API,Operational,Wallet,Portal,Engineering,Resolved,0.5,22.08,No,5,No
TKT0002937,2025-05-21 10:24:00,2025-05-22 07:05:53,CUST01970,P3,Refund,Operational,Payments,Email,L2 Support,Resolved,0.53,20.7,No,19,No
TKT0002938,2025-01-31 07:30:00,2025-02-01 00:09:44,CUST02402,P3,Payment Failure,Technical,KYC Service,Portal,Engineering,Resolved,0.79,16.66,No,1,No
TKT0002939,2025-11-22 18:24:00,2025-11-23 05:53:05,CUST02841,P3,Settlement,General,Settlement API,Portal,L2 Support,Resolved,2.87,11.48,No,11,No
TKT0002940,2025-04-22 20:18:00,2025-04-22 21:51:57,CUST00337,P1,Payment Failure,General,Payments,Email,L2 Support,Resolved,1.28,1.57,No,43,No
TKT0002941,2025-03-10 05:58:00,2025-03-10 13:36:13,CUST01312,P3,KYC,Technical,KYC Service,Chat,Engineering,Resolved,0.72,7.64,No,27,No
TKT0002942,2025-04-28 18:29:00,2025-04-29 12:36:08,CUST00043,P3,Payment Failure,Technical,Wallet,Portal,L2 Support,Resolved,1.47,18.12,No,36,No
TKT0002943,2025-09-29 06:02:00,2025-09-30 02:35:22,CUST00632,P4,Settlement,Technical,Merchant Portal,Email,Payments Ops,Resolved,1.22,20.56,No,1,No
TKT0002944,2025-09-29 19:42:00,2025-10-01 01:51:19,CUST00992,P4,KYC,Technical,Settlement API,Chat,Engineering,Resolved,0.8,30.16,Yes,8,No
TKT0002945,2025-12-12 23:22:00,2025-12-13 19:34:39,CUST00890,P4,Payment Failure,Technical,KYC Service,Chat,L2 Support,Resolved,1.34,20.21,No,18,No
TKT0002946,2025-11-11 14:56:00,2025-11-13 11:30:15,CUST01482,P4,Settlement,Technical,KYC Service,Portal,Engineering,Resolved,0.39,44.57,No,1,No
TKT0002947,2025-12-12 02:56:00,2025-12-12 04:05:46,CUST02242,P1,Payment Failure,Technical,Wallet,Portal,KYC Ops,Resolved,1.36,1.16,Yes,10,No
TKT0002948,2025-11-11 18:05:00,2025-11-12 18:31:23,CUST01652,P4,Settlement,General,Settlement API,Phone,L2 Support,Resolved,0.99,24.44,No,49,No
TKT0002949,2025-01-04 04:35:00,2025-01-05 07:42:34,CUST02700,P4,Login,Technical,Wallet,Phone,Engineering,Resolved,0.26,27.13,Yes,16,No
TKT0002950,2025-04-14 08:10:00,2025-04-14 12:03:16,CUST00420,P2,Payment Failure,Operational,KYC Service,Chat,L2 Support,Resolved,3.15,3.89,No,4,No
TKT0002951,2025-02-03 02:13:00,2025-02-03 13:49:13,CUST02023,P3,Payment Failure,Technical,Settlement API,Phone,KYC Ops,Resolved,1.54,11.6,No,4,No
TKT0002952,2025-04-21 16:40:00,2025-04-24 06:37:30,CUST02116,P4,Payment Failure,Operational,Wallet,Chat,KYC Ops,Resolved,0.17,61.96,Yes,30,Yes
TKT0002953,2025-11-28 18:55:00,2025-11-29 05:35:02,CUST00723,P3,Settlement,General,Wallet,Phone,L1 Support,Resolved,0.34,10.67,No,17,No
TKT0002954,2025-05-16 05:31:00,2025-05-18 09:53:50,CUST02052,P4,Settlement,Technical,Wallet,Chat,KYC Ops,Resolved,1.75,52.38,No,12,Yes
TKT0002955,2025-01-31 03:32:00,2025-01-31 17:49:58,CUST00849,P3,Settlement,Technical,Merchant Portal,Email,L1 Support,Resolved,0.46,14.3,No,1,No
TKT0002956,2025-10-10 18:48:00,2025-10-11 09:43:16,CUST00445,P3,Login,Operational,KYC Service,Chat,Payments Ops,Resolved,0.96,14.92,No,7,No
TKT0002957,2025-05-15 18:35:00,2025-05-16 07:48:39,CUST02317,P3,Settlement,Operational,Payments,Email,Payments Ops,Resolved,2.87,13.23,No,33,No
TKT0002958,2025-02-25 03:09:00,2025-02-26 08:34:35,CUST01555,P4,Login,General,Payments,Portal,L1 Support,Resolved,0.42,29.43,No,6,No
TKT0002959,2025-02-22 05:53:00,2025-02-22 09:50:44,CUST02184,P2,Refund,Operational,Payments,Portal,KYC Ops,Resolved,1.93,3.96,No,27,No
TKT0002960,2025-05-18 17:48:00,2025-05-19 21:43:02,CUST02858,P3,Login,Technical,Merchant Portal,Chat,Engineering,Resolved,1.19,27.92,No,4,Yes
TKT0002961,2025-04-12 06:11:00,2025-04-13 07:54:33,CUST01674,P3,Payment Failure,General,Merchant Portal,Email,L1 Support,Resolved,0.23,25.73,No,10,Yes
TKT0002962,2025-10-21 08:37:00,2025-10-22 04:03:24,CUST02540,P4,KYC,General,Payments,Phone,Engineering,Resolved,0.93,19.44,No,3,No
TKT0002963,2025-08-16 15:24:00,2025-08-17 02:49:16,CUST01162,P3,KYC,Operational,Settlement API,Phone,L2 Support,Resolved,0.58,11.42,No,15,No
TKT0002964,2025-06-22 19:18:00,2025-06-22 23:55:48,CUST00894,P3,Refund,Operational,Payments,Portal,Payments Ops,Resolved,1.86,4.63,No,48,No
TKT0002965,2025-04-20 10:22:00,2025-04-23 11:36:23,CUST00922,P4,Refund,Technical,Wallet,Portal,Payments Ops,Resolved,1.93,73.24,No,4,Yes
TKT0002966,2025-11-21 23:54:00,2025-11-27 05:02:51,CUST01327,P4,Refund,Technical,Payments,Phone,KYC Ops,Resolved,0.51,125.15,Yes,11,Yes
TKT0002967,2025-05-29 08:27:00,2025-05-30 14:18:10,CUST01445,P4,Payment Failure,Operational,Payments,Email,L1 Support,Resolved,1.28,29.85,No,14,No
TKT0002968,2025-03-14 20:50:00,2025-03-17 05:19:14,CUST00982,P3,API,General,Payments,Email,Engineering,Resolved,5.75,56.49,No,5,Yes
TKT0002969,2025-05-31 15:06:00,2025-06-02 03:27:55,CUST01877,P4,KYC,General,Wallet,Portal,Payments Ops,Resolved,0.53,36.37,No,13,No
TKT0002970,2025-12-13 00:32:00,2025-12-14 15:47:05,CUST01099,P3,KYC,Technical,Payments,Chat,Engineering,Resolved,0.57,39.25,No,9,Yes
TKT0002971,2025-08-08 11:27:00,2025-08-12 17:06:57,CUST01405,P4,API,Operational,Settlement API,Phone,KYC Ops,Resolved,1.51,101.67,Yes,17,Yes
TKT0002972,2025-04-06 06:13:00,2025-04-06 19:20:14,CUST01297,P3,Login,Technical,Payments,Chat,Engineering,Resolved,1.15,13.12,No,24,No
TKT0002973,2025-07-21 19:19:00,2025-07-21 21:53:22,CUST00377,P2,Settlement,Operational,Settlement API,Email,Payments Ops,Resolved,0.28,2.57,No,6,No
TKT0002974,2025-02-19 08:04:00,2025-02-19 17:24:52,CUST00796,P3,KYC,General,Payments,Portal,KYC Ops,Resolved,0.6,9.35,No,4,No
TKT0002975,2025-04-15 22:57:00,2025-04-17 02:52:32,CUST00241,P3,API,General,Wallet,Chat,Engineering,Resolved,1.3,27.93,No,27,Yes
TKT0002976,2025-07-05 07:15:00,2025-07-06 13:33:05,CUST02730,P3,API,Operational,KYC Service,Email,KYC Ops,Resolved,1.8,30.3,Yes,9,Yes
TKT0002977,2025-01-06 21:57:00,2025-01-07 05:46:19,CUST02307,P2,Login,Technical,Wallet,Phone,KYC Ops,Resolved,2.67,7.82,No,63,No
TKT0002978,2025-03-18 00:16:00,2025-03-18 04:11:02,CUST00920,P2,Payment Failure,Operational,Payments,Phone,L1 Support,Resolved,3.24,3.92,No,8,No
TKT0002979,2025-01-12 03:24:00,2025-01-13 02:20:10,CUST00412,P4,Settlement,Technical,KYC Service,Phone,L2 Support,Resolved,0.16,22.94,No,2,No
TKT0002980,2025-09-12 00:34:00,2025-09-14 13:35:11,CUST01172,P4,Payment Failure,Technical,Wallet,Portal,L1 Support,Resolved,1.47,61.02,No,23,Yes
TKT0002981,2025-01-14 12:16:00,2025-01-14 14:40:31,CUST00731,P2,Payment Failure,General,Wallet,Email,L2 Support,Resolved,2.58,2.41,Yes,14,No
TKT0002982,2025-01-20 21:06:00,2025-01-20 23:06:34,CUST02188,P1,API,General,Merchant Portal,Chat,KYC Ops,Resolved,0.33,2.01,No,140,No
TKT0002983,2025-01-03 17:09:00,2025-01-04 09:59:10,CUST00940,P3,Refund,Technical,Merchant Portal,Portal,L1 Support,Resolved,0.51,16.84,No,7,No
TKT0002984,2025-07-31 09:40:00,2025-07-31 13:04:33,CUST02807,P2,KYC,Technical,Merchant Portal,Portal,Payments Ops,Resolved,0.98,3.41,Yes,6,No
TKT0002985,2025-09-30 03:29:00,2025-10-01 15:18:02,CUST01984,P4,Refund,Technical,Payments,Email,Engineering,Resolved,1.14,35.82,No,3,No
TKT0002986,2025-06-30 06:54:00,2025-06-30 10:22:07,CUST02643,P1,Payment Failure,Technical,KYC Service,Chat,Engineering,Resolved,0.35,3.47,No,65,No
TKT0002987,2025-02-13 14:24:00,2025-02-16 23:29:39,CUST00066,P4,Payment Failure,Technical,Settlement API,Email,L2 Support,Resolved,0.92,81.09,No,3,Yes
TKT0002988,2025-05-08 13:33:00,2025-05-09 09:30:27,CUST02760,P3,Refund,General,KYC Service,Phone,L2 Support,Resolved,0.66,19.96,No,1,No
TKT0002989,2025-11-23 06:28:00,2025-11-24 07:52:23,CUST01663,P4,API,Technical,Payments,Phone,L2 Support,Resolved,0.73,25.41,No,28,No
TKT0002990,2025-07-07 12:36:00,2025-07-07 13:33:24,CUST01647,P1,API,Technical,Wallet,Phone,KYC Ops,Resolved,0.67,0.96,No,119,No
TKT0002991,2025-10-10 23:59:00,2025-10-11 02:05:13,CUST02665,P1,KYC,Operational,Wallet,Phone,L2 Support,Resolved,0.47,2.1,No,38,No
TKT0002992,2025-04-16 20:55:00,2025-04-17 08:47:34,CUST00192,P3,Login,General,KYC Service,Phone,L2 Support,Resolved,0.61,11.88,No,2,No
TKT0002993,2025-06-18 12:48:00,2025-06-19 10:54:09,CUST02630,P4,Payment Failure,Technical,KYC Service,Phone,Engineering,Resolved,0.38,22.1,No,17,No
TKT0002994,2025-05-08 12:27:00,2025-05-08 13:36:29,CUST00634,P1,Login,Operational,Wallet,Chat,L1 Support,Resolved,0.29,1.16,No,20,No
TKT0002995,2025-06-09 08:55:00,2025-06-09 19:14:17,CUST02785,P3,Settlement,General,Payments,Portal,Payments Ops,Resolved,0.72,10.32,No,7,No
TKT0002996,2025-01-01 16:46:00,2025-01-03 12:56:01,CUST00386,P3,Payment Failure,General,Settlement API,Chat,L1 Support,Resolved,0.39,44.17,Yes,4,Yes
TKT0002997,2025-02-22 06:56:00,2025-02-23 01:12:20,CUST01503,P4,KYC,General,Payments,Email,Payments Ops,Resolved,2.04,18.27,No,1,No
TKT0002998,2025-09-22 04:07:00,2025-09-23 20:03:12,CUST02067,P4,Login,General,Wallet,Phone,KYC Ops,Resolved,1.67,39.94,No,3,No
TKT0002999,2025-09-25 04:33:00,2025-09-25 06:06:01,CUST01088,P1,KYC,General,Wallet,Email,Engineering,Resolved,0.93,1.55,Yes,121,No
TKT0003000,2025-01-06 11:21:00,2025-01-07 17:58:32,CUST01471,P4,KYC,Technical,KYC Service,Email,L1 Support,Resolved,0.93,30.63,Yes,32,No
TKT0003001,2025-06-04 20:59:00,2025-06-06 21:28:15,CUST00725,P4,KYC,Technical,Merchant Portal,Email,Payments Ops,Resolved,0.94,48.49,No,5,Yes
TKT0003002,2025-03-18 08:26:00,2025-03-19 10:19:45,CUST02513,P4,API,Technical,Payments,Email,Engineering,Resolved,3.63,25.9,No,3,No
TKT0003003,2025-04-20 11:48:00,2025-04-20 13:22:34,CUST00095,P1,KYC,Operational,Payments,Chat,L1 Support,Resolved,3.47,1.58,No,7,No
TKT0003004,2025-04-21 23:04:00,2025-04-26 05:07:24,CUST00235,P4,Settlement,Technical,Wallet,Email,KYC Ops,Resolved,0.46,102.06,No,1,Yes
TKT0003005,2025-06-27 00:21:00,2025-06-28 07:41:50,CUST00633,P4,Refund,Technical,Payments,Email,Payments Ops,Resolved,0.36,31.35,No,3,No
TKT0003006,2025-06-02 13:46:00,2025-06-05 00:24:09,CUST02664,P4,KYC,General,KYC Service,Portal,L2 Support,Resolved,0.31,58.64,No,2,Yes
TKT0003007,2025-03-10 08:11:00,2025-03-10 17:13:57,CUST01522,P3,Settlement,Technical,Settlement API,Portal,L1 Support,Resolved,0.59,9.05,No,51,No
TKT0003008,2025-01-04 11:00:00,2025-01-04 12:44:03,CUST02490,P1,Payment Failure,Technical,Merchant Portal,Phone,L1 Support,Resolved,0.66,1.73,No,30,No
TKT0003009,2025-12-28 16:43:00,2025-12-29 05:52:48,CUST00927,P3,API,Operational,Wallet,Portal,Engineering,Resolved,0.41,13.16,Yes,1,No
TKT0003010,2025-09-16 00:26:00,2025-09-16 06:40:48,CUST02269,P2,Payment Failure,Technical,Settlement API,Email,Payments Ops,Resolved,0.96,6.25,No,52,No
TKT0003011,2025-04-08 15:14:00,2025-04-08 23:13:21,CUST01880,P3,Login,Operational,Settlement API,Portal,L2 Support,Resolved,0.47,7.99,No,14,No
TKT0003012,2025-06-19 03:25:00,2025-06-19 15:31:07,CUST00166,P3,KYC,Technical,Settlement API,Chat,L1 Support,Resolved,0.31,12.1,Yes,57,No
TKT0003013,2025-08-04 06:39:00,2025-08-04 20:51:16,CUST02953,P3,Settlement,Operational,Settlement API,Portal,L1 Support,Resolved,1.6,14.2,No,1,No
TKT0003014,2025-09-27 12:52:00,2025-09-27 16:00:13,CUST01186,P2,KYC,General,Payments,Email,Payments Ops,Resolved,0.59,3.14,No,1,No
TKT0003015,2025-04-22 17:35:00,2025-04-23 10:16:26,CUST02587,P3,Login,Technical,Wallet,Phone,Engineering,Resolved,0.61,16.69,No,39,No
TKT0003016,2025-06-27 01:06:00,2025-06-28 08:41:41,CUST00613,P3,KYC,General,Merchant Portal,Chat,Engineering,Resolved,0.37,31.59,No,11,Yes
TKT0003017,2025-06-17 02:13:00,2025-06-18 01:30:14,CUST01824,P4,Settlement,Technical,Merchant Portal,Chat,L2 Support,Resolved,0.41,23.29,No,1,No
TKT0003018,2025-04-27 04:32:00,2025-04-27 17:26:04,CUST02977,P4,Payment Failure,Operational,Wallet,Portal,KYC Ops,Resolved,0.37,12.9,No,162,No
TKT0003019,2025-07-10 15:08:00,2025-07-12 11:24:51,CUST00756,P4,Payment Failure,Technical,Settlement API,Phone,KYC Ops,Resolved,1.8,44.28,No,1,No
TKT0003020,2025-04-13 05:17:00,2025-04-13 12:35:30,CUST02287,P2,Login,General,Merchant Portal,Phone,Payments Ops,Resolved,1.09,7.31,Yes,8,No
TKT0003021,2025-04-15 02:51:00,2025-04-16 13:55:16,CUST01586,P4,API,General,Settlement API,Portal,KYC Ops,Resolved,0.7,35.07,No,1,No
TKT0003022,2025-03-12 20:07:00,2025-03-13 22:37:25,CUST02483,P3,Refund,Technical,Payments,Chat,Engineering,Resolved,0.94,26.51,No,14,Yes
TKT0003023,2025-03-27 19:07:00,2025-03-28 03:30:40,CUST00851,P2,Payment Failure,General,Settlement API,Email,KYC Ops,Resolved,0.92,8.39,Yes,8,Yes
TKT0003024,2025-08-04 14:19:00,2025-08-05 13:03:33,CUST01535,P4,Payment Failure,Operational,Wallet,Chat,Engineering,Resolved,1.45,22.74,No,3,No
TKT0003025,2025-11-08 09:37:00,2025-11-09 20:58:11,CUST02423,P4,Payment Failure,Technical,Merchant Portal,Portal,KYC Ops,Resolved,2.31,35.35,No,11,No
TKT0003026,2025-07-30 05:20:00,2025-07-30 23:02:53,CUST00330,P3,Payment Failure,General,Settlement API,Email,Payments Ops,Resolved,0.38,17.71,No,13,No
TKT0003027,2025-07-30 09:03:00,2025-07-30 21:34:49,CUST00716,P3,Payment Failure,Technical,KYC Service,Chat,KYC Ops,Resolved,0.69,12.53,No,5,No
TKT0003028,2025-01-08 01:45:00,2025-01-08 18:22:07,CUST01762,P3,KYC,Technical,Payments,Email,L1 Support,Resolved,2.24,16.62,No,8,No
TKT0003029,2025-09-24 10:57:00,2025-09-25 15:27:46,CUST02826,P4,Payment Failure,Technical,Payments,Chat,Payments Ops,Resolved,0.72,28.51,Yes,3,No
TKT0003030,2025-10-16 09:40:00,2025-10-16 13:28:16,CUST02295,P2,Refund,General,Payments,Email,Engineering,Resolved,0.84,3.8,Yes,4,No
TKT0003031,2025-10-30 18:38:00,2025-10-31 17:06:56,CUST01103,P4,API,Technical,Settlement API,Chat,Payments Ops,Resolved,1.89,22.48,No,40,No
TKT0003032,2025-08-16 22:27:00,2025-08-17 16:45:37,CUST02536,P3,Refund,General,Merchant Portal,Phone,Engineering,Resolved,0.69,18.31,No,4,No
TKT0003033,2025-05-11 05:47:00,2025-05-11 21:42:25,CUST02774,P3,Login,Technical,Payments,Email,Payments Ops,Resolved,2.25,15.92,No,3,No
TKT0003034,2025-04-05 21:40:00,2025-04-09 11:58:23,CUST00855,P4,API,Technical,Merchant Portal,Email,Engineering,Resolved,0.93,86.31,No,16,Yes
TKT0003035,2025-10-16 09:50:00,2025-10-16 16:08:13,CUST01449,P3,Settlement,General,Payments,Portal,KYC Ops,Resolved,2.7,6.3,No,7,No
TKT0003036,2025-07-27 08:40:00,2025-07-28 03:11:58,CUST02667,P3,API,Operational,Settlement API,Email,Engineering,Resolved,0.74,18.53,No,2,No
TKT0003037,2025-11-02 20:18:00,2025-11-03 04:40:04,CUST00377,P2,Refund,General,Merchant Portal,Phone,L1 Support,Resolved,3.99,8.37,No,9,Yes
TKT0003038,2025-12-14 08:04:00,2025-12-14 16:04:57,CUST01339,P3,Login,Technical,Payments,Phone,Engineering,Resolved,4.74,8.02,Yes,8,No
TKT0003039,2025-04-06 06:11:00,2025-04-06 14:50:48,CUST00218,P3,Settlement,Technical,Settlement API,Phone,Payments Ops,Resolved,0.42,8.66,No,5,No
TKT0003040,2025-12-07 02:37:00,2025-12-07 14:40:54,CUST01187,P3,KYC,General,Merchant Portal,Chat,L2 Support,Resolved,1.59,12.07,No,6,No
TKT0003041,2025-09-21 21:05:00,2025-09-23 08:46:12,CUST01043,P4,KYC,Operational,Wallet,Phone,L2 Support,Resolved,0.91,35.69,No,8,No
TKT0003042,2025-09-03 23:57:00,2025-09-04 19:08:56,CUST01296,P3,Login,General,Wallet,Phone,KYC Ops,Resolved,1.23,19.2,No,1,No
TKT0003043,2025-01-22 00:23:00,2025-01-25 13:10:59,CUST01643,P4,API,General,Wallet,Chat,Engineering,Resolved,1.98,84.8,Yes,2,Yes
TKT0003044,2025-11-14 18:28:00,2025-11-16 02:31:56,CUST01289,P4,Payment Failure,Operational,KYC Service,Email,KYC Ops,Resolved,3.52,32.07,No,13,No
TKT0003045,2025-05-17 17:43:00,2025-05-19 08:56:21,CUST01297,P3,API,Operational,Payments,Chat,L1 Support,Resolved,1.06,39.22,No,9,Yes
TKT0003046,2025-12-20 12:50:00,2025-12-21 21:59:52,CUST01483,P4,API,Technical,Wallet,Phone,Engineering,Resolved,0.6,33.16,Yes,22,No
TKT0003047,2025-05-06 10:57:00,2025-05-06 23:41:00,CUST02669,P3,KYC,Technical,KYC Service,Portal,L2 Support,Resolved,3.79,12.73,No,5,No
TKT0003048,2025-02-07 17:07:00,2025-02-08 13:47:54,CUST01580,P3,Refund,General,Settlement API,Email,Engineering,Resolved,2.32,20.68,No,5,No
TKT0003049,2025-07-28 08:08:00,2025-07-28 13:44:06,CUST02339,P3,Refund,Operational,Settlement API,Phone,L2 Support,Resolved,0.71,5.6,No,5,No
TKT0003050,2025-04-18 23:08:00,2025-04-19 10:10:56,CUST02760,P4,Settlement,Operational,Merchant Portal,Email,KYC Ops,Resolved,5.04,11.05,No,9,No
TKT0003051,2025-06-26 00:46:00,2025-06-28 13:11:07,CUST00187,P4,API,Technical,Payments,Email,Engineering,Resolved,3.36,60.42,No,2,Yes
TKT0003052,2025-06-27 11:30:00,2025-06-28 18:17:50,CUST01104,P4,KYC,Operational,Settlement API,Chat,L2 Support,Resolved,0.8,30.8,No,6,No
TKT0003053,2025-03-30 15:52:00,2025-04-01 23:24:52,CUST01749,P3,API,Technical,Payments,Chat,Payments Ops,Resolved,1.05,55.55,No,4,Yes
TKT0003054,2025-01-10 15:23:00,2025-01-10 23:58:54,CUST00536,P2,Settlement,Operational,Settlement API,Email,Payments Ops,Resolved,0.99,8.6,No,1,Yes
TKT0003055,2025-10-07 16:06:00,2025-10-09 07:13:50,CUST01938,P3,API,Technical,Merchant Portal,Email,Payments Ops,Resolved,3.21,39.13,No,12,Yes
TKT0003056,2025-12-22 23:42:00,2025-12-23 18:12:42,CUST02884,P3,Payment Failure,Technical,Wallet,Chat,Payments Ops,Resolved,2.81,18.51,No,46,No
TKT0003057,2025-09-24 22:24:00,2025-09-25 16:36:31,CUST02006,P4,Payment Failure,General,Payments,Portal,L2 Support,Resolved,1.37,18.21,No,1,No
TKT0003058,2025-05-22 11:08:00,2025-05-22 16:12:44,CUST00817,P2,Payment Failure,Operational,KYC Service,Portal,KYC Ops,Resolved,0.56,5.08,No,3,No
TKT0003059,2025-02-11 19:15:00,2025-02-12 06:29:55,CUST02641,P4,Payment Failure,Operational,Payments,Phone,Engineering,Resolved,1.77,11.25,No,7,No
TKT0003060,2025-06-30 03:31:00,2025-07-01 08:17:11,CUST01669,P3,API,Operational,Payments,Phone,Payments Ops,Resolved,0.35,28.77,No,1,Yes
TKT0003061,2025-12-22 03:34:00,2025-12-22 06:47:18,CUST00726,P2,Payment Failure,Operational,KYC Service,Email,L1 Support,Resolved,0.54,3.22,No,4,No
TKT0003062,2025-08-13 00:52:00,2025-08-14 08:01:08,CUST00028,P4,Refund,Technical,Merchant Portal,Email,L2 Support,Resolved,0.61,31.15,No,10,No
TKT0003063,2025-12-17 08:18:00,2025-12-19 12:07:39,CUST00597,P4,API,Operational,Payments,Portal,L1 Support,Resolved,0.4,51.83,Yes,52,Yes
TKT0003064,2025-11-26 10:01:00,2025-11-27 13:00:49,CUST02328,P3,API,General,Merchant Portal,Email,KYC Ops,Resolved,0.71,27.0,No,11,Yes
TKT0003065,2025-11-02 19:51:00,2025-11-03 02:52:16,CUST00791,P3,Refund,General,KYC Service,Chat,L2 Support,Resolved,0.36,7.02,No,15,No
TKT0003066,2025-04-05 22:43:00,2025-04-06 11:18:23,CUST02741,P3,Payment Failure,Operational,Merchant Portal,Email,Payments Ops,Resolved,0.78,12.59,Yes,6,No
TKT0003067,2025-03-30 19:40:00,2025-03-31 10:10:05,CUST02260,P3,Payment Failure,Operational,Wallet,Portal,KYC Ops,Resolved,1.99,14.5,No,22,No
TKT0003068,2025-10-13 03:06:00,2025-10-14 08:36:17,CUST00684,P3,Refund,General,Settlement API,Chat,Payments Ops,Resolved,0.53,29.5,No,4,Yes
TKT0003069,2025-06-10 17:46:00,2025-06-14 16:47:22,CUST00762,P4,Settlement,Technical,KYC Service,Chat,L1 Support,Resolved,2.13,95.02,No,27,Yes
TKT0003070,2025-05-11 10:26:00,2025-05-12 13:13:09,CUST00015,P4,Settlement,General,Wallet,Portal,Engineering,Resolved,1.77,26.79,No,7,No
TKT0003071,2025-11-01 17:41:00,2025-11-02 03:21:05,CUST02669,P3,Payment Failure,Technical,Settlement API,Email,KYC Ops,Resolved,3.57,9.67,Yes,12,No
TKT0003072,2025-07-24 04:53:00,2025-07-25 11:16:24,CUST01564,P4,Refund,Technical,Payments,Phone,L2 Support,Resolved,0.78,30.39,No,1,No
TKT0003073,2025-06-19 20:05:00,2025-06-21 17:27:35,CUST01621,P4,Payment Failure,Operational,KYC Service,Phone,Engineering,Resolved,0.8,45.38,No,19,No
TKT0003074,2025-02-14 18:52:00,2025-02-15 18:32:35,CUST02482,P4,API,Technical,Merchant Portal,Phone,Payments Ops,Resolved,0.31,23.68,No,4,No
TKT0003075,2025-09-15 06:02:00,2025-09-15 15:42:51,CUST00162,P2,Payment Failure,General,Wallet,Chat,Engineering,Resolved,2.74,9.68,No,6,Yes
TKT0003076,2025-11-10 22:37:00,2025-11-11 06:40:16,CUST02823,P3,Settlement,General,Wallet,Phone,Payments Ops,Resolved,0.42,8.05,No,3,No
TKT0003077,2025-07-29 16:54:00,2025-07-30 02:27:35,CUST01346,P4,Login,Technical,Settlement API,Chat,KYC Ops,Resolved,0.46,9.56,Yes,2,No
TKT0003078,2025-05-30 03:36:00,2025-05-31 04:32:47,CUST00272,P4,Payment Failure,Technical,Wallet,Email,L2 Support,Resolved,1.69,24.95,Yes,6,No
TKT0003079,2025-10-16 05:33:00,2025-10-16 15:54:11,CUST01282,P2,API,General,Payments,Email,Engineering,Resolved,0.65,10.35,No,15,Yes
TKT0003080,2025-07-01 08:39:00,2025-07-01 18:59:26,CUST02910,P3,KYC,Operational,Settlement API,Phone,KYC Ops,Resolved,0.56,10.34,No,1,No
TKT0003081,2025-02-21 10:30:00,2025-02-22 09:33:19,CUST01054,P4,API,General,Payments,Email,Engineering,Resolved,0.41,23.06,No,47,No
TKT0003082,2025-05-08 15:40:00,2025-05-09 06:49:50,CUST00641,P4,Payment Failure,Operational,Wallet,Email,L2 Support,Resolved,0.64,15.16,No,6,No
TKT0003083,2025-12-28 18:44:00,2025-12-28 19:31:22,CUST02427,P1,Login,Technical,Merchant Portal,Chat,Payments Ops,Resolved,0.26,0.79,No,11,No
TKT0003084,2025-01-20 06:59:00,2025-01-20 14:38:35,CUST02456,P3,Payment Failure,Technical,Settlement API,Phone,L1 Support,Resolved,0.69,7.66,No,7,No
TKT0003085,2025-03-19 09:19:00,2025-03-20 00:02:51,CUST02469,P3,Refund,General,Wallet,Portal,Payments Ops,Resolved,0.89,14.73,No,22,No
TKT0003086,2025-01-19 16:10:00,2025-01-20 16:43:43,CUST02349,P4,Login,Technical,Merchant Portal,Chat,KYC Ops,Resolved,0.39,24.56,No,11,No
TKT0003087,2025-08-08 22:16:00,2025-08-09 01:02:09,CUST01052,P2,KYC,Technical,Wallet,Phone,KYC Ops,Resolved,1.11,2.77,Yes,5,No
TKT0003088,2025-08-27 20:49:00,2025-08-28 18:58:35,CUST00675,P3,Payment Failure,Operational,Settlement API,Phone,Engineering,Resolved,0.32,22.16,No,41,No
TKT0003089,2025-06-01 16:10:00,2025-06-01 20:41:55,CUST01964,P2,Refund,General,Wallet,Chat,Payments Ops,Resolved,2.49,4.53,No,7,No
TKT0003090,2025-05-28 15:51:00,2025-05-30 02:59:23,CUST00204,P4,KYC,Operational,KYC Service,Chat,L1 Support,Resolved,1.72,35.14,No,13,No
TKT0003091,2025-07-14 19:19:00,2025-07-16 02:29:08,CUST02394,P4,Settlement,Operational,Settlement API,Phone,L1 Support,Resolved,3.74,31.17,No,1,No
TKT0003092,2025-04-29 09:09:00,2025-04-30 11:42:55,CUST01682,P4,KYC,General,Payments,Chat,Payments Ops,Resolved,0.52,26.57,No,1,No
TKT0003093,2025-01-03 07:42:00,2025-01-04 21:09:09,CUST01857,P3,API,Technical,Wallet,Email,Payments Ops,Resolved,0.74,37.45,No,3,Yes
TKT0003094,2025-06-17 18:09:00,2025-06-19 22:30:44,CUST01285,P4,API,General,Wallet,Email,Engineering,Resolved,0.69,52.36,No,64,Yes
TKT0003095,2025-05-26 04:25:00,2025-05-26 14:29:09,CUST02584,P2,Settlement,General,Wallet,Phone,Engineering,Resolved,0.24,10.07,No,20,Yes
TKT0003096,2025-08-15 17:28:00,2025-08-15 19:37:26,CUST02592,P2,Login,Operational,Wallet,Email,Payments Ops,Resolved,0.53,2.16,Yes,23,No
TKT0003097,2025-02-02 18:43:00,2025-02-02 23:31:55,CUST00502,P2,Refund,Operational,Wallet,Portal,Payments Ops,Resolved,0.71,4.82,No,22,No
TKT0003098,2025-05-01 23:06:00,2025-05-02 05:28:35,CUST01275,P3,Settlement,General,Settlement API,Email,L1 Support,Resolved,0.72,6.38,No,15,No
TKT0003099,2025-04-11 14:33:00,2025-04-12 01:44:56,CUST01523,P3,Refund,Operational,Payments,Portal,Payments Ops,Resolved,0.54,11.2,No,35,No
TKT0003100,2025-05-05 08:34:00,2025-05-07 18:12:08,CUST02017,P4,Payment Failure,Technical,KYC Service,Chat,L1 Support,Resolved,5.37,57.64,No,14,Yes
TKT0003101,2025-11-21 02:00:00,2025-11-21 06:51:47,CUST02959,P2,Settlement,General,Payments,Phone,L2 Support,Resolved,1.88,4.86,No,10,No
TKT0003102,2025-05-03 16:15:00,2025-05-03 18:45:43,CUST01260,P1,Payment Failure,Technical,KYC Service,Portal,Payments Ops,Resolved,0.75,2.51,No,24,No
TKT0003103,2025-01-23 06:30:00,2025-01-23 10:31:06,CUST02872,P1,API,Operational,Payments,Chat,Payments Ops,Resolved,0.62,4.02,No,20,Yes
TKT0003104,2025-05-30 04:48:00,2025-05-31 03:34:05,CUST02272,P3,API,Technical,Merchant Portal,Chat,Payments Ops,Resolved,0.41,22.77,No,14,No
TKT0003105,2025-03-19 23:30:00,2025-03-20 14:22:41,CUST00504,P2,Login,General,Merchant Portal,Portal,KYC Ops,Resolved,1.51,14.88,No,7,Yes
TKT0003106,2025-11-03 08:41:00,2025-11-03 13:30:20,CUST02685,P2,Refund,Operational,Merchant Portal,Chat,Payments Ops,Resolved,0.72,4.82,No,7,No
TKT0003107,2025-01-26 08:05:00,2025-01-26 23:10:58,CUST01555,P3,API,Technical,KYC Service,Phone,Engineering,Resolved,2.48,15.1,No,38,No
TKT0003108,2025-02-06 03:46:00,2025-02-06 10:38:50,CUST02137,P2,Payment Failure,General,Wallet,Phone,L1 Support,Resolved,0.24,6.88,Yes,6,No
TKT0003109,2025-05-30 12:45:00,2025-05-31 23:43:06,CUST01747,P3,Settlement,Operational,KYC Service,Email,Engineering,Resolved,0.73,34.97,Yes,1,Yes
TKT0003110,2025-08-24 17:19:00,2025-08-24 19:49:32,CUST02607,P2,Login,Technical,Merchant Portal,Email,Payments Ops,Resolved,0.75,2.51,No,10,No
TKT0003111,2025-08-19 21:42:00,2025-08-20 01:58:55,CUST02152,P1,KYC,Technical,KYC Service,Email,L1 Support,Resolved,0.58,4.28,No,133,Yes
TKT0003112,2025-04-07 03:14:00,2025-04-07 16:12:33,CUST01889,P3,Payment Failure,General,Payments,Email,L1 Support,Resolved,1.73,12.98,No,6,No
TKT0003113,2025-05-10 20:01:00,2025-05-11 09:04:09,CUST00257,P3,Settlement,Operational,Payments,Email,L1 Support,Resolved,1.43,13.05,No,28,No
TKT0003114,2025-03-31 08:33:00,2025-04-01 11:42:00,CUST02746,P4,KYC,Technical,KYC Service,Chat,Payments Ops,Resolved,0.56,27.15,No,10,No
TKT0003115,2025-02-24 21:13:00,2025-02-26 00:38:47,CUST00151,P3,Payment Failure,Operational,Payments,Portal,Payments Ops,Resolved,2.1,27.43,No,3,Yes
TKT0003116,2025-12-05 16:16:00,2025-12-06 08:33:30,CUST02964,P3,Payment Failure,General,Wallet,Phone,Engineering,Resolved,3.9,16.29,No,1,No
TKT0003117,2025-05-12 08:39:00,2025-05-12 21:39:50,CUST00793,P3,Login,Operational,Settlement API,Email,L1 Support,Resolved,1.62,13.01,No,28,No
TKT0003118,2025-04-17 03:29:00,2025-04-17 17:00:14,CUST00166,P3,Refund,Operational,Payments,Email,KYC Ops,Resolved,0.71,13.52,No,15,No
TKT0003119,2025-05-06 11:33:00,2025-05-07 18:58:35,CUST02272,P4,KYC,General,Settlement API,Chat,L2 Support,Resolved,3.76,31.43,No,6,No
TKT0003120,2025-10-16 04:40:00,2025-10-16 08:36:56,CUST01683,P2,KYC,General,Settlement API,Chat,L1 Support,Resolved,0.46,3.95,No,12,No
TKT0003121,2025-09-29 17:01:00,2025-09-29 21:15:46,CUST02024,P2,Login,Operational,Payments,Portal,L2 Support,Resolved,2.63,4.25,No,3,No
TKT0003122,2025-05-13 23:32:00,2025-05-16 10:49:34,CUST01867,P4,Login,Technical,KYC Service,Portal,L2 Support,Resolved,0.93,59.29,No,59,Yes
TKT0003123,2025-07-23 04:38:00,2025-07-24 10:59:39,CUST02785,P4,API,Technical,Payments,Email,Payments Ops,Resolved,0.77,30.36,No,23,No
TKT0003124,2025-01-09 19:13:00,2025-01-12 02:10:15,CUST01014,P4,Payment Failure,Operational,Settlement API,Phone,KYC Ops,Resolved,1.15,54.95,No,4,Yes
TKT0003125,2025-08-10 16:00:00,2025-08-11 21:08:53,CUST02845,P3,Payment Failure,Technical,Payments,Phone,KYC Ops,Resolved,0.67,29.15,Yes,17,Yes
TKT0003126,2025-05-16 01:40:00,2025-05-17 03:01:05,CUST02057,P4,Refund,General,Payments,Portal,L1 Support,Resolved,1.22,25.35,No,1,No
TKT0003127,2025-09-11 08:33:00,2025-09-12 04:52:27,CUST02291,P3,Settlement,Operational,Settlement API,Portal,L2 Support,Resolved,4.38,20.32,No,4,No
TKT0003128,2025-09-26 12:58:00,2025-09-27 04:34:27,CUST02268,P3,API,Technical,Settlement API,Email,Engineering,Resolved,0.59,15.61,No,5,No
TKT0003129,2025-09-05 03:24:00,2025-09-05 17:09:34,CUST02099,P4,API,Operational,Wallet,Portal,KYC Ops,Resolved,1.26,13.76,No,21,No
TKT0003130,2025-03-15 01:20:00,2025-03-15 08:12:27,CUST00913,P3,Refund,General,Merchant Portal,Portal,L1 Support,Resolved,0.42,6.87,Yes,29,No
TKT0003131,2025-02-05 20:17:00,2025-02-08 07:04:54,CUST01338,P4,Payment Failure,General,Merchant Portal,Email,L2 Support,Resolved,0.32,58.8,No,46,Yes
TKT0003132,2025-05-10 09:37:00,2025-05-10 14:37:56,CUST00968,P2,Settlement,Technical,Payments,Email,Payments Ops,Resolved,1.39,5.02,No,1,No
TKT0003133,2025-10-05 03:22:00,2025-10-07 04:26:51,CUST01715,P4,Payment Failure,Technical,Settlement API,Phone,Payments Ops,Resolved,1.41,49.08,No,9,Yes
TKT0003134,2025-10-11 20:34:00,2025-10-12 00:36:24,CUST02027,P1,Payment Failure,General,KYC Service,Phone,L1 Support,Resolved,0.73,4.04,No,34,Yes
TKT0003135,2025-01-13 02:18:00,2025-01-14 08:16:15,CUST02631,P4,Refund,Operational,Payments,Portal,Payments Ops,Resolved,1.55,29.97,No,13,No
TKT0003136,2025-01-04 19:04:00,2025-01-04 23:39:56,CUST02792,P1,Payment Failure,General,Merchant Portal,Phone,Engineering,Resolved,0.35,4.6,Yes,6,Yes
TKT0003137,2025-04-07 08:48:00,2025-04-07 13:34:43,CUST02002,P2,KYC,General,Payments,Chat,L1 Support,Resolved,0.33,4.78,Yes,43,No
TKT0003138,2025-03-10 02:45:00,2025-03-10 20:12:27,CUST01113,P3,API,Technical,Merchant Portal,Portal,Engineering,Resolved,0.63,17.46,No,4,No
TKT0003139,2025-08-24 00:23:00,2025-08-24 12:03:24,CUST02321,P3,Settlement,General,Settlement API,Portal,L2 Support,Resolved,1.45,11.67,No,4,No
TKT0003140,2025-05-22 21:46:00,2025-05-24 02:34:25,CUST01666,P4,Payment Failure,Technical,KYC Service,Phone,L1 Support,Resolved,2.34,28.81,No,6,No
TKT0003141,2025-10-10 15:56:00,2025-10-10 17:25:29,CUST02646,P1,Payment Failure,General,Payments,Email,L2 Support,Resolved,1.26,1.49,Yes,17,No
TKT0003142,2025-09-11 00:56:00,2025-09-11 04:25:39,CUST00216,P1,API,General,Settlement API,Email,Payments Ops,Resolved,1.65,3.49,No,1,No
TKT0003143,2025-07-15 13:37:00,2025-07-17 09:01:00,CUST00213,P4,Payment Failure,Operational,Wallet,Chat,Payments Ops,Resolved,1.74,43.4,No,20,No
TKT0003144,2025-11-07 09:56:00,2025-11-07 16:34:16,CUST01490,P3,Payment Failure,General,Settlement API,Portal,Engineering,Resolved,0.89,6.64,No,13,No
TKT0003145,2025-04-10 12:49:00,2025-04-12 11:34:05,CUST01355,P3,API,Operational,KYC Service,Portal,Engineering,Resolved,0.29,46.75,No,3,Yes
TKT0003146,2025-12-05 23:27:00,2025-12-07 07:20:37,CUST01691,P4,Settlement,Operational,Settlement API,Chat,L2 Support,Resolved,0.34,31.89,Yes,1,No
TKT0003147,2025-11-19 18:56:00,2025-11-20 04:59:35,CUST00697,P2,Payment Failure,Technical,Settlement API,Chat,L1 Support,Resolved,0.19,10.06,No,18,Yes
TKT0003148,2025-11-20 09:23:00,2025-11-21 06:28:05,CUST01206,P3,Settlement,General,Merchant Portal,Portal,L2 Support,Resolved,0.54,21.08,No,6,No
TKT0003149,2025-12-01 16:29:00,2025-12-03 08:30:52,CUST00022,P3,Settlement,Technical,Payments,Email,Engineering,Resolved,1.29,40.03,No,25,Yes
TKT0003150,2025-05-31 14:52:00,2025-06-01 05:19:21,CUST00169,P4,Refund,General,Settlement API,Portal,Payments Ops,Resolved,0.63,14.46,No,5,No
TKT0003151,2025-08-07 14:47:00,2025-08-08 09:30:02,CUST01720,P3,Login,Technical,Wallet,Phone,L2 Support,Resolved,0.63,18.72,No,15,No
TKT0003152,2025-03-26 04:59:00,2025-03-26 22:58:45,CUST01327,P4,KYC,Technical,Wallet,Chat,L1 Support,Resolved,0.85,18.0,No,26,No
TKT0003153,2025-12-15 03:36:00,2025-12-18 02:22:38,CUST02133,P4,Payment Failure,Operational,Wallet,Email,L2 Support,Resolved,0.54,70.78,No,12,Yes
TKT0003154,2025-10-02 14:28:00,2025-10-03 11:10:00,CUST02639,P4,API,Technical,Settlement API,Email,Payments Ops,Resolved,0.54,20.7,No,3,No
TKT0003155,2025-07-24 06:54:00,2025-07-25 05:56:07,CUST02480,P3,Payment Failure,Operational,Payments,Portal,L1 Support,Resolved,0.35,23.04,No,3,No
TKT0003156,2025-08-13 02:32:00,2025-08-14 02:49:47,CUST02625,P4,Payment Failure,Operational,KYC Service,Email,KYC Ops,Resolved,2.55,24.3,No,14,No
TKT0003157,2025-07-05 02:11:00,2025-07-06 00:49:57,CUST02090,P3,Payment Failure,Technical,Payments,Chat,KYC Ops,Resolved,0.21,22.65,No,16,No
TKT0003158,2025-02-03 14:56:00,2025-02-04 13:58:41,CUST02975,P3,KYC,Technical,Payments,Email,KYC Ops,Resolved,1.51,23.04,No,4,No
TKT0003159,2025-02-16 19:01:00,2025-02-18 00:46:09,CUST02877,P3,Settlement,General,Settlement API,Portal,Payments Ops,Resolved,2.02,29.75,No,18,Yes
TKT0003160,2025-12-28 10:07:00,2025-12-29 02:46:15,CUST00887,P3,Payment Failure,Operational,Payments,Email,Engineering,Resolved,1.9,16.65,No,12,No
TKT0003161,2025-06-15 08:29:00,2025-06-15 13:10:14,CUST02092,P1,Refund,Operational,Payments,Chat,L1 Support,Resolved,7.58,4.69,No,9,Yes
TKT0003162,2025-09-03 11:47:00,2025-09-03 15:49:39,CUST01293,P2,Settlement,Technical,KYC Service,Email,L2 Support,Resolved,3.51,4.04,No,13,No
TKT0003163,2025-05-22 16:18:00,2025-05-24 10:23:28,CUST02244,P4,API,General,Payments,Email,Engineering,Resolved,2.49,42.09,No,25,No
TKT0003164,2025-07-26 15:47:00,2025-07-27 09:35:02,CUST00276,P3,API,General,Wallet,Email,L2 Support,Resolved,0.53,17.8,No,40,No
TKT0003165,2025-11-23 12:50:00,2025-11-24 08:40:51,CUST02258,P3,Payment Failure,Operational,Merchant Portal,Email,Payments Ops,Resolved,1.02,19.85,No,6,No
TKT0003166,2025-07-19 04:53:00,2025-07-20 08:54:34,CUST00055,P4,KYC,General,Wallet,Phone,Payments Ops,Resolved,0.73,28.03,No,121,No
TKT0003167,2025-04-10 10:23:00,2025-04-12 11:31:10,CUST02622,P4,API,General,Wallet,Email,L2 Support,Resolved,0.55,49.14,No,46,Yes
TKT0003168,2025-10-17 13:50:00,2025-10-19 02:06:42,CUST02133,P3,API,Technical,Payments,Email,KYC Ops,Resolved,0.84,36.28,No,5,Yes
TKT0003169,2025-02-26 18:21:00,2025-02-26 23:40:05,CUST01551,P3,Settlement,General,Wallet,Email,L2 Support,Resolved,0.94,5.32,No,15,No
TKT0003170,2025-06-30 06:59:00,2025-06-30 23:16:45,CUST00934,P3,Payment Failure,Technical,Wallet,Email,Engineering,Resolved,0.95,16.3,No,15,No
TKT0003171,2025-02-24 18:32:00,2025-02-26 08:19:41,CUST00699,P3,Login,Operational,Payments,Portal,L1 Support,Resolved,0.23,37.79,No,6,Yes
TKT0003172,2025-03-16 06:38:00,2025-03-16 14:43:05,CUST01467,P3,Refund,Operational,Payments,Phone,KYC Ops,Resolved,0.59,8.08,No,3,No
TKT0003173,2025-05-26 06:16:00,2025-05-26 08:08:12,CUST01400,P1,Payment Failure,General,Merchant Portal,Chat,KYC Ops,Resolved,0.6,1.87,Yes,46,No
TKT0003174,2025-05-11 17:16:00,2025-05-12 17:16:43,CUST02269,P3,Payment Failure,Operational,Payments,Chat,KYC Ops,Resolved,0.71,24.01,No,2,Yes
TKT0003175,2025-11-18 11:29:00,2025-11-20 04:40:03,CUST00336,P4,API,Operational,Settlement API,Chat,KYC Ops,Resolved,0.89,41.18,No,10,No
TKT0003176,2025-10-30 00:30:00,2025-10-31 05:49:00,CUST01552,P4,Refund,Operational,Payments,Email,KYC Ops,Resolved,4.62,29.32,No,35,No
TKT0003177,2025-12-11 18:50:00,2025-12-12 08:56:18,CUST00218,P3,Login,Technical,KYC Service,Email,KYC Ops,Resolved,1.96,14.11,No,5,No
TKT0003178,2025-03-27 20:21:00,2025-03-28 00:32:32,CUST00817,P3,API,General,Payments,Portal,L1 Support,Resolved,2.07,4.19,No,2,No
TKT0003179,2025-12-21 02:18:00,2025-12-21 22:42:24,CUST01984,P4,Payment Failure,Technical,Payments,Chat,KYC Ops,Resolved,0.7,20.41,No,8,No
TKT0003180,2025-01-10 13:12:00,2025-01-11 13:56:17,CUST00250,P3,Login,General,KYC Service,Portal,L1 Support,Resolved,0.39,24.74,No,1,Yes
TKT0003181,2025-10-21 08:40:00,2025-10-23 21:42:03,CUST02045,P4,API,Operational,Wallet,Email,L2 Support,Resolved,0.68,61.03,No,9,Yes
TKT0003182,2025-02-23 23:33:00,2025-02-24 06:27:23,CUST00539,P4,KYC,Technical,Merchant Portal,Phone,Payments Ops,Resolved,1.27,6.91,No,7,No
TKT0003183,2025-08-13 10:22:00,2025-08-13 16:28:05,CUST02744,P1,Refund,Technical,Payments,Email,L1 Support,Resolved,0.4,6.1,No,185,Yes
TKT0003184,2025-07-06 01:05:00,2025-07-07 02:02:36,CUST02666,P3,Login,General,Merchant Portal,Chat,L2 Support,Resolved,1.12,24.96,No,9,Yes
TKT0003185,2025-10-21 04:02:00,2025-10-22 03:33:06,CUST01926,P4,KYC,Technical,Merchant Portal,Portal,L2 Support,Resolved,0.4,23.52,No,11,No
TKT0003186,2025-02-13 06:57:00,2025-02-13 23:28:59,CUST02496,P4,Login,Technical,KYC Service,Email,L2 Support,Resolved,1.18,16.53,Yes,12,No
TKT0003187,2025-05-21 09:08:00,2025-05-21 19:27:50,CUST00740,P3,API,Technical,Settlement API,Portal,KYC Ops,Resolved,1.1,10.33,No,21,No
TKT0003188,2025-10-09 20:11:00,2025-10-10 02:26:26,CUST01379,P2,Payment Failure,Technical,Settlement API,Email,KYC Ops,Resolved,0.82,6.26,Yes,14,No
TKT0003189,2025-04-12 18:56:00,2025-04-13 10:40:54,CUST02135,P3,Payment Failure,Technical,Settlement API,Phone,L2 Support,Resolved,0.1,15.75,No,6,No
TKT0003190,2025-01-01 19:21:00,2025-01-02 19:44:37,CUST00877,P3,Settlement,Technical,Wallet,Email,Payments Ops,Resolved,0.87,24.39,Yes,8,Yes
TKT0003191,2025-03-21 03:04:00,2025-03-22 08:03:25,CUST01771,P3,KYC,Operational,Settlement API,Portal,L2 Support,Resolved,0.26,28.99,No,9,Yes
TKT0003192,2025-06-01 03:18:00,2025-06-01 18:55:52,CUST00034,P3,Payment Failure,Technical,Wallet,Phone,Payments Ops,Resolved,2.69,15.63,No,4,No
TKT0003193,2025-12-25 07:07:00,2025-12-25 20:45:35,CUST00227,P3,Payment Failure,General,Settlement API,Phone,L2 Support,Resolved,1.81,13.64,No,1,No
TKT0003194,2025-07-24 08:08:00,2025-07-25 10:13:41,CUST02788,P4,Settlement,Technical,Wallet,Chat,L2 Support,Resolved,1.51,26.09,No,24,No
TKT0003195,2025-09-21 12:44:00,2025-09-22 11:09:02,CUST00507,P4,Login,Operational,Merchant Portal,Portal,KYC Ops,Resolved,0.97,22.42,No,3,No
TKT0003196,2025-06-27 14:14:00,2025-06-29 16:56:23,CUST00767,P4,KYC,Operational,KYC Service,Phone,KYC Ops,Resolved,0.51,50.71,No,10,Yes
TKT0003197,2025-09-29 20:38:00,2025-10-01 01:33:54,CUST00811,P4,Payment Failure,Technical,KYC Service,Chat,L1 Support,Resolved,1.52,28.93,No,3,No
TKT0003198,2025-11-05 16:13:00,2025-11-05 23:24:39,CUST02709,P2,KYC,Operational,Payments,Email,Payments Ops,Resolved,2.35,7.19,Yes,22,No
TKT0003199,2025-12-25 16:24:00,2025-12-25 20:41:05,CUST01037,P2,KYC,Operational,Settlement API,Chat,Engineering,Resolved,1.3,4.28,No,18,No
TKT0003200,2025-09-28 17:02:00,2025-09-28 20:53:28,CUST00057,P2,KYC,Technical,KYC Service,Portal,Engineering,Resolved,2.21,3.86,Yes,2,No
TKT0003201,2025-10-11 07:47:00,2025-10-14 03:58:29,CUST02416,P3,API,Operational,Wallet,Chat,Engineering,Resolved,1.1,68.19,No,6,Yes
TKT0003202,2025-04-11 12:43:00,2025-04-12 23:34:15,CUST00255,P4,Payment Failure,General,Settlement API,Chat,KYC Ops,Resolved,1.75,34.85,No,7,No
TKT0003203,2025-07-19 11:10:00,2025-07-21 05:25:36,CUST01478,P4,Login,Technical,Merchant Portal,Portal,L1 Support,Resolved,1.97,42.26,Yes,1,No
TKT0003204,2025-04-14 15:52:00,2025-04-15 22:13:11,CUST00523,P3,Login,Operational,Settlement API,Email,L1 Support,Resolved,0.66,30.35,No,3,Yes
TKT0003205,2025-07-24 22:44:00,2025-07-25 23:29:05,CUST00020,P4,API,Operational,Settlement API,Chat,Payments Ops,Resolved,0.66,24.75,No,3,No
TKT0003206,2025-01-29 23:18:00,2025-01-30 14:52:57,CUST02844,P4,Settlement,Operational,Payments,Chat,Engineering,Resolved,1.03,15.58,No,5,No
TKT0003207,2025-06-29 06:54:00,2025-06-29 11:28:04,CUST02261,P2,Payment Failure,Operational,Merchant Portal,Portal,Engineering,Resolved,1.5,4.57,No,13,No
TKT0003208,2025-05-16 13:28:00,2025-05-17 08:29:38,CUST02340,P3,Payment Failure,Technical,KYC Service,Chat,L2 Support,Resolved,1.44,19.03,No,3,No
TKT0003209,2025-05-01 22:42:00,2025-05-03 14:37:31,CUST00854,P4,KYC,Operational,KYC Service,Chat,L2 Support,Resolved,1.53,39.93,No,32,No
TKT0003210,2025-01-29 10:43:00,2025-01-30 18:01:54,CUST00943,P4,Refund,Operational,Payments,Phone,Payments Ops,Resolved,1.85,31.32,No,8,No
TKT0003211,2025-04-20 11:54:00,2025-04-21 11:58:06,CUST01617,P3,Payment Failure,General,Payments,Chat,Engineering,Resolved,0.87,24.07,No,1,Yes
TKT0003212,2025-02-08 21:37:00,2025-02-10 07:48:54,CUST01465,P4,Payment Failure,Operational,KYC Service,Phone,L2 Support,Resolved,0.76,34.2,No,5,No
TKT0003213,2025-06-21 10:49:00,2025-06-21 19:09:08,CUST00008,P3,Payment Failure,Operational,KYC Service,Email,Engineering,Resolved,0.98,8.34,No,2,No
TKT0003214,2025-10-24 09:17:00,2025-10-24 19:47:37,CUST02197,P3,Payment Failure,Operational,Settlement API,Email,Engineering,Resolved,0.19,10.51,No,18,No
TKT0003215,2025-02-01 18:54:00,2025-02-02 01:13:51,CUST00325,P2,Payment Failure,General,Payments,Email,Engineering,Resolved,0.87,6.33,Yes,22,No
TKT0003216,2025-06-05 06:49:00,2025-06-05 19:28:21,CUST02959,P2,Payment Failure,Technical,Merchant Portal,Phone,L2 Support,Resolved,0.53,12.66,No,3,Yes
TKT0003217,2025-04-07 19:49:00,2025-04-10 11:57:05,CUST00108,P4,API,Operational,Settlement API,Email,Engineering,Resolved,1.14,64.13,No,7,Yes
TKT0003218,2025-09-12 20:51:00,2025-09-13 22:11:11,CUST00369,P3,API,Technical,Settlement API,Chat,L1 Support,Resolved,2.75,25.34,No,29,Yes
TKT0003219,2025-08-01 13:16:00,2025-08-01 15:41:24,CUST01664,P2,KYC,Technical,Payments,Email,L1 Support,Resolved,1.54,2.42,No,5,No
TKT0003220,2025-07-13 19:45:00,2025-07-14 01:58:16,CUST00139,P2,API,General,Settlement API,Portal,KYC Ops,Resolved,0.71,6.22,No,2,No
TKT0003221,2025-06-24 02:29:00,2025-06-24 15:29:34,CUST02741,P3,API,General,Payments,Email,Engineering,Resolved,1.03,13.01,No,8,No
TKT0003222,2025-10-05 21:44:00,2025-10-06 21:07:03,CUST02296,P4,Login,Operational,Wallet,Portal,L1 Support,Resolved,3.22,23.38,No,1,No
TKT0003223,2025-03-22 16:20:00,2025-03-25 07:11:27,CUST01369,P4,API,General,Settlement API,Email,KYC Ops,Resolved,0.88,62.86,No,1,Yes
TKT0003224,2025-04-16 22:51:00,2025-04-18 12:42:31,CUST01044,P4,Payment Failure,General,Merchant Portal,Phone,L2 Support,Resolved,0.57,37.86,No,11,No
TKT0003225,2025-09-09 01:44:00,2025-09-10 01:28:51,CUST00877,P4,KYC,General,KYC Service,Portal,Payments Ops,Resolved,0.39,23.75,Yes,8,No
TKT0003226,2025-02-10 21:36:00,2025-02-13 12:02:45,CUST00102,P4,API,General,Merchant Portal,Portal,Engineering,Resolved,1.49,62.45,No,91,Yes
TKT0003227,2025-02-01 04:12:00,2025-02-01 23:35:57,CUST01796,P3,API,Technical,Wallet,Email,Engineering,Resolved,0.92,19.4,No,6,No
TKT0003228,2025-12-31 11:45:00,2026-01-01 20:09:55,CUST01984,P3,Refund,Technical,Wallet,Email,L1 Support,Resolved,1.77,32.42,No,8,Yes
TKT0003229,2025-01-26 00:13:00,2025-01-26 09:34:44,CUST00038,P3,Login,Technical,Settlement API,Phone,Engineering,Resolved,0.83,9.36,No,11,No
TKT0003230,2025-08-11 20:09:00,2025-08-12 00:29:50,CUST01043,P1,Payment Failure,Operational,Wallet,Email,L2 Support,Resolved,0.87,4.35,Yes,13,Yes
TKT0003231,2025-08-17 13:18:00,2025-08-18 02:25:26,CUST00097,P3,Settlement,General,Payments,Phone,L1 Support,Resolved,1.95,13.12,No,1,No
TKT0003232,2025-05-17 13:57:00,2025-05-20 10:11:47,CUST01369,P4,API,Operational,Wallet,Phone,L1 Support,Resolved,2.43,68.25,No,8,Yes
TKT0003233,2025-04-07 17:35:00,2025-04-08 20:56:38,CUST02962,P3,Refund,Operational,Settlement API,Chat,L2 Support,Resolved,1.52,27.36,Yes,3,Yes
TKT0003234,2025-08-12 05:36:00,2025-08-13 22:27:37,CUST02711,P4,Payment Failure,Technical,Wallet,Email,Engineering,Resolved,0.41,40.86,No,4,No
TKT0003235,2025-07-09 03:43:00,2025-07-10 02:34:46,CUST01078,P2,API,Technical,Settlement API,Portal,L2 Support,Resolved,0.6,22.86,No,12,Yes
TKT0003236,2025-12-29 19:47:00,2025-12-30 10:35:32,CUST01782,P2,Payment Failure,General,Merchant Portal,Portal,KYC Ops,Resolved,1.57,14.81,No,5,Yes
TKT0003237,2025-06-07 05:19:00,2025-06-07 14:00:31,CUST01791,P3,Payment Failure,General,Wallet,Email,L2 Support,Resolved,1.4,8.69,Yes,1,No
TKT0003238,2025-11-10 06:16:00,2025-11-10 19:17:06,CUST01501,P3,Payment Failure,General,Merchant Portal,Chat,Engineering,Resolved,2.23,13.02,No,3,No
TKT0003239,2025-10-02 07:10:00,2025-10-04 02:50:42,CUST02573,P3,API,General,Settlement API,Portal,Engineering,Resolved,0.59,43.68,No,20,Yes
TKT0003240,2025-05-03 20:42:00,2025-05-04 08:13:23,CUST02751,P3,Payment Failure,General,Wallet,Chat,L2 Support,Resolved,0.38,11.52,No,17,No
TKT0003241,2025-11-26 17:41:00,2025-11-27 18:07:27,CUST02454,P3,Payment Failure,Technical,Wallet,Phone,Engineering,Resolved,0.23,24.44,No,1,Yes
TKT0003242,2025-04-10 04:32:00,2025-04-12 07:23:46,CUST02670,P3,Refund,General,KYC Service,Phone,L1 Support,Resolved,5.85,50.86,No,11,Yes
TKT0003243,2025-07-23 07:06:00,2025-07-25 00:06:44,CUST01264,P4,Payment Failure,Technical,Wallet,Portal,Engineering,Resolved,0.57,41.01,No,3,No
TKT0003244,2025-08-31 02:09:00,2025-09-01 20:00:05,CUST02408,P4,Settlement,Technical,KYC Service,Portal,KYC Ops,Resolved,0.17,41.85,No,2,No
TKT0003245,2025-11-19 20:25:00,2025-11-20 16:27:40,CUST01373,P3,Login,Operational,Wallet,Email,KYC Ops,Resolved,0.73,20.04,No,25,No
TKT0003246,2025-09-18 02:57:00,2025-09-19 12:47:28,CUST02261,P4,Refund,Technical,Wallet,Email,Engineering,Resolved,0.32,33.84,No,1,No
TKT0003247,2025-04-19 16:28:00,2025-04-20 07:34:17,CUST01492,P4,KYC,General,KYC Service,Chat,Engineering,Resolved,1.16,15.1,No,6,No
TKT0003248,2025-03-18 22:54:00,2025-03-19 00:10:57,CUST00887,P1,Login,General,KYC Service,Portal,Payments Ops,Resolved,2.54,1.28,Yes,25,No
TKT0003249,2025-09-01 03:17:00,2025-09-02 10:01:55,CUST01265,P3,Refund,General,Merchant Portal,Email,KYC Ops,Resolved,0.62,30.75,No,1,Yes
TKT0003250,2025-05-24 07:01:00,2025-05-25 12:53:25,CUST00820,P4,KYC,General,Settlement API,Email,Engineering,Resolved,2.93,29.87,No,12,No
TKT0003251,2025-09-10 16:42:00,2025-09-10 21:59:52,CUST02459,P2,KYC,Operational,Wallet,Email,Payments Ops,Resolved,1.04,5.3,No,2,No
TKT0003252,2025-03-24 12:53:00,2025-03-24 19:23:23,CUST02258,P2,Refund,General,Settlement API,Phone,Payments Ops,Resolved,4.25,6.51,Yes,9,No
TKT0003253,2025-06-25 05:33:00,2025-06-26 09:50:47,CUST01133,P4,KYC,Technical,Wallet,Email,L1 Support,Resolved,1.91,28.3,No,15,No
TKT0003254,2025-12-25 14:46:00,2025-12-26 01:48:43,CUST01777,P3,Settlement,Technical,Merchant Portal,Email,KYC Ops,Resolved,1.59,11.05,No,17,No
TKT0003255,2025-03-29 11:32:00,2025-03-30 14:47:36,CUST02337,P4,KYC,Technical,Settlement API,Chat,KYC Ops,Resolved,0.83,27.26,No,23,No
TKT0003256,2025-10-28 17:12:00,2025-10-29 06:58:12,CUST02142,P3,KYC,General,Merchant Portal,Phone,Payments Ops,Resolved,5.06,13.77,No,6,No
TKT0003257,2025-09-19 12:54:00,2025-09-20 16:14:08,CUST00718,P4,API,Technical,Settlement API,Email,L2 Support,Resolved,0.79,27.34,No,4,No
TKT0003258,2025-01-09 14:24:00,2025-01-10 10:04:19,CUST00478,P3,KYC,Operational,Settlement API,Email,Payments Ops,Resolved,0.62,19.67,No,5,No
TKT0003259,2025-02-15 14:22:00,2025-02-15 18:21:47,CUST00911,P1,API,Operational,Wallet,Email,Payments Ops,Resolved,1.7,4.0,Yes,43,No
TKT0003260,2025-04-01 06:40:00,2025-04-02 04:40:35,CUST02614,P4,Payment Failure,Operational,Wallet,Chat,L2 Support,Resolved,5.23,22.01,No,7,No
TKT0003261,2025-04-04 06:42:00,2025-04-04 09:46:39,CUST02859,P3,Refund,General,Wallet,Chat,Payments Ops,Resolved,0.35,3.08,No,9,No
TKT0003262,2025-03-07 15:29:00,2025-03-07 19:54:53,CUST02300,P2,KYC,Operational,Payments,Email,Engineering,Resolved,3.11,4.43,No,14,No
TKT0003263,2025-10-10 08:44:00,2025-10-12 16:23:49,CUST01724,P4,Payment Failure,Operational,Payments,Portal,KYC Ops,Resolved,0.93,55.66,No,3,Yes
TKT0003264,2025-11-28 05:08:00,2025-11-28 08:36:56,CUST02253,P2,Payment Failure,Operational,Payments,Portal,Engineering,Resolved,0.59,3.48,No,10,No
TKT0003265,2025-01-03 15:34:00,2025-01-05 15:06:39,CUST01588,P4,Payment Failure,Operational,Payments,Portal,KYC Ops,Resolved,1.37,47.54,No,30,No
TKT0003266,2025-07-11 07:02:00,2025-07-12 14:42:05,CUST01450,P4,Login,Technical,Wallet,Portal,Engineering,Resolved,0.82,31.67,No,2,No
TKT0003267,2025-10-03 14:34:00,2025-10-04 06:34:20,CUST02835,P3,Refund,Technical,Wallet,Email,L1 Support,Resolved,0.4,16.01,Yes,20,No
TKT0003268,2025-08-14 20:25:00,2025-08-17 16:55:35,CUST02672,P4,API,Technical,Merchant Portal,Chat,L2 Support,Resolved,0.96,68.51,No,3,Yes
TKT0003269,2025-06-28 21:25:00,2025-06-29 08:57:32,CUST00630,P3,Payment Failure,General,Settlement API,Portal,L2 Support,Resolved,1.54,11.54,Yes,16,No
TKT0003270,2025-10-15 12:50:00,2025-10-16 05:03:17,CUST01342,P3,API,Technical,Settlement API,Portal,Engineering,Resolved,1.51,16.22,Yes,2,No
TKT0003271,2025-12-07 12:49:00,2025-12-08 23:00:26,CUST01076,P4,Refund,General,Settlement API,Chat,L2 Support,Resolved,0.5,34.19,No,4,No
TKT0003272,2025-04-20 11:50:00,2025-04-21 01:18:01,CUST00240,P4,Settlement,Technical,Settlement API,Chat,KYC Ops,Resolved,1.02,13.47,No,7,No
TKT0003273,2025-05-22 02:09:00,2025-05-22 17:07:35,CUST00266,P2,Login,Technical,Payments,Chat,L2 Support,Resolved,0.68,14.98,No,8,Yes
TKT0003274,2025-09-07 22:05:00,2025-09-09 00:07:23,CUST01390,P4,Payment Failure,Technical,Settlement API,Chat,Payments Ops,Resolved,0.95,26.04,No,1,No
TKT0003275,2025-12-24 21:48:00,2025-12-25 08:13:21,CUST01862,P3,Refund,General,KYC Service,Chat,L1 Support,Resolved,1.06,10.42,No,3,No
TKT0003276,2025-09-01 03:45:00,2025-09-01 11:32:44,CUST01330,P2,Login,General,Wallet,Portal,KYC Ops,Resolved,0.88,7.8,No,3,No
TKT0003277,2025-09-28 01:44:00,2025-09-28 15:33:33,CUST02770,P3,Payment Failure,Technical,Payments,Portal,KYC Ops,Resolved,0.52,13.83,No,27,No
TKT0003278,2025-03-01 05:50:00,2025-03-01 16:17:26,CUST00336,P3,Refund,General,Wallet,Portal,Payments Ops,Resolved,0.5,10.46,No,5,No
TKT0003279,2025-08-30 11:28:00,2025-09-01 08:59:50,CUST01947,P4,KYC,Technical,KYC Service,Portal,Engineering,Resolved,3.91,45.53,No,28,No
TKT0003280,2025-01-03 00:40:00,2025-01-03 02:59:33,CUST02759,P2,Settlement,General,Wallet,Email,L2 Support,Resolved,1.29,2.33,No,9,No
TKT0003281,2025-05-12 21:07:00,2025-05-14 00:15:14,CUST02155,P4,Settlement,Operational,Merchant Portal,Portal,Payments Ops,Resolved,2.2,27.14,No,6,No
TKT0003282,2025-03-05 04:21:00,2025-03-05 09:30:04,CUST00582,P2,KYC,Operational,KYC Service,Portal,Payments Ops,Resolved,2.35,5.15,Yes,5,No
TKT0003283,2025-05-13 21:46:00,2025-05-15 23:41:11,CUST01627,P4,API,General,Settlement API,Portal,KYC Ops,Resolved,0.27,49.92,No,3,Yes
TKT0003284,2025-08-01 01:25:00,2025-08-01 22:20:48,CUST00512,P3,KYC,General,Merchant Portal,Email,L1 Support,Resolved,0.18,20.93,No,2,No
TKT0003285,2025-02-19 19:22:00,2025-02-20 14:41:29,CUST01374,P4,Refund,Technical,Settlement API,Chat,L1 Support,Resolved,0.47,19.32,No,15,No
TKT0003286,2025-04-21 15:12:00,2025-04-22 04:21:47,CUST00680,P4,Settlement,Operational,Settlement API,Email,Engineering,Resolved,1.28,13.16,Yes,16,No
TKT0003287,2025-09-15 08:00:00,2025-09-15 11:36:14,CUST01972,P2,Refund,Operational,Payments,Phone,L1 Support,Resolved,3.58,3.6,No,4,No
TKT0003288,2025-10-22 23:55:00,2025-10-24 02:59:24,CUST01718,P3,KYC,General,Wallet,Chat,L2 Support,Resolved,1.63,27.07,No,70,Yes
TKT0003289,2025-07-16 18:15:00,2025-07-17 14:04:01,CUST01658,P4,Refund,Technical,Wallet,Email,L1 Support,Resolved,1.87,19.82,No,10,No
TKT0003290,2025-11-27 18:52:00,2025-11-28 15:06:47,CUST00994,P3,Refund,Operational,Payments,Email,KYC Ops,Resolved,0.69,20.25,No,7,No
TKT0003291,2025-11-09 20:26:00,2025-11-10 07:38:07,CUST01023,P3,Login,General,Merchant Portal,Phone,L2 Support,Resolved,0.48,11.2,No,26,No
TKT0003292,2025-07-01 15:38:00,2025-07-01 16:39:01,CUST02315,P1,Login,Operational,KYC Service,Phone,L1 Support,Resolved,0.16,1.02,No,8,No
TKT0003293,2025-02-19 00:40:00,2025-02-19 14:10:29,CUST01721,P3,Payment Failure,Technical,Settlement API,Chat,L2 Support,Resolved,0.22,13.51,No,7,No
TKT0003294,2025-11-08 20:01:00,2025-11-09 12:38:23,CUST00240,P3,Payment Failure,General,Payments,Phone,Engineering,Resolved,1.53,16.62,No,4,No
TKT0003295,2025-12-20 16:12:00,2025-12-22 22:40:20,CUST02842,P4,Payment Failure,General,Settlement API,Phone,Engineering,Resolved,0.61,54.47,No,3,Yes
TKT0003296,2025-12-05 14:02:00,2025-12-06 11:11:53,CUST01689,P3,Refund,Operational,KYC Service,Email,L2 Support,Resolved,1.13,21.16,No,11,No
TKT0003297,2025-01-03 00:03:00,2025-01-04 18:34:52,CUST01990,P3,Refund,Technical,Wallet,Phone,L1 Support,Resolved,0.37,42.53,No,9,Yes
TKT0003298,2025-06-16 18:02:00,2025-06-17 21:00:54,CUST01171,P4,Login,Operational,Merchant Portal,Portal,Payments Ops,Resolved,2.73,26.98,No,5,No
TKT0003299,2025-08-12 05:21:00,2025-08-13 05:16:17,CUST02509,P2,Payment Failure,Operational,Settlement API,Portal,Engineering,Resolved,1.49,23.92,No,7,Yes
TKT0003300,2025-02-17 21:34:00,2025-02-18 03:02:58,CUST01604,P2,Refund,General,Payments,Chat,Payments Ops,Resolved,0.68,5.48,No,6,No
TKT0003301,2025-08-30 06:57:00,2025-08-30 20:14:22,CUST02307,P3,Payment Failure,Operational,Settlement API,Phone,Payments Ops,Resolved,1.06,13.29,Yes,3,No
TKT0003302,2025-10-07 20:33:00,2025-10-08 09:22:38,CUST02663,P3,Payment Failure,Technical,Payments,Chat,KYC Ops,Resolved,1.1,12.83,No,11,No
TKT0003303,2025-10-28 21:51:00,2025-10-29 15:14:58,CUST02903,P4,Payment Failure,Operational,Settlement API,Email,Engineering,Resolved,0.9,17.4,No,4,No
TKT0003304,2025-10-20 10:25:00,2025-10-21 00:00:18,CUST01395,P3,Settlement,General,KYC Service,Phone,L2 Support,Resolved,0.22,13.59,No,48,No
TKT0003305,2025-09-18 08:03:00,2025-09-19 04:15:21,CUST01839,P4,Payment Failure,Technical,KYC Service,Portal,Engineering,Resolved,2.81,20.21,No,1,No
TKT0003306,2025-12-04 20:57:00,2025-12-05 12:20:48,CUST00316,P3,KYC,General,Settlement API,Portal,L2 Support,Resolved,0.54,15.4,No,9,No
TKT0003307,2025-02-09 13:34:00,2025-02-09 19:43:14,CUST00266,P3,Settlement,Operational,Settlement API,Chat,Payments Ops,Resolved,1.53,6.15,No,13,No
TKT0003308,2025-10-25 06:14:00,2025-10-25 23:20:09,CUST00388,P4,KYC,Operational,Merchant Portal,Email,L2 Support,Resolved,1.39,17.1,No,2,No
TKT0003309,2025-11-18 22:49:00,2025-11-19 13:40:12,CUST00756,P3,KYC,General,KYC Service,Portal,Engineering,Resolved,1.42,14.85,Yes,7,No
TKT0003310,2025-05-13 19:31:00,2025-05-14 07:41:17,CUST02133,P3,Settlement,Operational,KYC Service,Email,L2 Support,Resolved,0.48,12.17,No,9,No
TKT0003311,2025-06-16 18:31:00,2025-06-18 01:12:03,CUST02540,P3,API,Technical,KYC Service,Email,Payments Ops,Resolved,0.76,30.68,No,7,Yes
TKT0003312,2025-09-10 09:41:00,2025-09-11 02:33:46,CUST00449,P3,Payment Failure,Operational,KYC Service,Phone,L1 Support,Resolved,1.69,16.88,No,11,No
TKT0003313,2025-12-17 20:31:00,2025-12-18 21:14:44,CUST00536,P3,API,Operational,Wallet,Chat,KYC Ops,Resolved,1.43,24.73,No,7,Yes
TKT0003314,2025-08-01 09:24:00,2025-08-01 22:51:43,CUST00174,P3,Login,General,Settlement API,Chat,L2 Support,Resolved,0.7,13.46,No,6,No
TKT0003315,2025-03-19 23:14:00,2025-03-21 22:43:35,CUST00152,P4,API,Operational,KYC Service,Phone,Payments Ops,Resolved,1.56,47.49,No,10,No
TKT0003316,2025-09-13 18:20:00,2025-09-14 16:26:57,CUST02765,P4,Settlement,General,Settlement API,Phone,Engineering,Resolved,0.2,22.12,No,8,No
TKT0003317,2025-10-27 20:57:00,2025-10-28 14:47:43,CUST00847,P3,Payment Failure,Technical,KYC Service,Phone,L2 Support,Resolved,1.81,17.85,No,113,No
TKT0003318,2025-10-04 00:11:00,2025-10-04 05:11:19,CUST02685,P3,Refund,General,Settlement API,Email,Engineering,Resolved,0.67,5.01,No,5,No
TKT0003319,2025-09-10 15:34:00,2025-09-11 13:07:20,CUST00325,P4,Settlement,Technical,Merchant Portal,Phone,L1 Support,Resolved,0.56,21.56,No,1,No
TKT0003320,2025-11-04 16:05:00,2025-11-04 19:42:05,CUST02002,P1,KYC,Operational,Payments,Phone,KYC Ops,Resolved,1.17,3.62,No,6,No
TKT0003321,2025-05-07 03:49:00,2025-05-08 00:39:21,CUST01929,P3,Refund,Technical,Wallet,Email,L1 Support,Resolved,0.33,20.84,No,34,No
TKT0003322,2025-10-24 09:16:00,2025-10-25 22:09:29,CUST02767,P4,Refund,Technical,Settlement API,Phone,Payments Ops,Resolved,1.59,36.89,No,6,No
TKT0003323,2025-02-10 16:30:00,2025-02-10 21:39:25,CUST01014,P2,Settlement,General,Payments,Portal,L2 Support,Resolved,9.08,5.16,Yes,10,No
TKT0003324,2025-11-22 02:15:00,2025-11-23 01:54:56,CUST00468,P4,Settlement,Technical,Wallet,Portal,KYC Ops,Resolved,0.3,23.67,No,4,No
TKT0003325,2025-11-16 08:14:00,2025-11-16 15:22:29,CUST01276,P3,Refund,Technical,Merchant Portal,Chat,Engineering,Resolved,0.62,7.14,No,26,No
TKT0003326,2025-05-01 06:14:00,2025-05-03 21:32:42,CUST01622,P4,Login,Operational,Merchant Portal,Phone,KYC Ops,Resolved,0.21,63.31,No,3,Yes
TKT0003327,2025-12-23 12:01:00,2025-12-24 00:41:53,CUST01716,P3,Payment Failure,General,KYC Service,Email,Payments Ops,Resolved,0.54,12.68,No,4,No
TKT0003328,2025-06-08 01:51:00,2025-06-09 09:34:30,CUST01131,P4,Payment Failure,Technical,Merchant Portal,Phone,L2 Support,Resolved,0.78,31.73,No,13,No
TKT0003329,2025-04-30 16:50:00,2025-05-01 06:06:48,CUST01238,P2,Payment Failure,General,KYC Service,Portal,Payments Ops,Resolved,0.7,13.28,Yes,41,Yes
TKT0003330,2025-09-30 22:40:00,2025-10-01 06:11:51,CUST01890,P3,Payment Failure,General,KYC Service,Portal,Payments Ops,Resolved,2.46,7.53,No,2,No
TKT0003331,2025-08-29 15:26:00,2025-08-29 22:59:22,CUST01324,P3,Payment Failure,Operational,Payments,Chat,L1 Support,Resolved,1.86,7.56,No,10,No
TKT0003332,2025-07-24 22:16:00,2025-07-28 01:47:43,CUST00809,P4,API,General,Merchant Portal,Portal,L2 Support,Resolved,5.72,75.53,No,1,Yes
TKT0003333,2025-12-19 18:51:00,2025-12-20 05:33:03,CUST01271,P2,Refund,General,Merchant Portal,Chat,L2 Support,Resolved,1.04,10.7,Yes,3,Yes
TKT0003334,2025-09-18 23:39:00,2025-09-20 05:03:03,CUST01888,P4,Login,Technical,Wallet,Portal,L1 Support,Resolved,0.4,29.4,Yes,1,No
TKT0003335,2025-06-14 20:29:00,2025-06-15 18:35:30,CUST02426,P3,Payment Failure,Technical,Settlement API,Chat,L1 Support,Resolved,3.58,22.11,No,2,No
TKT0003336,2025-11-26 14:02:00,2025-11-26 19:24:24,CUST02439,P2,Settlement,General,Payments,Chat,L2 Support,Resolved,0.54,5.37,No,3,No
TKT0003337,2025-10-30 08:02:00,2025-11-01 09:08:12,CUST00384,P4,Payment Failure,General,Payments,Email,L2 Support,Resolved,0.71,49.1,Yes,3,Yes
TKT0003338,2025-03-13 10:13:00,2025-03-14 06:51:22,CUST00664,P3,Payment Failure,General,Wallet,Portal,KYC Ops,Resolved,0.36,20.64,No,12,No
TKT0003339,2025-09-29 14:42:00,2025-09-30 21:38:43,CUST00976,P3,Payment Failure,Technical,Payments,Email,L1 Support,Resolved,2.23,30.95,No,18,Yes
TKT0003340,2025-11-08 03:38:00,2025-11-09 13:45:41,CUST02818,P3,KYC,General,Settlement API,Email,L2 Support,Resolved,1.3,34.13,No,9,Yes
TKT0003341,2025-02-06 02:13:00,2025-02-06 15:36:45,CUST01316,P3,API,Technical,Payments,Portal,L2 Support,Resolved,1.02,13.4,Yes,13,No
TKT0003342,2025-09-20 07:08:00,2025-09-20 12:30:39,CUST02016,P3,Refund,General,KYC Service,Chat,L2 Support,Resolved,0.93,5.38,No,1,No
TKT0003343,2025-01-22 19:04:00,2025-01-22 20:55:11,CUST01567,P2,Settlement,Technical,KYC Service,Portal,Engineering,Resolved,0.65,1.85,No,16,No
TKT0003344,2025-03-05 06:42:00,2025-03-07 01:48:22,CUST01279,P3,API,Technical,Settlement API,Phone,Engineering,Resolved,0.46,43.11,No,2,Yes
TKT0003345,2025-05-13 18:51:00,2025-05-13 23:58:33,CUST02485,P2,API,Operational,Payments,Email,KYC Ops,Resolved,0.63,5.13,No,1,No
TKT0003346,2025-03-18 17:58:00,2025-03-19 09:37:38,CUST00255,P3,API,General,Wallet,Email,L2 Support,Resolved,5.49,15.66,No,4,No
TKT0003347,2025-10-04 20:29:00,2025-10-06 17:36:22,CUST02064,P4,Login,Operational,Payments,Phone,L2 Support,Resolved,1.95,45.12,No,7,No
TKT0003348,2025-03-25 21:14:00,2025-03-26 01:07:51,CUST01328,P2,API,Operational,Payments,Email,KYC Ops,Resolved,0.23,3.9,No,16,No
TKT0003349,2025-01-01 07:13:00,2025-01-01 08:38:24,CUST01991,P2,Refund,General,Merchant Portal,Chat,Payments Ops,Resolved,0.98,1.42,No,7,No
TKT0003350,2025-06-27 04:57:00,2025-06-29 10:28:11,CUST01429,P4,Payment Failure,Operational,Wallet,Portal,Payments Ops,Resolved,1.02,53.52,No,8,Yes
TKT0003351,2025-11-20 05:58:00,2025-11-20 15:49:05,CUST01720,P3,Payment Failure,Technical,KYC Service,Portal,L1 Support,Resolved,0.29,9.85,No,12,No
TKT0003352,2025-03-13 13:03:00,2025-03-14 05:05:15,CUST00711,P3,Login,Operational,Settlement API,Portal,Payments Ops,Resolved,4.79,16.04,No,1,No
TKT0003353,2025-02-08 13:00:00,2025-02-12 04:57:11,CUST02638,P4,Payment Failure,General,Merchant Portal,Chat,L2 Support,Resolved,1.78,87.95,No,22,Yes
TKT0003354,2025-03-12 15:23:00,2025-03-13 02:33:50,CUST00599,P3,KYC,General,Payments,Chat,Engineering,Resolved,0.95,11.18,No,2,No
TKT0003355,2025-04-17 13:39:00,2025-04-18 03:52:41,CUST02760,P3,Payment Failure,Technical,Payments,Email,Payments Ops,Resolved,0.82,14.23,No,23,No
TKT0003356,2025-11-30 19:39:00,2025-12-01 02:09:44,CUST00767,P1,KYC,Technical,Merchant Portal,Email,L2 Support,Resolved,1.21,6.51,Yes,5,Yes
TKT0003357,2025-06-13 23:50:00,2025-06-14 13:00:14,CUST02842,P2,Payment Failure,Technical,Settlement API,Email,Engineering,Resolved,0.83,13.17,No,7,Yes
TKT0003358,2025-05-23 17:19:00,2025-05-25 06:13:37,CUST02880,P4,Refund,General,Payments,Phone,L1 Support,Resolved,0.93,36.91,Yes,9,No
TKT0003359,2025-06-20 09:18:00,2025-06-21 09:58:05,CUST01552,P3,Login,Technical,Settlement API,Email,L1 Support,Resolved,0.84,24.67,No,20,Yes
TKT0003360,2025-01-31 16:24:00,2025-02-02 14:37:17,CUST00487,P4,API,General,Merchant Portal,Phone,Payments Ops,Resolved,0.96,46.22,No,2,No
TKT0003361,2025-12-20 20:58:00,2025-12-22 14:38:34,CUST00414,P4,API,General,Wallet,Portal,Payments Ops,Resolved,0.81,41.68,No,4,No
TKT0003362,2025-07-12 06:27:00,2025-07-12 10:59:56,CUST00304,P3,Payment Failure,General,KYC Service,Email,L1 Support,Resolved,0.11,4.55,Yes,3,No
TKT0003363,2025-02-26 06:23:00,2025-02-26 15:27:57,CUST02624,P2,KYC,Operational,Merchant Portal,Email,Engineering,Resolved,4.21,9.08,No,15,Yes
TKT0003364,2025-12-25 00:48:00,2025-12-25 22:10:33,CUST01042,P3,Payment Failure,General,Payments,Portal,Engineering,Resolved,0.96,21.38,No,5,No
TKT0003365,2025-04-19 14:59:00,2025-04-19 20:56:30,CUST00684,P2,KYC,General,Merchant Portal,Phone,Payments Ops,Resolved,0.3,5.96,No,11,No
TKT0003366,2025-02-15 16:47:00,2025-02-16 00:55:17,CUST01932,P2,KYC,Technical,Merchant Portal,Chat,L2 Support,Resolved,1.44,8.14,Yes,16,Yes
TKT0003367,2025-03-19 05:10:00,2025-03-19 06:22:23,CUST00890,P1,Login,General,Merchant Portal,Chat,L1 Support,Resolved,1.08,1.21,No,42,No
TKT0003368,2025-03-21 04:50:00,2025-03-22 02:25:49,CUST02688,P4,Payment Failure,General,Merchant Portal,Email,Engineering,Resolved,0.41,21.6,No,64,No
TKT0003369,2025-05-18 10:42:00,2025-05-19 04:57:24,CUST00944,P4,Login,General,Payments,Email,Payments Ops,Resolved,0.35,18.26,No,6,No
TKT0003370,2025-03-18 20:11:00,2025-03-19 08:14:12,CUST02211,P3,KYC,Operational,Settlement API,Portal,KYC Ops,Resolved,0.84,12.05,No,16,No
TKT0003371,2025-01-28 18:56:00,2025-01-29 07:28:14,CUST02838,P3,Settlement,General,Payments,Chat,L2 Support,Resolved,1.06,12.54,No,1,No
TKT0003372,2025-07-22 09:31:00,2025-07-23 09:32:20,CUST01786,P4,Settlement,Operational,Settlement API,Email,L1 Support,Resolved,0.6,24.02,No,12,No
TKT0003373,2025-05-05 04:45:00,2025-05-06 18:58:28,CUST02790,P4,KYC,Operational,Payments,Chat,L2 Support,Resolved,3.45,38.22,No,40,No
TKT0003374,2025-03-09 09:07:00,2025-03-10 08:38:56,CUST00280,P3,Login,General,Settlement API,Phone,KYC Ops,Resolved,0.36,23.53,No,6,No
TKT0003375,2025-02-07 02:58:00,2025-02-08 17:51:21,CUST02592,P3,KYC,General,KYC Service,Phone,KYC Ops,Resolved,1.2,38.89,No,13,Yes
TKT0003376,2025-07-13 14:06:00,2025-07-14 01:36:48,CUST00021,P3,KYC,Operational,Settlement API,Chat,Engineering,Resolved,0.8,11.51,No,4,No
TKT0003377,2025-06-27 03:51:00,2025-06-27 05:06:05,CUST02245,P1,Refund,Technical,Payments,Chat,KYC Ops,Resolved,3.96,1.25,No,29,No
TKT0003378,2025-08-21 23:24:00,2025-08-22 04:56:17,CUST01181,P3,Login,Technical,Payments,Phone,L2 Support,Resolved,1.42,5.54,No,20,No
TKT0003379,2025-08-31 01:41:00,2025-09-01 21:08:26,CUST00527,P4,KYC,General,Settlement API,Email,L2 Support,Resolved,0.43,43.46,No,2,No
TKT0003380,2025-02-20 01:30:00,2025-02-20 16:55:24,CUST01610,P4,Refund,Technical,Merchant Portal,Portal,L1 Support,Resolved,0.43,15.42,No,3,No
TKT0003381,2025-09-13 16:55:00,2025-09-14 22:12:55,CUST00448,P4,Settlement,Operational,Payments,Phone,Payments Ops,Resolved,1.13,29.3,No,7,No
TKT0003382,2025-04-17 01:35:00,2025-04-18 00:37:40,CUST02556,P3,Settlement,General,Payments,Chat,KYC Ops,Resolved,1.88,23.04,No,2,No
TKT0003383,2025-05-16 17:05:00,2025-05-17 00:47:56,CUST02987,P2,Payment Failure,General,Payments,Portal,L1 Support,Resolved,1.79,7.72,Yes,3,No
TKT0003384,2025-11-18 19:37:00,2025-11-21 03:50:20,CUST02701,P3,KYC,Technical,Payments,Portal,L2 Support,Resolved,0.61,56.22,No,11,Yes
TKT0003385,2025-09-21 00:12:00,2025-09-21 17:59:54,CUST01961,P3,API,General,Settlement API,Email,Payments Ops,Resolved,1.27,17.8,Yes,12,No
TKT0003386,2025-03-29 13:05:00,2025-03-30 11:53:22,CUST02854,P4,Settlement,Operational,Settlement API,Chat,Payments Ops,Resolved,0.14,22.81,No,11,No
TKT0003387,2025-04-09 20:38:00,2025-04-10 18:03:28,CUST01801,P3,Refund,General,Settlement API,Chat,L1 Support,Resolved,1.1,21.42,No,1,No
TKT0003388,2025-09-29 10:08:00,2025-09-30 14:49:00,CUST00731,P4,Refund,Technical,Wallet,Portal,L2 Support,Resolved,0.26,28.68,No,8,No
TKT0003389,2025-06-19 21:21:00,2025-06-20 04:34:47,CUST01538,P3,Login,General,Settlement API,Email,Engineering,Resolved,1.6,7.23,No,7,No
TKT0003390,2025-03-09 21:59:00,2025-03-10 17:24:53,CUST01989,P3,KYC,Technical,Settlement API,Chat,KYC Ops,Resolved,1.73,19.43,No,4,No
TKT0003391,2025-06-22 13:27:00,2025-06-24 03:12:15,CUST00799,P4,Settlement,Technical,Merchant Portal,Phone,L2 Support,Resolved,1.88,37.75,No,39,No
TKT0003392,2025-06-16 17:26:00,2025-06-17 16:19:38,CUST01738,P3,Settlement,Operational,Settlement API,Phone,Payments Ops,Resolved,0.61,22.89,No,22,No
TKT0003393,2025-12-03 11:58:00,2025-12-04 00:42:54,CUST00685,P4,Payment Failure,Operational,Payments,Chat,KYC Ops,Resolved,0.37,12.75,No,12,No
TKT0003394,2025-07-19 17:56:00,2025-07-21 01:21:25,CUST01335,P3,API,Operational,KYC Service,Phone,L2 Support,Resolved,0.69,31.42,No,10,Yes
TKT0003395,2025-09-06 20:12:00,2025-09-07 22:11:42,CUST02616,P3,Payment Failure,Technical,Wallet,Portal,L2 Support,Resolved,0.4,26.0,No,9,Yes
TKT0003396,2025-11-27 08:33:00,2025-11-28 01:06:37,CUST01441,P3,Payment Failure,Technical,Settlement API,Phone,KYC Ops,Resolved,0.45,16.56,Yes,1,No
TKT0003397,2025-06-07 11:05:00,2025-06-10 13:07:37,CUST01356,P3,API,General,Payments,Phone,Payments Ops,Resolved,0.49,74.04,No,25,Yes
TKT0003398,2025-05-12 23:37:00,2025-05-13 05:18:05,CUST01713,P2,Login,Operational,Payments,Phone,Payments Ops,Resolved,0.81,5.68,No,1,No
TKT0003399,2025-08-14 02:27:00,2025-08-14 10:40:14,CUST00198,P3,KYC,Technical,Merchant Portal,Phone,L2 Support,Resolved,0.57,8.22,No,20,No
TKT0003400,2025-08-17 02:27:00,2025-08-17 15:06:32,CUST00493,P3,Payment Failure,General,Wallet,Portal,KYC Ops,Resolved,1.63,12.66,No,5,No
TKT0003401,2025-01-31 15:00:00,2025-02-01 05:22:50,CUST01846,P3,Settlement,General,Merchant Portal,Email,KYC Ops,Resolved,1.75,14.38,No,9,No
TKT0003402,2025-01-19 13:02:00,2025-01-20 02:44:25,CUST00985,P4,KYC,General,Payments,Email,Engineering,Resolved,3.02,13.71,No,15,No
TKT0003403,2025-06-22 06:37:00,2025-06-23 08:59:48,CUST00226,P3,KYC,General,Merchant Portal,Chat,L2 Support,Resolved,0.35,26.38,No,15,Yes
TKT0003404,2025-02-04 13:23:00,2025-02-04 21:29:44,CUST00932,P2,Login,Operational,Payments,Chat,L1 Support,Resolved,0.19,8.11,No,5,Yes
TKT0003405,2025-08-03 10:37:00,2025-08-04 00:04:16,CUST01613,P3,Payment Failure,General,Merchant Portal,Chat,L2 Support,Resolved,2.33,13.45,No,30,No
TKT0003406,2025-03-07 09:29:00,2025-03-09 08:42:15,CUST00035,P3,Login,Operational,Wallet,Portal,KYC Ops,Resolved,1.36,47.22,No,4,Yes
TKT0003407,2025-07-31 16:46:00,2025-08-02 03:26:27,CUST00533,P4,Settlement,Operational,Payments,Email,Payments Ops,Resolved,0.32,34.67,No,8,No
TKT0003408,2025-02-16 17:07:00,2025-02-18 04:51:30,CUST01894,P4,Payment Failure,Operational,Settlement API,Portal,L1 Support,Resolved,0.65,35.74,No,1,No
TKT0003409,2025-05-19 10:51:00,2025-05-20 19:29:05,CUST02656,P4,API,General,Settlement API,Portal,L1 Support,Resolved,0.5,32.63,Yes,75,No
TKT0003410,2025-02-03 14:55:00,2025-02-04 19:47:09,CUST00023,P3,Settlement,Technical,Wallet,Chat,L2 Support,Resolved,0.41,28.87,No,7,Yes
TKT0003411,2025-07-19 08:34:00,2025-07-19 19:01:11,CUST02521,P2,API,General,KYC Service,Portal,Payments Ops,Resolved,0.27,10.45,No,26,Yes
TKT0003412,2025-07-08 18:57:00,2025-07-08 23:43:19,CUST02001,P2,Settlement,Technical,Payments,Email,Payments Ops,Resolved,1.85,4.77,Yes,9,No
TKT0003413,2025-05-16 15:19:00,2025-05-17 09:13:28,CUST02741,P4,Payment Failure,Operational,Payments,Portal,L2 Support,Resolved,1.36,17.91,No,2,No
TKT0003414,2025-06-04 15:44:00,2025-06-04 17:52:19,CUST02591,P1,API,Operational,Payments,Portal,Payments Ops,Resolved,0.73,2.14,No,5,No
TKT0003415,2025-09-11 17:59:00,2025-09-13 08:41:41,CUST02575,P3,API,Technical,Payments,Email,Engineering,Resolved,1.2,38.71,No,4,Yes
TKT0003416,2025-06-23 18:45:00,2025-06-24 04:13:17,CUST00465,P3,Settlement,General,Merchant Portal,Phone,L1 Support,Resolved,0.35,9.47,No,26,No
TKT0003417,2025-05-15 21:26:00,2025-05-17 22:21:24,CUST02569,P4,Settlement,Technical,Settlement API,Chat,L2 Support,Resolved,0.46,48.92,No,6,Yes
TKT0003418,2025-12-11 07:32:00,2025-12-11 20:22:01,CUST01532,P3,Payment Failure,Technical,Merchant Portal,Portal,L1 Support,Resolved,2.06,12.83,No,27,No
TKT0003419,2025-12-13 22:05:00,2025-12-14 10:00:31,CUST01145,P3,Login,Technical,KYC Service,Portal,L1 Support,Resolved,1.45,11.93,No,7,No
TKT0003420,2025-10-07 19:35:00,2025-10-07 21:55:36,CUST00661,P1,KYC,Operational,Settlement API,Email,Engineering,Resolved,1.32,2.34,No,389,No
TKT0003421,2025-08-10 11:08:00,2025-08-11 14:00:45,CUST02566,P3,Payment Failure,Operational,Merchant Portal,Phone,KYC Ops,Resolved,2.38,26.88,No,8,Yes
TKT0003422,2025-10-12 09:14:00,2025-10-13 07:55:24,CUST01974,P4,Login,Technical,Wallet,Chat,L2 Support,Resolved,0.91,22.69,No,23,No
TKT0003423,2025-05-14 03:55:00,2025-05-14 04:50:03,CUST00605,P1,Payment Failure,Operational,Wallet,Portal,Payments Ops,Resolved,0.68,0.92,Yes,13,No
TKT0003424,2025-10-07 20:08:00,2025-10-08 02:59:46,CUST00674,P3,Login,General,Merchant Portal,Phone,KYC Ops,Resolved,0.81,6.86,Yes,19,No
TKT0003425,2025-06-29 05:39:00,2025-06-29 20:06:24,CUST00934,P2,API,Operational,Wallet,Chat,Engineering,Resolved,0.88,14.46,No,32,Yes
TKT0003426,2025-08-16 09:19:00,2025-08-16 22:46:05,CUST00610,P2,API,Operational,Wallet,Chat,KYC Ops,Resolved,0.27,13.45,No,2,Yes
TKT0003427,2025-06-09 02:04:00,2025-06-11 20:50:22,CUST00380,P3,Login,Technical,KYC Service,Phone,L2 Support,Resolved,0.29,66.77,Yes,22,Yes
TKT0003428,2025-12-24 23:45:00,2025-12-26 16:42:45,CUST02940,P4,Payment Failure,General,Payments,Chat,Payments Ops,Resolved,0.83,40.96,Yes,5,No
TKT0003429,2025-09-14 00:09:00,2025-09-14 12:10:11,CUST00057,P3,API,Technical,Merchant Portal,Phone,L2 Support,Resolved,1.33,12.02,No,3,No
TKT0003430,2025-12-20 05:19:00,2025-12-20 20:38:11,CUST02117,P3,Payment Failure,Operational,Wallet,Chat,Payments Ops,Resolved,1.29,15.32,No,13,No
TKT0003431,2025-11-04 19:21:00,2025-11-06 03:15:09,CUST02538,P3,Refund,General,Wallet,Chat,Engineering,Resolved,3.2,31.9,No,2,Yes
TKT0003432,2025-05-21 13:28:00,2025-05-22 20:08:21,CUST01458,P4,Refund,General,KYC Service,Email,Engineering,Resolved,0.73,30.67,No,4,No
TKT0003433,2025-11-24 05:45:00,2025-11-25 00:49:38,CUST02369,P3,Login,General,Settlement API,Portal,Payments Ops,Resolved,0.25,19.08,No,7,No
TKT0003434,2025-04-02 16:47:00,2025-04-03 21:24:40,CUST00327,P3,Refund,General,Settlement API,Phone,L1 Support,Resolved,1.08,28.63,No,1,Yes
TKT0003435,2025-07-22 18:13:00,2025-07-23 11:59:47,CUST00890,P4,KYC,Technical,Payments,Email,L1 Support,Resolved,0.36,17.78,No,8,No
TKT0003436,2025-01-06 05:55:00,2025-01-07 19:52:38,CUST02407,P4,KYC,Operational,Payments,Phone,L1 Support,Resolved,4.2,37.96,No,34,No
TKT0003437,2025-11-17 09:53:00,2025-11-17 14:24:50,CUST02184,P1,KYC,Technical,Merchant Portal,Portal,Engineering,Resolved,0.54,4.53,Yes,68,Yes
TKT0003438,2025-08-30 05:22:00,2025-08-30 07:39:58,CUST01909,P2,Payment Failure,General,Wallet,Phone,Payments Ops,Resolved,1.49,2.3,Yes,18,No
TKT0003439,2025-06-20 04:26:00,2025-06-20 14:19:24,CUST01728,P3,Refund,Operational,KYC Service,Phone,Payments Ops,Resolved,1.28,9.89,No,7,No
TKT0003440,2025-10-10 08:01:00,2025-10-13 18:38:00,CUST02339,P4,Payment Failure,Technical,KYC Service,Email,L1 Support,Resolved,0.37,82.62,No,1,Yes
TKT0003441,2025-11-15 12:12:00,2025-11-16 01:10:29,CUST00862,P4,Login,Operational,Wallet,Phone,Engineering,Resolved,0.63,12.97,No,4,No
TKT0003442,2025-05-14 12:13:00,2025-05-18 08:23:07,CUST02316,P4,API,Technical,KYC Service,Portal,L2 Support,Resolved,0.74,92.17,No,8,Yes
TKT0003443,2025-01-17 22:53:00,2025-01-18 02:31:24,CUST00115,P1,KYC,General,Wallet,Phone,Payments Ops,Resolved,1.47,3.64,No,11,No
TKT0003444,2025-08-14 11:54:00,2025-08-15 05:46:45,CUST00608,P4,Refund,General,Wallet,Email,KYC Ops,Resolved,0.54,17.88,No,3,No
TKT0003445,2025-01-05 12:24:00,2025-01-06 04:11:07,CUST01106,P3,Refund,Technical,KYC Service,Portal,KYC Ops,Resolved,0.9,15.79,No,16,No
TKT0003446,2025-01-25 10:20:00,2025-01-26 19:17:54,CUST00403,P3,Refund,Operational,Wallet,Portal,KYC Ops,Resolved,0.35,32.97,No,13,Yes
TKT0003447,2025-10-24 21:52:00,2025-10-25 01:59:16,CUST02079,P2,Refund,Operational,Wallet,Portal,Payments Ops,Resolved,0.71,4.12,Yes,4,No
TKT0003448,2025-02-06 16:12:00,2025-02-06 23:54:36,CUST00761,P2,Payment Failure,Technical,KYC Service,Chat,KYC Ops,Resolved,1.76,7.71,No,8,No
TKT0003449,2025-12-14 05:48:00,2025-12-15 05:27:30,CUST02069,P3,Refund,Operational,Merchant Portal,Portal,Engineering,Resolved,1.5,23.66,No,1,No
TKT0003450,2025-08-26 23:53:00,2025-08-28 01:07:47,CUST02901,P3,Payment Failure,Operational,Payments,Portal,L2 Support,Resolved,1.46,25.25,No,20,Yes
TKT0003451,2025-07-21 18:03:00,2025-07-24 06:15:53,CUST00885,P4,Payment Failure,Operational,Merchant Portal,Phone,KYC Ops,Resolved,0.61,60.21,No,137,Yes
TKT0003452,2025-12-13 03:03:00,2025-12-14 06:56:19,CUST00604,P3,API,Technical,Wallet,Phone,L2 Support,Resolved,0.38,27.89,No,4,Yes
TKT0003453,2025-09-06 22:53:00,2025-09-07 00:45:53,CUST01072,P1,KYC,Technical,KYC Service,Portal,L2 Support,Resolved,0.53,1.88,No,115,No
TKT0003454,2025-09-13 14:16:00,2025-09-13 19:52:23,CUST01004,P2,Payment Failure,Technical,KYC Service,Phone,KYC Ops,Resolved,0.7,5.61,No,6,No
TKT0003455,2025-12-05 20:46:00,2025-12-06 08:26:25,CUST01489,P3,Login,Operational,Merchant Portal,Email,L2 Support,Resolved,1.72,11.67,No,8,No
TKT0003456,2025-06-25 04:10:00,2025-06-26 07:39:27,CUST00985,P4,Refund,Operational,KYC Service,Chat,Payments Ops,Resolved,0.9,27.49,No,23,No
TKT0003457,2025-11-07 04:26:00,2025-11-07 08:32:45,CUST01908,P1,Payment Failure,Technical,Wallet,Chat,KYC Ops,Resolved,0.12,4.11,No,25,Yes
TKT0003458,2025-07-29 06:51:00,2025-07-29 14:07:29,CUST02923,P3,Payment Failure,Operational,Payments,Phone,Payments Ops,Resolved,1.06,7.27,No,4,No
TKT0003459,2025-06-28 10:14:00,2025-06-30 01:32:11,CUST01450,P3,Login,Operational,Settlement API,Email,L2 Support,Resolved,1.64,39.3,No,7,Yes
TKT0003460,2025-10-03 05:15:00,2025-10-04 01:23:01,CUST00533,P2,API,General,Payments,Email,Payments Ops,Resolved,2.93,20.13,No,5,Yes
TKT0003461,2025-07-31 12:28:00,2025-08-01 12:48:44,CUST01602,P3,Login,General,Wallet,Email,L2 Support,Resolved,1.57,24.35,No,20,Yes
TKT0003462,2025-07-12 15:05:00,2025-07-13 09:29:20,CUST01966,P4,Payment Failure,Technical,Settlement API,Email,KYC Ops,Resolved,3.37,18.41,No,1,No
TKT0003463,2025-06-04 04:03:00,2025-06-04 06:43:41,CUST00175,P1,Settlement,Operational,Merchant Portal,Phone,L1 Support,Resolved,0.96,2.68,No,60,No
TKT0003464,2025-11-11 06:11:00,2025-11-12 08:47:01,CUST00300,P3,Login,General,Settlement API,Email,Engineering,Resolved,0.56,26.6,No,44,Yes
TKT0003465,2025-08-10 23:25:00,2025-08-11 19:17:34,CUST02938,P4,KYC,Technical,KYC Service,Portal,L1 Support,Resolved,3.99,19.88,No,9,No
TKT0003466,2025-02-22 01:13:00,2025-02-25 08:12:39,CUST00518,P4,Settlement,Technical,Wallet,Phone,KYC Ops,Resolved,0.48,78.99,No,1,Yes
TKT0003467,2025-07-19 08:55:00,2025-07-20 04:20:39,CUST01825,P3,Payment Failure,Operational,Settlement API,Portal,Payments Ops,Resolved,0.74,19.43,No,1,No
TKT0003468,2025-05-08 21:46:00,2025-05-09 02:24:50,CUST01115,P2,API,Operational,Wallet,Portal,KYC Ops,Resolved,0.78,4.65,No,12,No
TKT0003469,2025-02-02 13:15:00,2025-02-02 14:11:34,CUST01943,P1,Payment Failure,General,KYC Service,Chat,KYC Ops,Resolved,0.45,0.94,No,4,No
TKT0003470,2025-12-04 07:07:00,2025-12-04 09:27:02,CUST00954,P2,Settlement,Technical,KYC Service,Email,Payments Ops,Resolved,2.19,2.33,Yes,2,No
TKT0003471,2025-05-01 05:26:00,2025-05-01 19:35:07,CUST01783,P3,KYC,Technical,Wallet,Phone,KYC Ops,Resolved,0.64,14.15,No,5,No
TKT0003472,2025-10-02 03:01:00,2025-10-02 04:17:14,CUST01391,P2,Settlement,General,Settlement API,Phone,L2 Support,Resolved,0.81,1.27,No,1,No
TKT0003473,2025-03-06 21:47:00,2025-03-07 17:24:22,CUST02797,P3,Login,Operational,Settlement API,Email,Payments Ops,Resolved,0.94,19.62,No,2,No
TKT0003474,2025-03-03 19:06:00,2025-03-04 22:08:34,CUST01364,P3,Payment Failure,Technical,Merchant Portal,Portal,KYC Ops,Resolved,0.64,27.04,No,3,Yes
TKT0003475,2025-12-29 00:38:00,2025-12-29 03:54:33,CUST02486,P2,Payment Failure,Operational,Settlement API,Chat,L2 Support,Resolved,0.78,3.28,Yes,14,No
TKT0003476,2025-04-20 20:17:00,2025-04-21 00:57:58,CUST00164,P3,Payment Failure,General,Settlement API,Portal,L1 Support,Resolved,2.28,4.68,No,10,No
TKT0003477,2025-02-14 08:11:00,2025-02-15 01:47:23,CUST02684,P4,Payment Failure,Operational,Wallet,Portal,KYC Ops,Resolved,1.11,17.61,No,8,No
TKT0003478,2025-05-20 19:56:00,2025-05-21 12:08:45,CUST01413,P4,Login,Operational,Settlement API,Phone,L2 Support,Resolved,1.14,16.21,No,5,No
TKT0003479,2025-03-13 21:42:00,2025-03-15 10:00:11,CUST01485,P4,KYC,General,Payments,Portal,KYC Ops,Resolved,0.61,36.3,No,7,No
TKT0003480,2025-06-04 18:30:00,2025-06-05 09:39:04,CUST01082,P4,Payment Failure,Technical,Wallet,Email,L2 Support,Resolved,2.18,15.15,No,8,No
TKT0003481,2025-04-05 07:22:00,2025-04-06 08:09:39,CUST00034,P3,Payment Failure,General,Merchant Portal,Phone,L1 Support,Resolved,0.52,24.79,No,3,Yes
TKT0003482,2025-01-22 23:36:00,2025-01-23 12:22:29,CUST02556,P4,Refund,Operational,Wallet,Email,KYC Ops,Resolved,1.49,12.77,No,2,No
TKT0003483,2025-03-13 00:54:00,2025-03-14 03:04:55,CUST02085,P3,Settlement,Operational,Settlement API,Email,KYC Ops,Resolved,0.44,26.18,No,26,Yes
TKT0003484,2025-12-10 00:38:00,2025-12-10 04:57:26,CUST02591,P2,API,Technical,Settlement API,Portal,KYC Ops,Resolved,1.04,4.32,No,4,No
TKT0003485,2025-11-11 11:29:00,2025-11-12 01:24:39,CUST02934,P4,Refund,Operational,Payments,Portal,KYC Ops,Resolved,1.71,13.93,No,1,No
TKT0003486,2025-08-02 06:23:00,2025-08-03 09:22:22,CUST02324,P3,KYC,Operational,Merchant Portal,Email,L1 Support,Resolved,0.64,26.99,No,2,Yes
TKT0003487,2025-08-01 16:45:00,2025-08-02 06:28:47,CUST01656,P4,Payment Failure,General,Merchant Portal,Phone,L2 Support,Resolved,0.92,13.73,No,1,No
TKT0003488,2025-03-20 15:12:00,2025-03-22 07:57:55,CUST01334,P4,KYC,Operational,Merchant Portal,Portal,L2 Support,Resolved,1.12,40.77,No,5,No
TKT0003489,2025-02-27 18:34:00,2025-02-28 16:20:10,CUST02701,P3,Login,Operational,Merchant Portal,Portal,Engineering,Resolved,0.69,21.77,No,9,No
TKT0003490,2025-06-24 06:02:00,2025-06-29 11:04:07,CUST02511,P4,KYC,Technical,Settlement API,Portal,Engineering,Resolved,0.33,125.04,No,6,Yes
TKT0003491,2025-09-18 19:42:00,2025-09-19 18:10:01,CUST02479,P3,Settlement,General,Wallet,Chat,Payments Ops,Resolved,0.84,22.47,No,4,No
TKT0003492,2025-05-10 03:59:00,2025-05-12 09:51:59,CUST00021,P4,API,General,KYC Service,Chat,KYC Ops,Resolved,2.58,53.88,Yes,103,Yes
TKT0003493,2025-05-30 05:37:00,2025-05-30 13:25:18,CUST00583,P3,Refund,General,KYC Service,Portal,Engineering,Resolved,0.82,7.81,No,3,No
TKT0003494,2025-06-29 02:20:00,2025-06-29 11:38:56,CUST00720,P2,Refund,Operational,KYC Service,Portal,Payments Ops,Resolved,0.87,9.32,No,9,Yes
TKT0003495,2025-06-11 07:13:00,2025-06-12 02:06:02,CUST01430,P4,Login,Technical,KYC Service,Email,Payments Ops,Resolved,0.15,18.88,Yes,15,No
TKT0003496,2025-09-02 05:43:00,2025-09-05 00:43:00,CUST00024,P4,API,General,Payments,Phone,Payments Ops,Resolved,0.55,67.0,No,3,Yes
TKT0003497,2025-11-17 11:13:00,2025-11-17 15:28:36,CUST02224,P2,KYC,Technical,Merchant Portal,Portal,L2 Support,Resolved,0.29,4.26,Yes,6,No
TKT0003498,2025-01-20 02:39:00,2025-01-21 20:15:13,CUST01249,P3,Refund,General,Wallet,Email,L1 Support,Resolved,3.77,41.6,No,11,Yes
TKT0003499,2025-03-27 22:44:00,2025-03-28 11:02:44,CUST00445,P3,KYC,Operational,Payments,Portal,KYC Ops,Resolved,0.31,12.31,No,21,No
TKT0003500,2025-04-18 14:49:00,2025-04-19 00:07:56,CUST00174,P2,Login,Technical,Settlement API,Phone,KYC Ops,Resolved,2.05,9.32,Yes,4,Yes
TKT0003501,2025-06-01 18:44:00,2025-06-02 04:10:31,CUST00770,P2,KYC,Operational,Settlement API,Portal,KYC Ops,Resolved,0.33,9.44,No,17,Yes
TKT0003502,2025-07-10 20:19:00,2025-07-11 10:03:03,CUST00216,P4,Payment Failure,Technical,KYC Service,Chat,Payments Ops,Resolved,1.38,13.73,No,18,No
TKT0003503,2025-09-13 06:34:00,2025-09-15 13:03:20,CUST00320,P4,KYC,Technical,KYC Service,Email,Payments Ops,Resolved,1.09,54.49,No,2,Yes
TKT0003504,2025-08-16 10:17:00,2025-08-20 08:09:56,CUST01934,P4,Refund,Technical,Settlement API,Chat,L1 Support,Resolved,0.74,93.88,No,8,Yes
TKT0003505,2025-08-24 01:44:00,2025-08-24 12:08:55,CUST00944,P3,Settlement,Technical,Payments,Phone,KYC Ops,Resolved,0.52,10.42,No,12,No
TKT0003506,2025-10-03 22:45:00,2025-10-04 15:20:28,CUST00743,P3,Payment Failure,Technical,KYC Service,Email,KYC Ops,Resolved,0.48,16.59,No,10,No
TKT0003507,2025-04-09 17:41:00,2025-04-10 14:02:24,CUST02743,P3,Settlement,General,KYC Service,Portal,Payments Ops,Resolved,1.12,20.36,No,8,No
TKT0003508,2025-06-19 06:10:00,2025-06-21 18:26:54,CUST01999,P4,KYC,Technical,Merchant Portal,Phone,Engineering,Resolved,0.44,60.28,No,10,Yes
TKT0003509,2025-04-24 01:29:00,2025-04-26 18:22:49,CUST01453,P3,API,Operational,Payments,Phone,Payments Ops,Resolved,2.02,64.9,No,4,Yes
TKT0003510,2025-05-26 21:54:00,2025-05-27 08:32:41,CUST01760,P3,KYC,General,Settlement API,Portal,Payments Ops,Resolved,0.14,10.64,No,17,No
TKT0003511,2025-08-06 02:23:00,2025-08-06 13:53:35,CUST02590,P3,Login,Operational,Merchant Portal,Chat,Engineering,Resolved,0.84,11.51,No,4,No
TKT0003512,2025-04-04 09:22:00,2025-04-05 05:31:54,CUST02655,P4,Settlement,Operational,KYC Service,Phone,Payments Ops,Resolved,0.53,20.17,No,6,No
TKT0003513,2025-01-25 00:46:00,2025-01-26 08:58:38,CUST02041,P3,API,Technical,Payments,Portal,Payments Ops,Resolved,0.7,32.21,No,29,Yes
TKT0003514,2025-09-23 15:48:00,2025-09-25 00:55:28,CUST01454,P4,Payment Failure,Technical,Settlement API,Portal,L2 Support,Resolved,1.25,33.12,No,3,No
TKT0003515,2025-11-13 12:06:00,2025-11-14 01:49:26,CUST02787,P3,API,General,Payments,Chat,Payments Ops,Resolved,2.52,13.72,No,2,No
TKT0003516,2025-05-04 19:37:00,2025-05-07 17:32:40,CUST02015,P4,Login,Technical,Payments,Portal,L1 Support,Resolved,1.25,69.93,No,4,Yes
TKT0003517,2025-05-22 16:17:00,2025-05-22 23:26:55,CUST01652,P3,Payment Failure,General,Payments,Portal,L2 Support,Resolved,2.21,7.17,No,3,No
TKT0003518,2025-12-15 19:18:00,2025-12-19 03:31:09,CUST01879,P3,Refund,General,Settlement API,Phone,KYC Ops,Resolved,2.3,80.22,No,1,Yes
TKT0003519,2025-08-17 23:01:00,2025-08-20 04:26:22,CUST01341,P4,Payment Failure,General,Wallet,Email,Payments Ops,Resolved,1.06,53.42,No,3,Yes
TKT0003520,2025-01-29 17:39:00,2025-02-01 11:58:41,CUST01347,P4,API,General,Merchant Portal,Phone,Engineering,Resolved,0.52,66.33,No,2,Yes
TKT0003521,2025-08-19 04:38:00,2025-08-19 09:55:27,CUST01631,P2,API,Technical,Settlement API,Email,L1 Support,Resolved,0.79,5.29,Yes,17,No
TKT0003522,2025-09-17 16:49:00,2025-09-22 04:42:28,CUST01346,P4,API,Operational,Settlement API,Email,KYC Ops,Resolved,0.37,107.89,No,2,Yes
TKT0003523,2025-06-28 05:54:00,2025-06-28 13:53:29,CUST02760,P3,Login,Operational,Settlement API,Email,L1 Support,Resolved,0.65,7.99,No,15,No
TKT0003524,2025-04-26 19:16:00,2025-04-29 22:51:10,CUST00958,P4,API,General,Merchant Portal,Chat,Payments Ops,Resolved,3.4,75.59,No,12,Yes
TKT0003525,2025-10-04 17:25:00,2025-10-05 04:31:40,CUST02677,P3,API,Operational,Merchant Portal,Portal,L2 Support,Resolved,1.57,11.11,No,2,No
TKT0003526,2025-06-20 10:48:00,2025-06-21 13:31:53,CUST01055,P3,Payment Failure,Operational,Settlement API,Phone,Payments Ops,Resolved,1.12,26.73,No,70,Yes
TKT0003527,2025-08-16 09:38:00,2025-08-16 12:09:17,CUST00574,P1,Refund,Technical,KYC Service,Chat,Payments Ops,Resolved,1.26,2.52,No,52,No
TKT0003528,2025-08-13 10:33:00,2025-08-15 03:01:45,CUST02650,P4,API,General,Merchant Portal,Email,L1 Support,Resolved,0.38,40.48,No,21,No
TKT0003529,2025-05-10 04:38:00,2025-05-11 03:12:54,CUST01808,P4,Settlement,Operational,Wallet,Email,L2 Support,Resolved,0.41,22.58,No,14,No
TKT0003530,2025-05-29 05:36:00,2025-05-29 21:10:50,CUST01328,P3,Settlement,General,Wallet,Portal,L1 Support,Resolved,0.35,15.58,No,15,No
TKT0003531,2025-07-26 18:56:00,2025-07-27 01:46:59,CUST02697,P2,Refund,General,Payments,Chat,Engineering,Resolved,0.44,6.85,No,12,No
TKT0003532,2025-11-03 08:53:00,2025-11-04 10:40:09,CUST00573,P4,KYC,General,Merchant Portal,Phone,L1 Support,Resolved,1.31,25.79,No,12,No
TKT0003533,2025-01-16 14:53:00,2025-01-17 15:06:06,CUST02518,P3,Refund,Technical,Settlement API,Chat,L2 Support,Resolved,1.32,24.22,No,10,Yes
TKT0003534,2025-06-03 06:33:00,2025-06-03 12:09:09,CUST01803,P3,Login,Technical,Merchant Portal,Chat,Payments Ops,Resolved,0.47,5.6,No,39,No
TKT0003535,2025-05-22 02:34:00,2025-05-23 07:46:09,CUST00381,P3,Payment Failure,General,Merchant Portal,Chat,Engineering,Resolved,0.61,29.2,No,10,Yes
TKT0003536,2025-06-27 10:37:00,2025-06-27 23:29:19,CUST01438,P3,Payment Failure,Operational,Settlement API,Phone,KYC Ops,Resolved,0.31,12.87,No,6,No
TKT0003537,2025-01-19 22:24:00,2025-01-20 12:15:26,CUST01376,P3,Settlement,General,Settlement API,Phone,Engineering,Resolved,0.86,13.86,No,12,No
TKT0003538,2025-10-15 05:55:00,2025-10-17 18:38:12,CUST01272,P3,API,General,Wallet,Email,Payments Ops,Resolved,0.64,60.72,No,34,Yes
TKT0003539,2025-04-29 00:18:00,2025-04-30 08:49:08,CUST01199,P3,KYC,Operational,Merchant Portal,Phone,KYC Ops,Resolved,2.13,32.52,No,3,Yes
TKT0003540,2025-09-23 12:24:00,2025-09-23 17:59:27,CUST01879,P2,Refund,Technical,Wallet,Chat,KYC Ops,Resolved,1.23,5.59,Yes,1,No
TKT0003541,2025-02-24 07:17:00,2025-02-25 02:46:26,CUST02473,P3,Settlement,Operational,Settlement API,Portal,Engineering,Resolved,1.94,19.49,No,2,No
TKT0003542,2025-09-18 09:30:00,2025-09-18 12:11:00,CUST01938,P2,Payment Failure,Technical,Settlement API,Portal,Payments Ops,Resolved,0.5,2.68,No,3,No
TKT0003543,2025-01-07 12:58:00,2025-01-08 01:14:06,CUST01467,P4,Payment Failure,Operational,Merchant Portal,Portal,Payments Ops,Resolved,0.73,12.27,No,32,No
TKT0003544,2025-09-18 18:01:00,2025-09-20 00:40:22,CUST01233,P4,Payment Failure,General,Settlement API,Portal,L1 Support,Resolved,0.66,30.66,No,6,No
TKT0003545,2025-06-22 06:18:00,2025-06-24 02:08:17,CUST02444,P4,Login,General,Settlement API,Email,Payments Ops,Resolved,0.74,43.84,No,25,No
TKT0003546,2025-02-05 08:46:00,2025-02-05 15:53:21,CUST02177,P2,Settlement,General,Merchant Portal,Phone,Engineering,Resolved,0.62,7.12,No,1,No
TKT0003547,2025-09-28 12:08:00,2025-09-29 00:55:01,CUST01393,P3,KYC,Operational,Wallet,Portal,L2 Support,Resolved,0.28,12.78,No,14,No
TKT0003548,2025-10-18 02:09:00,2025-10-18 22:15:52,CUST01516,P3,Settlement,General,Merchant Portal,Email,L1 Support,Resolved,3.37,20.11,No,2,No
TKT0003549,2025-01-24 08:29:00,2025-01-25 04:37:50,CUST00102,P3,Login,Operational,KYC Service,Phone,Payments Ops,Resolved,0.67,20.15,No,3,No
TKT0003550,2025-11-03 03:48:00,2025-11-03 13:48:44,CUST02990,P3,Refund,General,Merchant Portal,Email,L1 Support,Resolved,1.72,10.01,No,10,No
TKT0003551,2025-05-06 21:56:00,2025-05-07 10:54:52,CUST01824,P3,API,Technical,Wallet,Portal,L1 Support,Resolved,1.36,12.98,No,18,No
TKT0003552,2025-07-26 23:52:00,2025-07-27 21:18:57,CUST02739,P4,Payment Failure,Technical,Settlement API,Portal,KYC Ops,Resolved,1.56,21.45,No,5,No
TKT0003553,2025-10-01 06:41:00,2025-10-01 09:08:31,CUST01649,P1,Payment Failure,Operational,KYC Service,Portal,L2 Support,Resolved,0.1,2.46,No,66,No
TKT0003554,2025-02-05 11:21:00,2025-02-06 11:35:49,CUST02013,P3,Refund,General,Merchant Portal,Email,L1 Support,Resolved,1.09,24.25,No,5,Yes
TKT0003555,2025-02-05 23:35:00,2025-02-06 21:19:55,CUST02200,P4,Payment Failure,Technical,Wallet,Phone,L2 Support,Resolved,1.73,21.75,No,6,No
TKT0003556,2025-08-29 21:30:00,2025-09-01 23:15:01,CUST02700,P4,Payment Failure,General,Wallet,Email,Payments Ops,Resolved,1.34,73.75,No,1,Yes
TKT0003557,2025-02-24 09:04:00,2025-02-24 12:20:26,CUST02417,P1,Payment Failure,General,Settlement API,Email,KYC Ops,Resolved,0.79,3.27,No,23,No
TKT0003558,2025-06-02 09:23:00,2025-06-03 23:46:16,CUST00487,P4,Refund,General,Payments,Phone,Payments Ops,Resolved,0.36,38.39,No,68,No
TKT0003559,2025-12-28 04:57:00,2025-12-30 07:56:01,CUST02898,P4,API,Operational,Payments,Portal,Engineering,Resolved,0.53,50.98,Yes,2,Yes
TKT0003560,2025-01-21 11:39:00,2025-01-21 20:37:19,CUST00207,P3,Login,General,Wallet,Email,L1 Support,Resolved,0.4,8.97,No,8,No
TKT0003561,2025-09-17 22:52:00,2025-09-18 02:29:40,CUST02830,P1,Login,Technical,Settlement API,Chat,KYC Ops,Resolved,0.4,3.63,Yes,28,No
TKT0003562,2025-09-23 22:56:00,2025-09-24 00:06:43,CUST01100,P1,Refund,Operational,Payments,Email,Engineering,Resolved,0.93,1.18,No,40,No
TKT0003563,2025-04-18 10:30:00,2025-04-19 14:17:09,CUST00222,P4,Payment Failure,Technical,Settlement API,Portal,Engineering,Resolved,0.24,27.79,No,15,No
TKT0003564,2025-06-15 21:33:00,2025-06-16 16:12:32,CUST00417,P3,Refund,Technical,Settlement API,Chat,Engineering,Resolved,0.09,18.66,No,17,No
TKT0003565,2025-06-07 06:20:00,2025-06-07 15:37:30,CUST01322,P3,Login,Technical,Settlement API,Phone,KYC Ops,Resolved,3.27,9.29,No,9,No
TKT0003566,2025-09-02 18:00:00,2025-09-03 04:49:24,CUST01129,P3,KYC,Technical,Wallet,Phone,Engineering,Resolved,0.34,10.82,Yes,22,No
TKT0003567,2025-11-03 06:15:00,2025-11-04 03:24:24,CUST02529,P3,Refund,Technical,Wallet,Portal,L1 Support,Resolved,2.78,21.16,No,20,No
TKT0003568,2025-12-09 01:18:00,2025-12-09 18:26:32,CUST00041,P3,API,General,Payments,Email,L1 Support,Resolved,0.57,17.14,No,9,No
TKT0003569,2025-09-14 12:25:00,2025-09-15 03:36:34,CUST00281,P3,API,Technical,Payments,Email,L2 Support,Resolved,0.46,15.19,No,10,No
TKT0003570,2025-01-26 16:32:00,2025-01-26 23:47:52,CUST02820,P2,Settlement,General,Wallet,Phone,L2 Support,Resolved,0.71,7.26,No,5,No
TKT0003571,2025-03-30 00:49:00,2025-03-30 05:35:34,CUST00519,P2,KYC,Operational,KYC Service,Phone,L2 Support,Resolved,0.65,4.78,Yes,6,No
TKT0003572,2025-01-16 08:27:00,2025-01-18 21:28:17,CUST02303,P3,Payment Failure,Technical,Wallet,Portal,KYC Ops,Resolved,0.48,61.02,No,24,Yes
TKT0003573,2025-11-23 07:24:00,2025-11-23 20:41:31,CUST02991,P3,Settlement,General,Settlement API,Chat,Payments Ops,Resolved,1.34,13.29,No,8,No
TKT0003574,2025-03-09 20:50:00,2025-03-10 12:33:33,CUST02270,P4,Settlement,Technical,Payments,Email,L2 Support,Resolved,2.77,15.73,No,9,No
TKT0003575,2025-08-15 22:27:00,2025-08-16 03:56:32,CUST02429,P2,KYC,General,KYC Service,Chat,Payments Ops,Resolved,2.58,5.49,No,44,No
TKT0003576,2025-01-15 14:45:00,2025-01-16 04:36:41,CUST00964,P3,API,General,Payments,Email,Payments Ops,Resolved,3.5,13.86,No,11,No
TKT0003577,2025-03-06 17:02:00,2025-03-07 22:06:54,CUST01036,P3,Payment Failure,Operational,KYC Service,Email,L2 Support,Resolved,0.31,29.08,Yes,5,Yes
TKT0003578,2025-05-20 14:35:00,2025-05-20 18:26:54,CUST02496,P2,KYC,Operational,Merchant Portal,Portal,L1 Support,Resolved,1.31,3.87,No,32,No
TKT0003579,2025-12-02 02:38:00,2025-12-02 19:46:37,CUST00034,P3,Payment Failure,Operational,KYC Service,Portal,L2 Support,Resolved,0.76,17.14,No,32,No
TKT0003580,2025-10-28 09:37:00,2025-10-29 01:04:31,CUST01871,P3,API,Technical,Wallet,Portal,L1 Support,Resolved,1.42,15.46,No,10,No
TKT0003581,2025-05-19 18:38:00,2025-05-23 01:03:54,CUST00643,P4,API,Operational,Settlement API,Phone,L1 Support,Resolved,0.97,78.43,No,41,Yes
TKT0003582,2025-03-06 12:57:00,2025-03-07 06:44:20,CUST01824,P3,Payment Failure,Operational,Payments,Email,Engineering,Resolved,0.66,17.79,No,10,No
TKT0003583,2025-07-27 09:19:00,2025-07-27 17:44:37,CUST01084,P3,Login,General,Wallet,Portal,Engineering,Resolved,0.35,8.43,No,10,No
TKT0003584,2025-04-17 10:44:00,2025-04-19 05:09:12,CUST00920,P4,KYC,General,Settlement API,Email,Engineering,Resolved,0.71,42.42,No,5,No
TKT0003585,2025-04-25 15:11:00,2025-04-28 16:20:51,CUST02064,P4,Refund,General,Payments,Email,KYC Ops,Resolved,0.51,73.16,No,8,Yes
TKT0003586,2025-05-16 21:45:00,2025-05-17 10:17:57,CUST00950,P3,API,General,KYC Service,Email,L1 Support,Resolved,0.44,12.55,No,92,No
TKT0003587,2025-02-06 01:16:00,2025-02-07 09:54:07,CUST00564,P3,KYC,Operational,Merchant Portal,Phone,Payments Ops,Resolved,0.85,32.64,No,3,Yes
TKT0003588,2025-01-19 02:54:00,2025-01-20 06:57:16,CUST00642,P4,Payment Failure,Operational,Settlement API,Portal,L1 Support,Resolved,0.59,28.05,No,4,No
TKT0003589,2025-07-14 23:32:00,2025-07-17 05:56:49,CUST02877,P4,KYC,General,Settlement API,Phone,L2 Support,Resolved,0.88,54.41,Yes,4,Yes
TKT0003590,2025-05-13 23:13:00,2025-05-15 12:42:10,CUST01817,P3,API,General,Merchant Portal,Portal,KYC Ops,Resolved,0.88,37.49,No,7,Yes
TKT0003591,2025-04-03 02:16:00,2025-04-03 15:21:20,CUST00852,P3,Settlement,General,Settlement API,Phone,KYC Ops,Resolved,2.54,13.09,No,2,No
TKT0003592,2025-10-27 21:55:00,2025-10-28 22:40:00,CUST00796,P3,Payment Failure,General,Merchant Portal,Phone,Payments Ops,Resolved,0.67,24.75,No,21,Yes
TKT0003593,2025-07-01 23:22:00,2025-07-02 02:07:51,CUST00411,P2,Login,Operational,Merchant Portal,Phone,Engineering,Resolved,0.65,2.76,No,84,No
TKT0003594,2025-11-30 07:52:00,2025-12-01 22:42:56,CUST00144,P3,Payment Failure,General,Settlement API,Email,KYC Ops,Resolved,0.67,38.85,Yes,8,Yes
TKT0003595,2025-11-01 23:18:00,2025-11-02 13:12:48,CUST02999,P3,Settlement,Technical,Merchant Portal,Phone,KYC Ops,Resolved,0.55,13.91,No,1,No
TKT0003596,2025-10-03 07:48:00,2025-10-03 13:18:43,CUST01109,P2,Payment Failure,Technical,KYC Service,Email,L2 Support,Resolved,2.4,5.51,No,16,No
TKT0003597,2025-12-07 06:58:00,2025-12-07 13:24:43,CUST02430,P2,KYC,General,Merchant Portal,Email,L2 Support,Resolved,3.94,6.45,No,5,No
TKT0003598,2025-10-26 18:21:00,2025-10-27 20:22:39,CUST02764,P3,Login,General,KYC Service,Chat,L1 Support,Resolved,1.63,26.03,No,5,Yes
TKT0003599,2025-05-31 09:05:00,2025-06-02 06:08:00,CUST00428,P4,Payment Failure,Technical,Merchant Portal,Phone,Engineering,Resolved,1.71,45.05,No,25,No
TKT0003600,2025-01-22 11:31:00,2025-01-23 23:18:26,CUST00331,P4,API,Operational,Settlement API,Email,L2 Support,Resolved,0.61,35.79,No,9,No
TKT0003601,2025-12-13 14:53:00,2025-12-14 01:28:50,CUST00167,P3,Payment Failure,General,KYC Service,Chat,KYC Ops,Resolved,1.93,10.6,No,6,No
TKT0003602,2025-08-09 22:27:00,2025-08-11 01:30:02,CUST00271,P3,Payment Failure,General,Merchant Portal,Chat,KYC Ops,Resolved,1.05,27.05,Yes,12,Yes
TKT0003603,2025-07-27 05:09:00,2025-07-29 09:39:34,CUST00528,P4,Refund,Technical,Wallet,Phone,KYC Ops,Resolved,1.28,52.51,No,3,Yes
TKT0003604,2025-11-06 11:23:00,2025-11-07 03:41:12,CUST00303,P4,Refund,General,Merchant Portal,Portal,KYC Ops,Resolved,1.45,16.3,No,7,No
TKT0003605,2025-04-20 07:14:00,2025-04-20 23:42:37,CUST01326,P3,Payment Failure,Technical,Settlement API,Phone,L2 Support,Resolved,0.66,16.48,No,2,No
TKT0003606,2025-07-22 15:31:00,2025-07-24 10:31:11,CUST02388,P3,API,Technical,Wallet,Portal,L2 Support,Resolved,5.58,43.0,Yes,19,Yes
TKT0003607,2025-02-04 06:34:00,2025-02-04 09:24:16,CUST02015,P1,Refund,Operational,Merchant Portal,Email,KYC Ops,Resolved,0.57,2.84,Yes,6,No
TKT0003608,2025-02-03 16:07:00,2025-02-04 06:42:47,CUST01376,P3,Payment Failure,General,Settlement API,Email,Payments Ops,Resolved,0.76,14.6,No,13,No
TKT0003609,2025-10-02 00:29:00,2025-10-02 13:23:09,CUST02784,P3,Payment Failure,Technical,Payments,Phone,Engineering,Resolved,0.9,12.9,No,2,No
TKT0003610,2025-08-06 04:28:00,2025-08-06 12:16:10,CUST01245,P3,API,Operational,KYC Service,Chat,Engineering,Resolved,2.69,7.8,Yes,6,No
TKT0003611,2025-02-18 00:39:00,2025-02-18 02:54:00,CUST02843,P1,KYC,Technical,Merchant Portal,Chat,Payments Ops,Resolved,0.93,2.25,No,54,No
TKT0003612,2025-04-24 08:59:00,2025-04-25 06:35:47,CUST00700,P4,Login,Operational,KYC Service,Email,L2 Support,Resolved,3.0,21.61,No,10,No
TKT0003613,2025-05-06 05:08:00,2025-05-06 21:17:10,CUST01566,P3,KYC,General,Settlement API,Phone,Engineering,Resolved,1.28,16.15,No,74,No
TKT0003614,2025-09-07 21:56:00,2025-09-08 17:23:29,CUST01112,P3,Settlement,Technical,Settlement API,Chat,Engineering,Resolved,0.92,19.46,No,2,No
TKT0003615,2025-03-25 23:00:00,2025-03-26 05:51:32,CUST01539,P3,Login,General,Wallet,Phone,KYC Ops,Resolved,1.73,6.86,No,11,No
TKT0003616,2025-02-20 22:53:00,2025-02-21 17:58:22,CUST00675,P3,Refund,Technical,Payments,Email,Engineering,Resolved,1.17,19.09,No,6,No
TKT0003617,2025-02-06 21:01:00,2025-02-07 03:33:56,CUST01089,P3,Refund,Technical,KYC Service,Phone,KYC Ops,Resolved,1.13,6.55,No,7,No
TKT0003618,2025-08-15 09:59:00,2025-08-15 19:25:43,CUST01987,P2,Settlement,General,KYC Service,Chat,KYC Ops,Resolved,0.55,9.45,No,1,Yes
TKT0003619,2025-10-28 12:56:00,2025-11-01 08:42:51,CUST00216,P4,Refund,General,KYC Service,Chat,Payments Ops,Resolved,0.35,91.78,No,4,Yes
TKT0003620,2025-06-22 23:23:00,2025-06-23 12:33:58,CUST01215,P4,KYC,Technical,Payments,Portal,KYC Ops,Resolved,0.87,13.18,No,20,No
TKT0003621,2025-09-30 18:11:00,2025-10-03 19:53:57,CUST01776,P4,Refund,Operational,Merchant Portal,Portal,Engineering,Resolved,1.51,73.72,No,2,Yes
TKT0003622,2025-02-25 17:57:00,2025-02-26 14:36:15,CUST02260,P4,Login,General,Payments,Chat,L2 Support,Resolved,2.31,20.65,No,1,No
TKT0003623,2025-06-03 07:02:00,2025-06-03 18:12:01,CUST00887,P3,Payment Failure,General,Merchant Portal,Portal,L2 Support,Resolved,1.84,11.17,No,3,No
TKT0003624,2025-02-11 15:08:00,2025-02-12 14:32:26,CUST02194,P4,Refund,Operational,Settlement API,Phone,KYC Ops,Resolved,0.87,23.41,No,3,No
TKT0003625,2025-04-11 19:32:00,2025-04-12 07:22:51,CUST02107,P3,Settlement,Technical,Wallet,Chat,KYC Ops,Resolved,0.16,11.85,No,2,No
TKT0003626,2025-01-28 20:00:00,2025-01-30 02:13:25,CUST02217,P3,Settlement,General,Merchant Portal,Phone,Engineering,Resolved,0.59,30.22,No,12,Yes
TKT0003627,2025-10-14 06:14:00,2025-10-15 20:05:44,CUST00329,P4,Refund,Operational,KYC Service,Phone,Payments Ops,Resolved,0.82,37.86,No,10,No
TKT0003628,2025-02-20 10:55:00,2025-02-21 03:40:44,CUST01785,P3,Payment Failure,Operational,KYC Service,Phone,Payments Ops,Resolved,1.21,16.76,No,27,No
TKT0003629,2025-03-05 04:36:00,2025-03-06 11:23:31,CUST01846,P4,Login,Technical,KYC Service,Chat,L1 Support,Resolved,3.42,30.79,No,10,No
TKT0003630,2025-03-02 01:58:00,2025-03-02 07:51:35,CUST00175,P2,Settlement,Technical,Merchant Portal,Chat,Engineering,Resolved,2.75,5.89,No,15,No
TKT0003631,2025-07-24 02:47:00,2025-07-25 11:11:19,CUST01555,P3,Payment Failure,Operational,Settlement API,Chat,Payments Ops,Resolved,0.75,32.41,Yes,9,Yes
TKT0003632,2025-09-06 18:12:00,2025-09-07 21:05:46,CUST02520,P3,Settlement,General,Wallet,Portal,Engineering,Resolved,10.45,26.9,No,34,Yes
TKT0003633,2025-10-05 03:24:00,2025-10-06 05:20:12,CUST00835,P4,Login,Technical,KYC Service,Portal,L1 Support,Resolved,0.82,25.94,Yes,1,No
TKT0003634,2025-02-23 06:40:00,2025-02-23 09:42:44,CUST02607,P2,Refund,Technical,Wallet,Phone,L2 Support,Resolved,1.4,3.05,No,10,No
TKT0003635,2025-09-09 15:02:00,2025-09-10 12:08:37,CUST00254,P3,API,Operational,Merchant Portal,Phone,L1 Support,Resolved,0.17,21.11,No,17,No
TKT0003636,2025-01-01 03:27:00,2025-01-01 17:45:48,CUST00754,P3,Payment Failure,Technical,Wallet,Phone,L2 Support,Resolved,0.7,14.31,No,2,No
TKT0003637,2025-03-26 06:52:00,2025-03-28 01:10:06,CUST01838,P4,KYC,Technical,Payments,Email,KYC Ops,Resolved,0.72,42.3,No,46,No
TKT0003638,2025-03-02 04:03:00,2025-03-02 10:24:01,CUST01342,P2,KYC,Operational,Settlement API,Email,Payments Ops,Resolved,1.11,6.35,Yes,8,No
TKT0003639,2025-06-12 11:03:00,2025-06-13 23:41:02,CUST00496,P3,Settlement,Technical,Merchant Portal,Phone,KYC Ops,Resolved,0.55,36.63,No,21,Yes
TKT0003640,2025-09-06 23:46:00,2025-09-07 10:10:59,CUST00546,P3,Payment Failure,Technical,KYC Service,Chat,L1 Support,Resolved,4.11,10.42,No,7,No
TKT0003641,2025-12-05 11:36:00,2025-12-08 05:40:31,CUST00823,P4,Settlement,General,Wallet,Chat,Engineering,Resolved,1.2,66.08,No,2,Yes
TKT0003642,2025-07-23 04:54:00,2025-07-23 21:41:48,CUST02011,P4,KYC,Technical,Merchant Portal,Chat,L2 Support,Resolved,0.51,16.8,No,8,No
TKT0003643,2025-04-13 02:07:00,2025-04-13 09:41:18,CUST01949,P2,Payment Failure,Technical,Settlement API,Portal,Engineering,Resolved,1.39,7.57,No,16,No
TKT0003644,2025-09-25 04:23:00,2025-09-26 01:32:19,CUST02405,P4,Login,Technical,Payments,Email,L1 Support,Resolved,1.53,21.16,No,7,No
TKT0003645,2025-10-18 12:37:00,2025-10-18 18:17:30,CUST01724,P2,Login,General,Payments,Chat,L2 Support,Resolved,8.15,5.68,Yes,6,No
TKT0003646,2025-08-09 19:27:00,2025-08-10 21:55:52,CUST02434,P3,Settlement,General,Settlement API,Portal,Payments Ops,Resolved,0.58,26.48,No,5,Yes
TKT0003647,2025-01-03 10:54:00,2025-01-06 11:06:26,CUST02365,P4,API,General,KYC Service,Chat,L1 Support,Resolved,2.83,72.21,No,5,Yes
TKT0003648,2025-03-05 07:05:00,2025-03-07 07:09:09,CUST00249,P4,API,Technical,Merchant Portal,Portal,L2 Support,Resolved,4.69,48.07,No,6,Yes
TKT0003649,2025-06-06 17:36:00,2025-06-07 16:41:34,CUST02238,P4,Login,Technical,Payments,Phone,Engineering,Resolved,0.67,23.09,No,15,No
TKT0003650,2025-09-19 05:34:00,2025-09-19 20:25:30,CUST02888,P4,KYC,General,Payments,Email,L2 Support,Resolved,0.89,14.86,No,54,No
TKT0003651,2025-12-12 07:39:00,2025-12-14 09:18:17,CUST01060,P4,API,General,Settlement API,Portal,L1 Support,Resolved,1.11,49.65,No,1,Yes
TKT0003652,2025-10-19 23:14:00,2025-10-20 16:29:20,CUST00498,P3,Settlement,Technical,Payments,Phone,L1 Support,Resolved,0.35,17.26,Yes,2,No
TKT0003653,2025-11-16 17:19:00,2025-11-17 11:56:18,CUST00898,P3,Payment Failure,Technical,Wallet,Portal,KYC Ops,Resolved,0.26,18.62,No,2,No
TKT0003654,2025-07-06 23:09:00,2025-07-07 00:50:57,CUST02063,P1,API,General,Merchant Portal,Portal,L1 Support,Resolved,0.67,1.7,Yes,56,No
TKT0003655,2025-10-28 23:06:00,2025-10-29 04:37:36,CUST01665,P3,KYC,Technical,Merchant Portal,Email,L1 Support,Resolved,1.01,5.53,No,2,No
TKT0003656,2025-05-18 21:51:00,2025-05-19 22:43:13,CUST00254,P3,Refund,Technical,KYC Service,Portal,Engineering,Resolved,0.87,24.87,No,27,Yes
TKT0003657,2025-05-19 12:20:00,2025-05-20 18:21:01,CUST00118,P4,Refund,Operational,Settlement API,Email,L1 Support,Resolved,0.5,30.02,No,16,No
TKT0003658,2025-05-23 08:49:00,2025-05-24 00:08:19,CUST01267,P3,Payment Failure,Technical,Payments,Chat,L2 Support,Resolved,1.12,15.32,No,8,No
TKT0003659,2025-06-27 01:17:00,2025-06-27 04:06:26,CUST01101,P2,Refund,Technical,Wallet,Chat,KYC Ops,Resolved,0.96,2.82,No,100,No
TKT0003660,2025-08-17 04:21:00,2025-08-18 07:03:42,CUST02781,P3,Settlement,Technical,Settlement API,Chat,L2 Support,Resolved,2.41,26.71,No,26,Yes
TKT0003661,2025-04-07 06:13:00,2025-04-09 06:33:32,CUST02656,P3,KYC,Operational,Settlement API,Chat,Payments Ops,Resolved,0.42,48.34,No,3,Yes
TKT0003662,2025-01-31 15:28:00,2025-01-31 19:14:13,CUST02366,P1,Login,Technical,KYC Service,Portal,KYC Ops,Resolved,0.76,3.77,Yes,25,No
TKT0003663,2025-01-11 14:06:00,2025-01-11 21:38:04,CUST01847,P2,KYC,Technical,Wallet,Chat,KYC Ops,Resolved,0.62,7.53,No,1,No
TKT0003664,2025-08-04 01:23:00,2025-08-04 06:11:25,CUST00798,P2,KYC,General,KYC Service,Chat,L2 Support,Resolved,0.84,4.81,No,1,No
TKT0003665,2025-12-31 01:24:00,2026-01-01 07:08:34,CUST00933,P4,Settlement,Technical,KYC Service,Email,Engineering,Resolved,0.65,29.74,No,5,No
TKT0003666,2025-05-26 20:48:00,2025-05-28 21:38:58,CUST01484,P4,Settlement,General,Settlement API,Chat,Engineering,Resolved,1.48,48.85,No,3,Yes
TKT0003667,2025-05-25 09:13:00,2025-05-26 03:28:10,CUST00434,P4,Payment Failure,General,Merchant Portal,Email,Payments Ops,Resolved,0.54,18.25,No,14,No
TKT0003668,2025-11-19 23:55:00,2025-11-20 03:34:00,CUST00340,P3,Settlement,Technical,Wallet,Phone,L1 Support,Resolved,0.12,3.65,No,31,No
TKT0003669,2025-04-14 19:58:00,2025-04-15 11:54:43,CUST02868,P3,Login,General,KYC Service,Phone,Payments Ops,Resolved,0.91,15.95,No,11,No
TKT0003670,2025-04-20 19:31:00,2025-04-21 20:14:00,CUST02113,P3,Login,General,Settlement API,Email,Engineering,Resolved,0.61,24.72,No,31,Yes
TKT0003671,2025-08-05 03:47:00,2025-08-06 02:37:13,CUST00531,P4,Payment Failure,Operational,Merchant Portal,Email,Engineering,Resolved,2.4,22.84,No,4,No
TKT0003672,2025-08-01 08:56:00,2025-08-02 01:42:20,CUST01509,P3,Login,General,Merchant Portal,Phone,L2 Support,Resolved,0.7,16.77,No,21,No
TKT0003673,2025-04-24 00:28:00,2025-04-24 10:23:53,CUST00905,P3,Login,General,KYC Service,Phone,L2 Support,Resolved,1.43,9.93,Yes,6,No
TKT0003674,2025-02-11 11:28:00,2025-02-13 09:14:27,CUST00947,P3,Settlement,Technical,Wallet,Email,L2 Support,Resolved,1.2,45.77,No,5,Yes
TKT0003675,2025-05-17 11:51:00,2025-05-18 03:43:50,CUST02348,P4,Payment Failure,Technical,Settlement API,Portal,Payments Ops,Resolved,1.32,15.88,No,5,No
TKT0003676,2025-07-03 04:31:00,2025-07-03 16:33:21,CUST01406,P3,Refund,Technical,KYC Service,Chat,L2 Support,Resolved,0.89,12.04,Yes,9,No
TKT0003677,2025-05-14 07:44:00,2025-05-15 11:15:55,CUST01001,P3,Payment Failure,Operational,Merchant Portal,Portal,KYC Ops,Resolved,0.3,27.53,No,8,Yes
TKT0003678,2025-11-15 23:12:00,2025-11-17 07:41:35,CUST02264,P4,API,General,Settlement API,Phone,L1 Support,Resolved,0.19,32.49,No,23,No
TKT0003679,2025-03-17 17:38:00,2025-03-18 18:56:49,CUST02382,P4,Payment Failure,General,Merchant Portal,Chat,L1 Support,Resolved,0.33,25.31,No,3,No
TKT0003680,2025-08-26 18:15:00,2025-08-26 23:15:39,CUST01973,P2,API,General,Merchant Portal,Phone,KYC Ops,Resolved,0.35,5.01,No,7,No
TKT0003681,2025-04-17 20:36:00,2025-04-19 00:51:03,CUST00420,P4,Payment Failure,Technical,Wallet,Portal,Payments Ops,Resolved,0.26,28.25,No,16,No
TKT0003682,2025-12-04 06:29:00,2025-12-04 13:59:14,CUST00223,P3,Payment Failure,Technical,Settlement API,Phone,L1 Support,Resolved,0.58,7.5,No,17,No
TKT0003683,2025-05-20 20:25:00,2025-05-21 07:04:12,CUST00463,P3,KYC,Technical,Payments,Phone,L2 Support,Resolved,1.46,10.65,No,14,No
TKT0003684,2025-06-02 11:22:00,2025-06-02 15:09:08,CUST00873,P2,Settlement,General,Merchant Portal,Email,KYC Ops,Resolved,0.72,3.79,No,14,No
TKT0003685,2025-12-26 10:50:00,2025-12-26 16:37:22,CUST02492,P3,Settlement,General,KYC Service,Phone,Engineering,Resolved,0.32,5.79,Yes,30,No
TKT0003686,2025-05-05 10:15:00,2025-05-05 18:15:04,CUST02963,P2,Payment Failure,Operational,Merchant Portal,Chat,Engineering,Resolved,2.58,8.0,No,9,Yes
TKT0003687,2025-06-07 05:18:00,2025-06-08 12:14:24,CUST01558,P4,Payment Failure,Operational,KYC Service,Email,Payments Ops,Resolved,5.78,30.94,No,8,No
TKT0003688,2025-11-08 22:32:00,2025-11-09 04:19:52,CUST00481,P2,Refund,Technical,Settlement API,Phone,KYC Ops,Resolved,1.1,5.8,No,14,No
TKT0003689,2025-11-14 04:44:00,2025-11-16 03:00:41,CUST02441,P3,Refund,Operational,Merchant Portal,Chat,Engineering,Resolved,0.3,46.28,No,7,Yes
TKT0003690,2025-07-25 08:53:00,2025-07-25 12:43:26,CUST02735,P2,Settlement,General,KYC Service,Portal,L1 Support,Resolved,0.22,3.84,No,23,No
TKT0003691,2025-03-24 20:31:00,2025-03-25 06:43:45,CUST01504,P3,Login,Technical,Merchant Portal,Portal,L2 Support,Resolved,1.45,10.21,No,29,No
TKT0003692,2025-10-25 00:28:00,2025-10-25 07:08:38,CUST00787,P2,API,General,Settlement API,Email,L2 Support,Resolved,1.65,6.68,No,13,No
TKT0003693,2025-10-01 01:15:00,2025-10-01 20:38:42,CUST02812,P3,Login,Technical,Merchant Portal,Phone,KYC Ops,Resolved,0.77,19.4,No,6,No
TKT0003694,2025-09-18 14:51:00,2025-09-19 18:27:54,CUST00610,P4,Payment Failure,Operational,KYC Service,Email,L1 Support,Resolved,0.65,27.62,No,5,No
TKT0003695,2025-06-23 01:14:00,2025-06-24 19:25:56,CUST02572,P3,Refund,Operational,Wallet,Portal,L2 Support,Resolved,1.25,42.2,No,3,Yes
TKT0003696,2025-02-05 19:32:00,2025-02-06 07:39:19,CUST02057,P3,Settlement,General,Settlement API,Chat,Payments Ops,Resolved,0.47,12.12,No,8,No
TKT0003697,2025-07-06 18:16:00,2025-07-07 06:11:34,CUST01774,P3,Settlement,Operational,Settlement API,Phone,Payments Ops,Resolved,0.64,11.93,No,15,No
TKT0003698,2025-01-24 06:16:00,2025-01-26 03:38:40,CUST01343,P3,API,General,Merchant Portal,Portal,L2 Support,Resolved,1.4,45.38,Yes,4,Yes
TKT0003699,2025-10-08 07:26:00,2025-10-11 01:21:34,CUST01202,P4,Login,General,Wallet,Portal,L1 Support,Resolved,0.62,65.93,No,23,Yes
TKT0003700,2025-10-26 12:42:00,2025-10-26 18:45:04,CUST01393,P2,Payment Failure,Operational,Wallet,Phone,Payments Ops,Resolved,0.9,6.05,No,3,No
TKT0003701,2025-03-17 23:57:00,2025-03-18 10:15:04,CUST00899,P2,Payment Failure,General,Payments,Email,L2 Support,Resolved,0.44,10.3,Yes,1,Yes
TKT0003702,2025-09-03 05:26:00,2025-09-03 16:57:57,CUST00991,P3,KYC,Operational,Settlement API,Email,L2 Support,Resolved,2.78,11.53,No,35,No
TKT0003703,2025-04-04 11:34:00,2025-04-04 20:12:21,CUST01191,P3,KYC,Technical,KYC Service,Chat,L2 Support,Resolved,1.04,8.64,No,10,No
TKT0003704,2025-07-09 21:06:00,2025-07-10 14:05:30,CUST00464,P3,KYC,Technical,KYC Service,Phone,KYC Ops,Resolved,1.29,16.99,No,13,No
TKT0003705,2025-03-28 14:29:00,2025-03-29 06:02:52,CUST00189,P4,API,General,KYC Service,Email,Payments Ops,Resolved,0.22,15.56,No,5,No
TKT0003706,2025-01-24 20:14:00,2025-01-26 13:32:30,CUST01710,P4,API,Operational,Merchant Portal,Portal,KYC Ops,Resolved,0.77,41.31,No,2,No
TKT0003707,2025-04-16 19:35:00,2025-04-17 22:05:57,CUST01259,P4,Payment Failure,Operational,KYC Service,Email,L1 Support,Resolved,0.4,26.52,No,5,No
TKT0003708,2025-06-12 23:11:00,2025-06-15 02:43:08,CUST01394,P4,Payment Failure,Operational,Merchant Portal,Phone,L1 Support,Resolved,0.4,51.54,No,25,Yes
TKT0003709,2025-06-28 14:37:00,2025-06-29 21:08:21,CUST00763,P3,API,Technical,Wallet,Email,Payments Ops,Resolved,0.39,30.52,No,4,Yes
TKT0003710,2025-08-26 03:36:00,2025-08-26 16:22:06,CUST00462,P2,Refund,Operational,Merchant Portal,Phone,Payments Ops,Resolved,0.28,12.77,Yes,9,Yes
TKT0003711,2025-09-04 12:20:00,2025-09-07 03:00:56,CUST00489,P3,Refund,Technical,Merchant Portal,Email,L1 Support,Resolved,1.43,62.68,No,5,Yes
TKT0003712,2025-07-28 16:20:00,2025-07-29 18:22:30,CUST02908,P3,Settlement,Technical,Settlement API,Portal,L1 Support,Resolved,2.03,26.04,No,4,Yes
TKT0003713,2025-09-26 16:38:00,2025-09-27 03:59:01,CUST01023,P2,Login,Operational,Merchant Portal,Portal,L2 Support,Resolved,0.27,11.35,No,3,Yes
TKT0003714,2025-08-01 02:14:00,2025-08-01 14:55:27,CUST01324,P3,Refund,Operational,Wallet,Email,Engineering,Resolved,0.71,12.69,No,8,No
TKT0003715,2025-05-05 16:05:00,2025-05-06 01:29:13,CUST02945,P3,KYC,Operational,Wallet,Phone,L2 Support,Resolved,0.57,9.4,No,5,No
TKT0003716,2025-03-08 20:27:00,2025-03-09 01:15:54,CUST02565,P2,KYC,General,KYC Service,Email,KYC Ops,Resolved,0.46,4.82,No,10,No
TKT0003717,2025-05-25 05:50:00,2025-05-26 10:41:34,CUST02117,P3,API,General,Payments,Chat,L1 Support,Resolved,0.06,28.86,No,2,Yes
TKT0003718,2025-04-01 04:23:00,2025-04-01 07:05:37,CUST02287,P1,KYC,Operational,Wallet,Phone,Engineering,Resolved,0.65,2.71,No,9,No
TKT0003719,2025-01-15 08:30:00,2025-01-16 11:48:21,CUST02014,P4,Payment Failure,General,Merchant Portal,Email,Engineering,Resolved,0.08,27.31,No,10,No
TKT0003720,2025-01-25 13:33:00,2025-01-26 17:23:03,CUST01214,P3,KYC,General,Settlement API,Chat,Engineering,Resolved,1.18,27.83,No,12,Yes
TKT0003721,2025-07-16 03:22:00,2025-07-16 18:56:40,CUST02581,P3,API,General,Settlement API,Chat,KYC Ops,Resolved,3.01,15.58,No,4,No
TKT0003722,2025-03-13 01:57:00,2025-03-13 04:01:49,CUST02274,P1,Login,Operational,Merchant Portal,Portal,L1 Support,Resolved,3.65,2.08,No,10,No
TKT0003723,2025-04-20 16:41:00,2025-04-21 05:33:37,CUST02171,P3,Payment Failure,General,Wallet,Phone,L1 Support,Resolved,1.75,12.88,No,12,No
TKT0003724,2025-04-06 15:18:00,2025-04-09 02:18:16,CUST01492,P4,API,Technical,Settlement API,Chat,L2 Support,Resolved,0.48,59.0,No,4,Yes
TKT0003725,2025-02-21 19:36:00,2025-02-22 06:25:45,CUST02992,P3,Payment Failure,General,Settlement API,Email,KYC Ops,Resolved,4.05,10.83,No,8,No
TKT0003726,2025-10-13 12:43:00,2025-10-14 19:17:16,CUST01269,P4,Refund,Technical,Payments,Phone,L1 Support,Resolved,1.08,30.57,No,7,No
TKT0003727,2025-11-15 09:20:00,2025-11-15 18:31:40,CUST01874,P3,Settlement,Operational,Settlement API,Portal,Engineering,Resolved,1.07,9.19,No,2,No
TKT0003728,2025-01-07 01:30:00,2025-01-08 09:38:13,CUST00285,P4,Login,Technical,Wallet,Portal,Engineering,Resolved,0.19,32.14,No,40,No
TKT0003729,2025-09-13 16:57:00,2025-09-14 17:48:40,CUST02892,P4,Payment Failure,Technical,Merchant Portal,Phone,L2 Support,Resolved,0.37,24.86,No,4,No
TKT0003730,2025-02-11 20:01:00,2025-02-12 16:50:10,CUST02118,P4,Settlement,Operational,Wallet,Chat,L2 Support,Resolved,2.29,20.82,No,19,No
TKT0003731,2025-09-15 21:29:00,2025-09-18 13:43:26,CUST00794,P4,API,Operational,Wallet,Phone,KYC Ops,Resolved,1.54,64.24,No,4,Yes
TKT0003732,2025-06-16 18:39:00,2025-06-18 16:57:48,CUST00471,P4,API,Technical,Payments,Chat,Payments Ops,Resolved,0.93,46.31,No,10,No
TKT0003733,2025-09-02 00:27:00,2025-09-03 04:40:04,CUST02867,P3,KYC,Technical,Merchant Portal,Email,KYC Ops,Resolved,1.26,28.22,No,20,Yes
TKT0003734,2025-05-29 03:12:00,2025-05-29 15:47:44,CUST02212,P4,KYC,Operational,Merchant Portal,Email,KYC Ops,Resolved,0.88,12.6,Yes,12,No
TKT0003735,2025-12-21 06:36:00,2025-12-21 11:37:02,CUST00436,P2,Settlement,Technical,Merchant Portal,Portal,L2 Support,Resolved,1.2,5.02,No,11,No
TKT0003736,2025-11-16 16:26:00,2025-11-16 22:52:20,CUST01884,P3,KYC,Operational,Wallet,Email,Engineering,Resolved,0.42,6.44,No,15,No
TKT0003737,2025-08-25 10:30:00,2025-08-26 14:47:47,CUST01207,P4,Settlement,General,Payments,Portal,Engineering,Resolved,0.54,28.3,No,87,No
TKT0003738,2025-07-23 11:51:00,2025-07-23 15:08:11,CUST02308,P1,Payment Failure,Technical,Settlement API,Phone,L2 Support,Resolved,1.52,3.29,No,7,No
TKT0003739,2025-02-01 07:05:00,2025-02-01 16:37:03,CUST00703,P3,Settlement,Technical,Wallet,Phone,L1 Support,Resolved,0.83,9.53,Yes,3,No
TKT0003740,2025-05-27 10:43:00,2025-05-28 01:35:19,CUST00551,P3,Login,Operational,Payments,Chat,Engineering,Resolved,0.77,14.87,No,4,No
TKT0003741,2025-09-19 17:56:00,2025-09-19 22:53:18,CUST02385,P2,Payment Failure,Operational,Settlement API,Phone,L2 Support,Resolved,1.87,4.96,Yes,10,No
TKT0003742,2025-03-08 18:08:00,2025-03-09 12:42:51,CUST02696,P3,Settlement,General,Settlement API,Chat,L2 Support,Resolved,0.81,18.58,No,3,No
TKT0003743,2025-01-02 02:52:00,2025-01-04 06:30:10,CUST02034,P3,Payment Failure,Operational,Payments,Portal,KYC Ops,Resolved,1.17,51.64,No,5,Yes
TKT0003744,2025-07-01 17:49:00,2025-07-02 10:14:22,CUST02542,P2,Refund,General,KYC Service,Chat,Engineering,Resolved,0.32,16.42,Yes,29,Yes
TKT0003745,2025-01-27 10:43:00,2025-01-27 21:47:18,CUST02785,P3,Settlement,Technical,Merchant Portal,Email,KYC Ops,Resolved,0.25,11.07,No,13,No
TKT0003746,2025-10-28 13:31:00,2025-10-29 00:40:19,CUST00567,P3,Payment Failure,General,KYC Service,Chat,L1 Support,Resolved,0.7,11.16,No,20,No
TKT0003747,2025-10-10 17:34:00,2025-10-11 07:00:21,CUST02665,P2,API,General,Merchant Portal,Portal,KYC Ops,Resolved,0.38,13.44,No,2,Yes
TKT0003748,2025-12-29 04:37:00,2025-12-31 06:46:57,CUST00350,P4,Payment Failure,Technical,Payments,Chat,Engineering,Resolved,2.62,50.17,No,7,Yes
TKT0003749,2025-11-20 09:04:00,2025-11-21 00:23:18,CUST00286,P3,KYC,Technical,Settlement API,Chat,L1 Support,Resolved,4.06,15.32,No,9,No
TKT0003750,2025-04-24 19:54:00,2025-04-25 07:21:37,CUST00584,P4,Payment Failure,Technical,Merchant Portal,Phone,KYC Ops,Resolved,1.07,11.46,No,7,No
TKT0003751,2025-12-06 00:43:00,2025-12-06 22:11:12,CUST00955,P4,Payment Failure,General,Merchant Portal,Email,L2 Support,Resolved,0.25,21.47,No,11,No
TKT0003752,2025-06-07 13:18:00,2025-06-07 16:44:38,CUST02289,P2,Payment Failure,Operational,KYC Service,Portal,Payments Ops,Resolved,0.93,3.44,Yes,4,No
TKT0003753,2025-12-12 05:02:00,2025-12-12 10:45:10,CUST00937,P3,Refund,General,KYC Service,Email,L2 Support,Resolved,0.71,5.72,No,1,No
TKT0003754,2025-02-05 13:04:00,2025-02-07 16:29:12,CUST01023,P4,Refund,General,KYC Service,Chat,KYC Ops,Resolved,2.28,51.42,No,6,Yes
TKT0003755,2025-01-24 23:02:00,2025-01-25 22:30:05,CUST00115,P4,Settlement,General,Merchant Portal,Phone,L1 Support,Resolved,0.98,23.47,No,3,No
TKT0003756,2025-05-02 06:15:00,2025-05-05 03:25:14,CUST01669,P4,Payment Failure,Operational,Payments,Email,Engineering,Resolved,1.04,69.17,No,11,Yes
TKT0003757,2025-09-11 17:55:00,2025-09-12 22:52:04,CUST02848,P3,KYC,Technical,Payments,Phone,L1 Support,Resolved,0.53,28.95,No,8,Yes
TKT0003758,2025-08-10 20:24:00,2025-08-11 18:28:31,CUST02989,P3,Refund,Operational,KYC Service,Phone,Engineering,Resolved,3.8,22.08,No,8,No
TKT0003759,2025-11-20 10:41:00,2025-11-20 15:11:10,CUST02748,P2,KYC,Technical,Payments,Chat,KYC Ops,Resolved,0.69,4.5,Yes,3,No
TKT0003760,2025-08-06 01:51:00,2025-08-06 09:25:53,CUST00204,P2,Payment Failure,Technical,Payments,Phone,Engineering,Resolved,0.87,7.58,No,19,No
TKT0003761,2025-02-18 00:05:00,2025-02-18 07:00:59,CUST02345,P3,Payment Failure,Technical,Settlement API,Chat,Engineering,Resolved,1.82,6.93,Yes,6,No
TKT0003762,2025-02-07 00:04:00,2025-02-08 08:53:20,CUST01699,P3,Payment Failure,Technical,Payments,Portal,Payments Ops,Resolved,1.66,32.82,Yes,2,Yes
TKT0003763,2025-04-28 17:44:00,2025-04-29 17:10:26,CUST01785,P4,API,General,Wallet,Email,Engineering,Resolved,0.91,23.44,No,27,No
TKT0003764,2025-12-19 12:15:00,2025-12-20 10:04:15,CUST00266,P3,Payment Failure,Operational,Payments,Chat,Payments Ops,Resolved,1.12,21.82,No,5,No
TKT0003765,2025-10-06 19:18:00,2025-10-07 19:43:12,CUST00491,P3,Settlement,General,Payments,Portal,L1 Support,Resolved,1.49,24.42,No,1,Yes
TKT0003766,2025-06-09 11:15:00,2025-06-10 03:25:59,CUST01864,P4,Login,Operational,Merchant Portal,Phone,Engineering,Resolved,0.48,16.18,Yes,2,No
TKT0003767,2025-09-17 14:23:00,2025-09-19 21:57:28,CUST01471,P4,Payment Failure,Technical,Merchant Portal,Chat,Engineering,Resolved,2.33,55.57,No,5,Yes
TKT0003768,2025-12-22 10:46:00,2025-12-23 11:05:00,CUST00025,P3,Settlement,General,Wallet,Phone,L2 Support,Resolved,4.77,24.32,No,8,Yes
TKT0003769,2025-01-04 12:56:00,2025-01-05 01:11:16,CUST00436,P2,Payment Failure,Operational,Merchant Portal,Chat,L2 Support,Resolved,0.36,12.25,No,16,Yes
TKT0003770,2025-06-27 16:19:00,2025-06-28 04:51:11,CUST01529,P3,Settlement,General,Settlement API,Chat,Payments Ops,Resolved,0.5,12.54,No,22,No
TKT0003771,2025-09-27 10:35:00,2025-09-27 22:35:29,CUST02802,P3,KYC,General,Settlement API,Chat,L2 Support,Resolved,1.22,12.01,No,2,No
TKT0003772,2025-12-22 04:57:00,2025-12-22 12:18:05,CUST02166,P2,API,Technical,KYC Service,Email,Engineering,Resolved,0.18,7.35,Yes,3,No
TKT0003773,2025-07-04 05:09:00,2025-07-05 20:22:55,CUST02409,P3,Refund,Technical,Merchant Portal,Portal,Payments Ops,Resolved,0.48,39.23,No,3,Yes
TKT0003774,2025-04-05 21:07:00,2025-04-06 16:29:18,CUST02194,P4,KYC,General,Settlement API,Chat,Engineering,Resolved,0.33,19.37,No,1,No
TKT0003775,2025-12-12 03:19:00,2025-12-13 05:08:50,CUST00422,P3,KYC,Technical,KYC Service,Chat,L2 Support,Resolved,0.3,25.83,No,16,Yes
TKT0003776,2025-11-25 03:37:00,2025-11-25 14:22:47,CUST01137,P3,Refund,Technical,Merchant Portal,Phone,L1 Support,Resolved,0.95,10.76,No,2,No
TKT0003777,2025-09-15 14:11:00,2025-09-17 19:36:18,CUST00748,P4,Refund,General,Merchant Portal,Chat,Engineering,Resolved,1.71,53.42,No,6,Yes
TKT0003778,2025-04-25 13:04:00,2025-04-25 18:24:17,CUST02780,P2,Payment Failure,Operational,Settlement API,Chat,L1 Support,Resolved,0.38,5.34,Yes,9,No
TKT0003779,2025-10-08 01:25:00,2025-10-08 06:12:20,CUST01995,P2,KYC,Operational,Settlement API,Email,KYC Ops,Resolved,0.53,4.79,Yes,17,No
TKT0003780,2025-07-28 10:10:00,2025-07-29 14:08:15,CUST01370,P4,Refund,Technical,Wallet,Email,L1 Support,Resolved,4.3,27.97,No,5,No
TKT0003781,2025-06-10 23:07:00,2025-06-11 17:49:11,CUST00489,P4,API,General,Settlement API,Phone,L1 Support,Resolved,1.08,18.7,Yes,60,No
TKT0003782,2025-05-27 01:43:00,2025-05-28 04:33:27,CUST01232,P4,Login,Operational,KYC Service,Chat,L1 Support,Resolved,0.31,26.84,No,2,No
TKT0003783,2025-06-01 13:16:00,2025-06-02 13:18:47,CUST01191,P3,Payment Failure,Technical,Settlement API,Portal,KYC Ops,Resolved,0.64,24.05,No,5,Yes
TKT0003784,2025-08-11 19:08:00,2025-08-12 06:02:52,CUST00432,P3,Refund,Technical,Merchant Portal,Chat,KYC Ops,Resolved,2.06,10.91,No,21,No
TKT0003785,2025-01-04 15:40:00,2025-01-06 06:45:36,CUST02030,P4,Settlement,Technical,Settlement API,Phone,KYC Ops,Resolved,0.81,39.09,No,21,No
TKT0003786,2025-05-19 02:02:00,2025-05-19 12:25:15,CUST01758,P3,API,Operational,Settlement API,Portal,Payments Ops,Resolved,3.06,10.39,No,1,No
TKT0003787,2025-01-28 04:16:00,2025-01-29 16:32:21,CUST02688,P4,KYC,Technical,Settlement API,Chat,Payments Ops,Resolved,1.48,36.27,No,1,No
TKT0003788,2025-02-01 05:52:00,2025-02-03 11:48:05,CUST02638,P3,Refund,Technical,Merchant Portal,Portal,Engineering,Resolved,0.86,53.93,No,29,Yes
TKT0003789,2025-03-02 22:36:00,2025-03-08 11:42:40,CUST00441,P4,Refund,Operational,Merchant Portal,Portal,L2 Support,Resolved,1.39,133.11,No,4,Yes
TKT0003790,2025-11-22 21:46:00,2025-11-24 07:53:15,CUST00159,P4,Refund,Operational,KYC Service,Portal,Payments Ops,Resolved,1.81,34.12,Yes,8,No
TKT0003791,2025-12-06 22:02:00,2025-12-07 17:46:41,CUST02156,P3,Payment Failure,General,Merchant Portal,Phone,KYC Ops,Resolved,1.22,19.74,No,2,No
TKT0003792,2025-07-31 00:02:00,2025-07-31 04:47:37,CUST01915,P2,Settlement,Operational,Wallet,Phone,Engineering,Resolved,1.54,4.76,No,17,No
TKT0003793,2025-01-24 03:00:00,2025-01-24 06:09:17,CUST00187,P1,KYC,General,Merchant Portal,Phone,L2 Support,Resolved,0.56,3.15,Yes,39,No
TKT0003794,2025-08-25 23:36:00,2025-08-26 09:59:36,CUST01606,P2,Payment Failure,General,KYC Service,Portal,L2 Support,Resolved,0.17,10.39,No,4,Yes
TKT0003795,2025-06-02 09:01:00,2025-06-02 14:01:20,CUST00509,P2,KYC,Operational,Payments,Chat,L1 Support,Resolved,0.45,5.01,Yes,4,No
TKT0003796,2025-04-06 10:33:00,2025-04-07 23:46:46,CUST01792,P3,API,Technical,Merchant Portal,Portal,Engineering,Resolved,0.78,37.23,No,3,Yes
TKT0003797,2025-07-05 12:38:00,2025-07-05 17:48:54,CUST02488,P3,Payment Failure,General,Wallet,Phone,L2 Support,Resolved,4.25,5.18,No,6,No
TKT0003798,2025-09-11 07:05:00,2025-09-13 06:40:37,CUST02549,P4,API,Technical,Merchant Portal,Email,KYC Ops,Resolved,1.49,47.59,No,4,No
TKT0003799,2025-12-24 09:31:00,2025-12-26 01:44:45,CUST02740,P4,Payment Failure,Operational,Merchant Portal,Phone,L2 Support,Resolved,1.85,40.23,No,1,No
TKT0003800,2025-07-26 05:04:00,2025-07-26 09:44:06,CUST01997,P2,Login,General,Payments,Chat,Engineering,Resolved,0.41,4.67,Yes,5,No
TKT0003801,2025-10-04 04:42:00,2025-10-04 19:36:51,CUST02652,P3,Payment Failure,Technical,KYC Service,Phone,L1 Support,Resolved,0.26,14.91,No,7,No
TKT0003802,2025-07-27 16:26:00,2025-07-28 10:01:32,CUST02859,P3,Login,Operational,Merchant Portal,Chat,Engineering,Resolved,2.39,17.59,No,17,No
TKT0003803,2025-10-20 01:53:00,2025-10-20 20:12:21,CUST01451,P3,API,Technical,Settlement API,Email,Engineering,Resolved,0.73,18.32,No,2,No
TKT0003804,2025-03-01 05:07:00,2025-03-02 05:58:07,CUST02926,P3,Login,General,KYC Service,Chat,L1 Support,Resolved,0.51,24.85,No,3,Yes
TKT0003805,2025-03-17 02:09:00,2025-03-18 03:18:22,CUST01287,P3,Payment Failure,Technical,Merchant Portal,Phone,Engineering,Resolved,1.4,25.16,No,12,Yes
TKT0003806,2025-12-10 03:40:00,2025-12-11 02:35:16,CUST00272,P3,Payment Failure,General,Wallet,Email,Payments Ops,Resolved,0.94,22.92,No,2,No
TKT0003807,2025-07-23 09:24:00,2025-07-23 20:58:25,CUST01915,P3,Payment Failure,Operational,Payments,Portal,Payments Ops,Resolved,1.56,11.57,No,17,No
TKT0003808,2025-05-23 15:08:00,2025-05-23 20:44:53,CUST02418,P3,API,Operational,Settlement API,Portal,L1 Support,Resolved,0.87,5.61,No,23,No
TKT0003809,2025-04-17 08:37:00,2025-04-18 17:52:51,CUST01065,P4,Login,Technical,KYC Service,Chat,Engineering,Resolved,1.15,33.26,Yes,5,No
TKT0003810,2025-04-11 15:46:00,2025-04-13 23:12:31,CUST02363,P4,Login,Operational,Merchant Portal,Portal,L2 Support,Resolved,0.14,55.44,No,14,Yes
TKT0003811,2025-09-21 01:18:00,2025-09-22 22:38:34,CUST00477,P4,Settlement,General,Wallet,Chat,L2 Support,Resolved,0.72,45.34,No,10,No
TKT0003812,2025-12-31 13:44:00,2026-01-01 21:16:19,CUST02321,P3,API,Technical,Payments,Portal,L1 Support,Resolved,1.64,31.54,No,3,Yes
TKT0003813,2025-10-21 04:34:00,2025-10-21 07:47:03,CUST02687,P2,Refund,Operational,Merchant Portal,Phone,Payments Ops,Resolved,0.74,3.22,No,2,No
TKT0003814,2025-09-02 19:13:00,2025-09-02 23:35:21,CUST00940,P2,Payment Failure,Operational,KYC Service,Portal,L2 Support,Resolved,1.6,4.37,No,8,No
TKT0003815,2025-07-18 12:57:00,2025-07-19 15:05:20,CUST02403,P3,Refund,General,Settlement API,Portal,KYC Ops,Resolved,0.35,26.14,No,9,Yes
TKT0003816,2025-04-14 05:09:00,2025-04-16 09:18:41,CUST02755,P4,API,Technical,Settlement API,Phone,L2 Support,Resolved,1.6,52.16,Yes,4,Yes
TKT0003817,2025-07-25 13:00:00,2025-07-25 18:09:35,CUST02939,P2,API,General,Payments,Portal,Engineering,Resolved,0.32,5.16,No,9,No
TKT0003818,2025-12-12 17:07:00,2025-12-13 01:13:42,CUST01145,P2,API,General,Payments,Chat,L2 Support,Resolved,1.77,8.11,No,13,Yes
TKT0003819,2025-08-28 10:15:00,2025-08-29 17:15:54,CUST00287,P4,KYC,Operational,Merchant Portal,Email,KYC Ops,Resolved,1.33,31.02,No,3,No
TKT0003820,2025-10-28 18:53:00,2025-10-29 05:17:18,CUST02719,P4,API,Technical,Payments,Portal,KYC Ops,Resolved,2.38,10.41,No,22,No
TKT0003821,2025-01-17 09:32:00,2025-01-18 02:28:25,CUST02399,P2,KYC,Technical,Wallet,Chat,KYC Ops,Resolved,2.65,16.94,No,8,Yes
TKT0003822,2025-12-02 01:13:00,2025-12-02 20:44:34,CUST02735,P4,Payment Failure,General,Settlement API,Portal,Payments Ops,Resolved,0.31,19.53,No,62,No
TKT0003823,2025-03-30 21:31:00,2025-03-31 00:18:45,CUST00397,P2,Settlement,General,Settlement API,Phone,Engineering,Resolved,1.91,2.8,Yes,6,No
TKT0003824,2025-11-11 22:00:00,2025-11-12 07:27:05,CUST02470,P3,KYC,Technical,KYC Service,Portal,KYC Ops,Resolved,1.75,9.45,No,34,No
TKT0003825,2025-11-09 08:49:00,2025-11-09 17:06:05,CUST02965,P3,Payment Failure,General,Merchant Portal,Portal,KYC Ops,Resolved,1.04,8.28,No,10,No
TKT0003826,2025-04-05 11:10:00,2025-04-06 00:26:44,CUST02652,P3,Payment Failure,Technical,Settlement API,Chat,L1 Support,Resolved,0.57,13.28,Yes,6,No
TKT0003827,2025-09-28 15:23:00,2025-09-29 02:45:59,CUST00610,P2,Settlement,General,Settlement API,Email,L1 Support,Resolved,0.89,11.38,No,5,Yes
TKT0003828,2025-03-08 09:13:00,2025-03-08 17:19:57,CUST01877,P3,Login,Technical,Wallet,Email,Payments Ops,Resolved,0.3,8.12,No,14,No
TKT0003829,2025-06-20 17:24:00,2025-06-23 01:49:38,CUST01066,P3,Refund,Operational,Payments,Portal,KYC Ops,Resolved,1.11,56.43,No,3,Yes
TKT0003830,2025-09-22 11:14:00,2025-09-24 17:37:06,CUST01042,P4,KYC,Technical,Settlement API,Portal,Engineering,Resolved,0.48,54.39,No,13,Yes
TKT0003831,2025-05-14 07:46:00,2025-05-16 13:44:28,CUST00252,P4,API,General,KYC Service,Portal,L1 Support,Resolved,0.91,53.97,Yes,1,Yes
TKT0003832,2025-08-13 06:06:00,2025-08-14 06:00:35,CUST00758,P4,Payment Failure,Technical,Payments,Email,Engineering,Resolved,0.74,23.91,No,14,No
TKT0003833,2025-05-14 11:22:00,2025-05-14 20:29:13,CUST01681,P3,Settlement,Technical,Wallet,Chat,KYC Ops,Resolved,1.63,9.12,No,3,No
TKT0003834,2025-06-03 07:26:00,2025-06-04 05:37:34,CUST01095,P3,KYC,Technical,Merchant Portal,Email,Engineering,Resolved,0.29,22.19,No,1,No
TKT0003835,2025-08-04 22:07:00,2025-08-06 03:45:48,CUST01151,P3,Refund,Operational,Merchant Portal,Email,Engineering,Resolved,1.49,29.65,No,5,Yes
TKT0003836,2025-11-02 09:28:00,2025-11-02 20:07:22,CUST00158,P2,Refund,Operational,Payments,Email,Payments Ops,Resolved,0.37,10.66,Yes,11,Yes
TKT0003837,2025-10-03 13:29:00,2025-10-04 04:47:07,CUST02600,P4,KYC,General,Merchant Portal,Portal,L1 Support,Resolved,1.66,15.3,No,1,No
TKT0003838,2025-01-20 05:48:00,2025-01-23 10:15:11,CUST01757,P4,API,Technical,Settlement API,Phone,L2 Support,Resolved,0.22,76.45,No,22,Yes
TKT0003839,2025-12-31 03:02:00,2026-01-02 16:05:39,CUST02891,P4,Refund,Operational,Settlement API,Chat,KYC Ops,Resolved,0.85,61.06,No,31,Yes
TKT0003840,2025-07-03 08:48:00,2025-07-05 01:20:16,CUST01476,P3,API,Operational,KYC Service,Chat,Engineering,Resolved,0.72,40.54,No,21,Yes
TKT0003841,2025-10-01 10:30:00,2025-10-01 13:53:06,CUST02811,P1,Settlement,Operational,Merchant Portal,Chat,Engineering,Resolved,1.1,3.39,No,9,No
TKT0003842,2025-12-23 21:01:00,2025-12-24 09:51:37,CUST02342,P3,KYC,Operational,Settlement API,Portal,L1 Support,Resolved,0.95,12.84,Yes,9,No
TKT0003843,2025-10-25 22:33:00,2025-10-26 15:37:56,CUST00431,P3,Refund,Operational,KYC Service,Portal,KYC Ops,Resolved,2.32,17.08,No,16,No
TKT0003844,2025-09-13 19:48:00,2025-09-14 03:31:26,CUST02314,P1,API,General,Wallet,Phone,Engineering,Resolved,0.58,7.72,No,170,Yes
TKT0003845,2025-11-04 14:39:00,2025-11-05 13:36:53,CUST00210,P3,API,General,Wallet,Portal,L2 Support,Resolved,4.82,22.96,No,33,No
TKT0003846,2025-05-14 18:31:00,2025-05-15 04:36:43,CUST02794,P3,API,Technical,Settlement API,Chat,Payments Ops,Resolved,0.55,10.1,No,1,No
TKT0003847,2025-03-26 19:25:00,2025-03-28 13:32:49,CUST02354,P4,Payment Failure,Technical,Settlement API,Email,L2 Support,Resolved,0.86,42.13,No,2,No
TKT0003848,2025-03-16 16:10:00,2025-03-20 20:23:27,CUST02198,P4,API,General,Settlement API,Email,KYC Ops,Resolved,1.14,100.22,No,65,Yes
TKT0003849,2025-02-19 21:49:00,2025-02-20 01:30:21,CUST00596,P1,Settlement,General,Payments,Email,L2 Support,Resolved,0.35,3.69,No,29,No
TKT0003850,2025-11-21 03:42:00,2025-11-24 02:55:30,CUST00313,P3,API,Technical,Settlement API,Portal,KYC Ops,Resolved,1.44,71.23,No,3,Yes
TKT0003851,2025-10-18 13:03:00,2025-10-18 18:12:37,CUST00194,P2,Login,Operational,KYC Service,Chat,L1 Support,Resolved,0.09,5.16,No,2,No
TKT0003852,2025-04-12 14:43:00,2025-04-13 05:43:37,CUST00482,P3,API,General,Wallet,Chat,L2 Support,Resolved,0.4,15.01,No,2,No
TKT0003853,2025-03-05 22:51:00,2025-03-06 13:52:47,CUST00516,P3,KYC,Technical,Wallet,Chat,Engineering,Resolved,2.55,15.03,No,203,No
TKT0003854,2025-10-22 17:21:00,2025-10-22 23:47:47,CUST02009,P2,Payment Failure,Operational,Payments,Email,L2 Support,Resolved,0.58,6.45,No,3,No
TKT0003855,2025-06-27 05:31:00,2025-06-27 10:01:54,CUST01262,P1,Settlement,General,KYC Service,Chat,L1 Support,Resolved,0.6,4.52,Yes,19,Yes
TKT0003856,2025-08-01 02:38:00,2025-08-01 16:29:57,CUST01111,P3,Login,General,KYC Service,Chat,Engineering,Resolved,0.76,13.87,No,9,No
TKT0003857,2025-08-17 11:41:00,2025-08-19 19:48:22,CUST02844,P4,Settlement,Technical,Settlement API,Email,KYC Ops,Resolved,1.27,56.12,No,3,Yes
TKT0003858,2025-12-06 14:46:00,2025-12-07 18:22:51,CUST01664,P3,Refund,Operational,Merchant Portal,Phone,L2 Support,Resolved,0.42,27.61,No,12,Yes
TKT0003859,2025-05-16 11:44:00,2025-05-17 06:31:26,CUST01469,P4,Settlement,Technical,Wallet,Phone,Payments Ops,Resolved,0.71,18.79,No,5,No
TKT0003860,2025-03-20 06:07:00,2025-03-21 06:24:42,CUST01107,P3,Refund,General,Settlement API,Portal,L1 Support,Resolved,0.76,24.3,No,21,Yes
TKT0003861,2025-03-19 14:14:00,2025-03-21 12:56:15,CUST00858,P3,KYC,Operational,KYC Service,Chat,L1 Support,Resolved,0.95,46.7,No,3,Yes
TKT0003862,2025-05-31 04:33:00,2025-06-01 20:01:24,CUST00665,P3,Refund,Technical,Merchant Portal,Email,Engineering,Resolved,0.22,39.47,Yes,17,Yes
TKT0003863,2025-02-18 11:55:00,2025-02-18 16:07:07,CUST01310,P2,Payment Failure,General,Merchant Portal,Portal,KYC Ops,Resolved,1.59,4.2,No,8,No
TKT0003864,2025-09-02 07:58:00,2025-09-03 14:48:51,CUST02533,P4,Payment Failure,General,KYC Service,Phone,Payments Ops,Resolved,1.91,30.85,No,39,No
TKT0003865,2025-12-20 08:46:00,2025-12-20 13:45:31,CUST01050,P1,API,Technical,Wallet,Email,Engineering,Resolved,0.52,4.99,Yes,60,Yes
TKT0003866,2025-07-24 13:03:00,2025-07-25 20:05:37,CUST02216,P3,KYC,Technical,Wallet,Portal,KYC Ops,Resolved,0.68,31.04,No,5,Yes
TKT0003867,2025-01-18 16:01:00,2025-01-20 19:58:41,CUST00481,P4,Login,Technical,Payments,Portal,L2 Support,Resolved,0.24,51.96,No,3,Yes
TKT0003868,2025-08-21 22:30:00,2025-08-24 03:54:53,CUST02745,P4,Refund,General,Merchant Portal,Chat,L2 Support,Resolved,0.54,53.41,No,1,Yes
TKT0003869,2025-01-05 10:48:00,2025-01-06 12:05:20,CUST01486,P4,Payment Failure,General,KYC Service,Phone,Engineering,Resolved,0.66,25.29,No,1,No
TKT0003870,2025-09-23 02:11:00,2025-09-23 04:53:26,CUST01054,P2,Payment Failure,Technical,Wallet,Phone,L1 Support,Resolved,1.86,2.71,No,7,No
TKT0003871,2025-01-02 16:44:00,2025-01-03 19:17:35,CUST02040,P4,Refund,General,Wallet,Phone,L2 Support,Resolved,0.37,26.56,No,3,No
TKT0003872,2025-04-08 13:47:00,2025-04-08 23:16:27,CUST00341,P2,Payment Failure,Technical,Merchant Portal,Email,Payments Ops,Resolved,0.57,9.49,No,2,Yes
TKT0003873,2025-01-17 21:19:00,2025-01-21 08:22:33,CUST01528,P4,Payment Failure,General,Settlement API,Phone,Payments Ops,Resolved,0.74,83.06,Yes,4,Yes
TKT0003874,2025-02-21 04:03:00,2025-02-21 11:06:43,CUST02816,P3,Settlement,General,Settlement API,Email,L2 Support,Resolved,0.41,7.06,No,4,No
TKT0003875,2025-11-08 06:48:00,2025-11-09 21:20:04,CUST02646,P4,Payment Failure,Technical,Merchant Portal,Email,L2 Support,Resolved,1.84,38.53,No,47,No
TKT0003876,2025-08-23 20:59:00,2025-08-24 12:53:57,CUST00985,P2,Payment Failure,General,Wallet,Phone,Engineering,Resolved,0.78,15.92,Yes,9,Yes
TKT0003877,2025-07-29 07:18:00,2025-07-29 12:11:20,CUST02928,P2,Payment Failure,Technical,Merchant Portal,Chat,Engineering,Resolved,0.7,4.89,No,4,No
TKT0003878,2025-04-16 03:14:00,2025-04-16 14:04:11,CUST00623,P2,Refund,Technical,Wallet,Portal,KYC Ops,Resolved,0.5,10.84,No,53,Yes
TKT0003879,2025-01-11 05:23:00,2025-01-11 20:55:25,CUST01825,P3,KYC,General,Wallet,Chat,KYC Ops,Resolved,4.01,15.54,No,38,No
TKT0003880,2025-07-05 12:02:00,2025-07-06 21:41:25,CUST02711,P4,KYC,General,Payments,Chat,KYC Ops,Resolved,0.86,33.66,No,1,No
TKT0003881,2025-03-27 00:06:00,2025-03-27 15:33:01,CUST02795,P3,Settlement,General,Payments,Phone,KYC Ops,Resolved,2.39,15.45,No,9,No
TKT0003882,2025-05-28 22:18:00,2025-05-29 23:48:50,CUST00955,P3,API,Operational,Payments,Portal,Payments Ops,Resolved,0.31,25.51,No,5,Yes
TKT0003883,2025-09-17 03:49:00,2025-09-17 16:48:05,CUST00282,P3,API,Technical,Payments,Email,Payments Ops,Resolved,0.98,12.98,No,6,No
TKT0003884,2025-08-18 21:30:00,2025-08-20 06:49:45,CUST00362,P4,Settlement,General,Wallet,Portal,L1 Support,Resolved,1.07,33.33,No,48,No
TKT0003885,2025-03-01 20:53:00,2025-03-02 03:10:35,CUST02194,P2,Payment Failure,Operational,Merchant Portal,Phone,L2 Support,Resolved,1.72,6.29,Yes,5,No
TKT0003886,2025-09-29 14:56:00,2025-09-30 17:07:28,CUST00384,P3,Payment Failure,General,KYC Service,Portal,L1 Support,Resolved,0.17,26.19,No,2,Yes
TKT0003887,2025-06-19 22:13:00,2025-06-20 07:57:41,CUST00447,P4,Settlement,Technical,Merchant Portal,Phone,L2 Support,Resolved,0.53,9.74,No,2,No
TKT0003888,2025-08-24 10:03:00,2025-08-25 10:23:10,CUST00342,P3,Settlement,General,Wallet,Phone,KYC Ops,Resolved,0.87,24.34,No,33,Yes
TKT0003889,2025-12-17 16:49:00,2025-12-19 09:24:26,CUST00024,P3,Payment Failure,Operational,Settlement API,Portal,L2 Support,Resolved,0.59,40.59,No,4,Yes
TKT0003890,2025-10-05 13:59:00,2025-10-06 05:08:56,CUST01610,P4,Payment Failure,General,Merchant Portal,Phone,KYC Ops,Resolved,0.68,15.17,No,7,No
TKT0003891,2025-12-23 10:52:00,2025-12-24 10:01:55,CUST02320,P3,KYC,Operational,KYC Service,Email,L1 Support,Resolved,0.9,23.17,No,30,No
TKT0003892,2025-09-16 22:59:00,2025-09-17 15:30:29,CUST01289,P3,API,Technical,Merchant Portal,Portal,L2 Support,Resolved,1.24,16.52,No,5,No
TKT0003893,2025-09-28 09:47:00,2025-09-28 19:06:21,CUST02215,P3,Login,Technical,Wallet,Email,Payments Ops,Resolved,0.73,9.32,No,30,No
TKT0003894,2025-12-22 14:56:00,2025-12-23 10:41:01,CUST01992,P3,Payment Failure,Technical,Wallet,Phone,L1 Support,Resolved,0.82,19.75,No,3,No
TKT0003895,2025-04-01 22:16:00,2025-04-02 10:17:03,CUST01150,P3,Login,Operational,KYC Service,Phone,Payments Ops,Resolved,1.32,12.02,No,8,No
TKT0003896,2025-11-13 02:38:00,2025-11-14 05:27:11,CUST02005,P4,KYC,Operational,Settlement API,Chat,Engineering,Resolved,1.09,26.82,No,13,No
TKT0003897,2025-03-07 07:43:00,2025-03-07 19:46:34,CUST01560,P3,Payment Failure,Operational,Settlement API,Email,L1 Support,Resolved,0.9,12.06,No,2,No
TKT0003898,2025-06-25 10:45:00,2025-06-25 13:47:32,CUST02493,P1,Settlement,Technical,Merchant Portal,Chat,Payments Ops,Resolved,1.34,3.04,No,12,No
TKT0003899,2025-02-08 18:05:00,2025-02-09 03:20:07,CUST01146,P3,Payment Failure,General,Payments,Portal,Engineering,Resolved,0.16,9.25,No,5,No
TKT0003900,2025-02-25 13:55:00,2025-02-28 03:30:47,CUST01852,P4,KYC,Technical,Merchant Portal,Portal,Payments Ops,Resolved,0.34,61.6,No,15,Yes
TKT0003901,2025-11-21 00:07:00,2025-11-21 06:44:43,CUST00975,P1,API,Operational,Wallet,Portal,L2 Support,Resolved,2.41,6.63,Yes,61,Yes
TKT0003902,2025-04-10 05:04:00,2025-04-10 10:08:50,CUST00016,P2,API,Technical,KYC Service,Phone,Engineering,Resolved,2.1,5.08,No,1,No
TKT0003903,2025-03-23 16:54:00,2025-03-24 02:49:20,CUST00542,P2,Settlement,Operational,KYC Service,Portal,KYC Ops,Resolved,1.46,9.92,Yes,3,Yes
TKT0003904,2025-06-03 03:30:00,2025-06-04 14:45:38,CUST02539,P4,Settlement,Technical,Settlement API,Chat,L1 Support,Resolved,1.0,35.26,No,22,No
TKT0003905,2025-10-26 16:33:00,2025-10-27 23:31:42,CUST00066,P3,Payment Failure,Technical,Merchant Portal,Phone,Payments Ops,Resolved,0.55,30.98,No,8,Yes
TKT0003906,2025-09-11 23:17:00,2025-09-15 16:09:16,CUST01476,P4,API,Technical,Settlement API,Phone,L1 Support,Resolved,0.12,88.87,No,19,Yes
TKT0003907,2025-02-14 16:45:00,2025-02-14 22:22:38,CUST00025,P2,Login,Operational,Wallet,Phone,L1 Support,Resolved,0.6,5.63,Yes,18,No
TKT0003908,2025-09-18 10:22:00,2025-09-18 18:44:23,CUST02634,P3,Payment Failure,General,Payments,Email,Payments Ops,Resolved,0.47,8.37,No,1,No
TKT0003909,2025-12-07 16:30:00,2025-12-08 09:12:42,CUST01440,P3,Payment Failure,Technical,Merchant Portal,Portal,L2 Support,Resolved,0.5,16.71,No,1,No
TKT0003910,2025-04-24 10:20:00,2025-04-24 18:50:31,CUST01433,P3,KYC,General,Merchant Portal,Phone,L2 Support,Resolved,0.45,8.51,No,8,No
TKT0003911,2025-03-15 05:20:00,2025-03-16 15:20:10,CUST01992,P4,Payment Failure,General,Settlement API,Portal,Engineering,Resolved,0.93,34.0,No,9,No
TKT0003912,2025-07-17 04:20:00,2025-07-17 13:12:56,CUST02015,P3,Payment Failure,Technical,Wallet,Email,Payments Ops,Resolved,0.4,8.88,Yes,3,No
TKT0003913,2025-12-01 22:53:00,2025-12-05 17:21:58,CUST01733,P4,Payment Failure,Operational,Merchant Portal,Portal,KYC Ops,Resolved,3.06,90.48,No,18,Yes
TKT0003914,2025-04-26 00:04:00,2025-04-27 02:00:59,CUST00295,P3,Login,General,Payments,Chat,L2 Support,Resolved,3.16,25.95,No,17,Yes
TKT0003915,2025-05-26 08:42:00,2025-05-27 18:34:06,CUST01424,P3,Refund,Technical,Settlement API,Email,L1 Support,Resolved,2.06,33.87,No,25,Yes
TKT0003916,2025-10-05 07:16:00,2025-10-06 20:20:20,CUST00752,P4,Settlement,General,KYC Service,Portal,KYC Ops,Resolved,1.21,37.07,No,2,No
TKT0003917,2025-07-08 10:27:00,2025-07-09 19:46:06,CUST00416,P3,Payment Failure,General,Wallet,Chat,Engineering,Resolved,1.3,33.32,No,23,Yes
TKT0003918,2025-09-22 16:49:00,2025-09-26 22:44:46,CUST00251,P4,KYC,Operational,Merchant Portal,Chat,L1 Support,Resolved,0.45,101.93,No,5,Yes
TKT0003919,2025-06-17 12:21:00,2025-06-18 04:18:30,CUST02257,P3,Payment Failure,Technical,Payments,Chat,L1 Support,Resolved,1.27,15.96,No,3,No
TKT0003920,2025-09-23 07:35:00,2025-09-23 08:44:52,CUST00067,P1,Payment Failure,Technical,Wallet,Chat,L1 Support,Resolved,0.74,1.16,No,20,No
TKT0003921,2025-10-09 22:39:00,2025-10-10 12:50:45,CUST00582,P4,Login,Technical,Settlement API,Chat,Payments Ops,Resolved,0.28,14.2,No,2,No
TKT0003922,2025-06-30 06:41:00,2025-07-02 15:01:04,CUST02046,P4,Settlement,General,Payments,Chat,L1 Support,Resolved,0.19,56.33,No,54,Yes
TKT0003923,2025-12-28 19:21:00,2026-01-01 08:16:43,CUST02279,P4,Payment Failure,Technical,KYC Service,Phone,Engineering,Resolved,0.63,84.93,No,32,Yes
TKT0003924,2025-08-03 16:54:00,2025-08-04 13:44:52,CUST00875,P3,Payment Failure,Operational,Merchant Portal,Email,Engineering,Resolved,2.12,20.85,No,3,No
TKT0003925,2025-07-05 10:51:00,2025-07-06 16:44:01,CUST01655,P4,Settlement,Technical,Wallet,Email,Engineering,Resolved,1.51,29.88,No,3,No
TKT0003926,2025-06-24 14:33:00,2025-06-25 13:36:30,CUST00776,P3,Login,Operational,Wallet,Portal,L1 Support,Resolved,2.12,23.06,No,1,No
TKT0003927,2025-06-26 15:11:00,2025-06-27 01:52:48,CUST00130,P4,Login,Operational,KYC Service,Phone,KYC Ops,Resolved,1.5,10.7,No,4,No
TKT0003928,2025-11-27 02:27:00,2025-11-28 09:59:34,CUST00586,P4,API,Technical,Payments,Email,Payments Ops,Resolved,0.77,31.54,No,7,No
TKT0003929,2025-05-10 17:55:00,2025-05-12 12:46:03,CUST00419,P3,API,Operational,Wallet,Email,Payments Ops,Resolved,4.24,42.85,No,1,Yes
TKT0003930,2025-06-12 02:03:00,2025-06-12 10:14:58,CUST02279,P3,API,Operational,Wallet,Chat,Payments Ops,Resolved,5.57,8.2,No,10,No
TKT0003931,2025-04-08 02:12:00,2025-04-08 21:37:18,CUST00065,P4,Refund,Operational,Payments,Phone,L2 Support,Resolved,0.96,19.42,No,4,No
TKT0003932,2025-03-08 19:03:00,2025-03-09 01:07:06,CUST01154,P3,Payment Failure,Operational,KYC Service,Phone,Engineering,Resolved,0.87,6.07,No,64,No
TKT0003933,2025-03-02 04:15:00,2025-03-04 20:00:43,CUST00653,P4,Payment Failure,Technical,Merchant Portal,Phone,L1 Support,Resolved,1.89,63.76,No,1,Yes
TKT0003934,2025-08-06 03:40:00,2025-08-06 20:38:26,CUST01265,P3,Payment Failure,General,Settlement API,Phone,Engineering,Resolved,0.57,16.97,No,7,No
TKT0003935,2025-06-26 12:33:00,2025-06-27 13:03:15,CUST01641,P3,Refund,Operational,Payments,Portal,L2 Support,Resolved,0.89,24.5,Yes,11,Yes
TKT0003936,2025-07-13 09:53:00,2025-07-14 19:42:39,CUST00799,P4,Settlement,General,Settlement API,Phone,KYC Ops,Resolved,2.21,33.83,No,5,No
TKT0003937,2025-09-27 06:07:00,2025-09-27 21:01:42,CUST02394,P4,Refund,General,KYC Service,Portal,Payments Ops,Resolved,0.24,14.91,No,1,No
TKT0003938,2025-02-11 17:59:00,2025-02-12 01:16:06,CUST00703,P3,Login,General,Settlement API,Portal,L1 Support,Resolved,0.89,7.29,No,6,No
TKT0003939,2025-09-19 14:11:00,2025-09-21 00:24:03,CUST00108,P4,KYC,Technical,Payments,Portal,KYC Ops,Resolved,0.8,34.22,No,4,No
TKT0003940,2025-08-18 23:27:00,2025-08-19 17:51:34,CUST02269,P3,KYC,General,Settlement API,Phone,Engineering,Resolved,2.82,18.41,No,15,No
TKT0003941,2025-02-12 22:09:00,2025-02-13 16:24:35,CUST02775,P3,Login,Operational,Payments,Phone,L1 Support,Resolved,1.38,18.26,Yes,1,No
TKT0003942,2025-12-23 00:12:00,2025-12-23 22:07:35,CUST02167,P3,Refund,General,Wallet,Portal,Engineering,Resolved,0.21,21.93,No,13,No
TKT0003943,2025-03-10 22:46:00,2025-03-12 00:01:14,CUST00617,P3,KYC,Operational,KYC Service,Email,L2 Support,Resolved,0.39,25.25,No,6,Yes
TKT0003944,2025-02-28 09:34:00,2025-02-28 15:37:31,CUST01819,P3,Refund,Operational,Wallet,Portal,L1 Support,Resolved,0.77,6.06,No,1,No
TKT0003945,2025-12-07 06:02:00,2025-12-08 00:33:28,CUST00824,P4,API,General,Wallet,Chat,KYC Ops,Resolved,2.25,18.52,No,12,No
TKT0003946,2025-06-02 03:46:00,2025-06-04 10:21:39,CUST01364,P4,KYC,General,Payments,Email,Engineering,Resolved,0.81,54.59,No,31,Yes
TKT0003947,2025-11-06 14:04:00,2025-11-06 21:52:13,CUST00046,P4,Payment Failure,General,Merchant Portal,Phone,Engineering,Resolved,0.58,7.8,No,11,No
TKT0003948,2025-08-18 05:38:00,2025-08-19 05:37:11,CUST01650,P3,Payment Failure,Operational,Payments,Portal,KYC Ops,Resolved,0.29,23.99,No,2,No
TKT0003949,2025-12-17 05:31:00,2025-12-18 06:00:44,CUST01007,P3,API,Technical,KYC Service,Phone,Payments Ops,Resolved,0.83,24.5,No,45,Yes
TKT0003950,2025-09-06 17:05:00,2025-09-07 01:21:50,CUST00974,P4,KYC,Technical,Payments,Portal,Payments Ops,Resolved,0.69,8.28,No,33,No
TKT0003951,2025-05-28 00:45:00,2025-05-28 10:42:00,CUST02386,P3,Settlement,Technical,Merchant Portal,Email,Engineering,Resolved,0.56,9.95,No,7,No
TKT0003952,2025-01-26 21:09:00,2025-01-27 23:16:34,CUST00153,P4,KYC,Operational,KYC Service,Portal,Payments Ops,Resolved,0.64,26.13,Yes,1,No
TKT0003953,2025-07-23 04:06:00,2025-07-25 09:38:50,CUST02550,P4,Payment Failure,Technical,Wallet,Portal,Payments Ops,Resolved,0.86,53.55,No,2,Yes
TKT0003954,2025-12-02 01:37:00,2025-12-02 21:08:47,CUST00429,P4,Settlement,General,Merchant Portal,Portal,L2 Support,Resolved,0.45,19.53,No,1,No
TKT0003955,2025-02-11 09:21:00,2025-02-12 00:06:47,CUST02069,P3,Payment Failure,Operational,Settlement API,Chat,Engineering,Resolved,0.66,14.76,No,14,No
TKT0003956,2025-05-02 10:23:00,2025-05-03 04:33:04,CUST02125,P4,Payment Failure,Operational,KYC Service,Email,Engineering,Resolved,0.9,18.17,No,4,No
TKT0003957,2025-08-21 02:06:00,2025-08-21 03:53:26,CUST00842,P1,API,Technical,Wallet,Phone,L1 Support,Resolved,0.68,1.79,No,51,No
TKT0003958,2025-02-01 05:12:00,2025-02-02 14:58:12,CUST00500,P4,KYC,Technical,Merchant Portal,Phone,Engineering,Resolved,0.74,33.77,Yes,8,No
TKT0003959,2025-04-15 01:06:00,2025-04-16 04:01:47,CUST01300,P4,Refund,Operational,KYC Service,Phone,Engineering,Resolved,2.83,26.93,No,4,No
TKT0003960,2025-04-29 07:59:00,2025-04-30 03:28:04,CUST02539,P3,Login,Technical,Payments,Phone,Payments Ops,Resolved,0.74,19.48,No,20,No
TKT0003961,2025-02-22 20:35:00,2025-02-23 01:39:42,CUST00581,P2,Refund,Operational,KYC Service,Portal,Payments Ops,Resolved,0.29,5.08,No,56,No
TKT0003962,2025-11-08 21:38:00,2025-11-10 22:31:06,CUST02657,P4,Payment Failure,General,Settlement API,Chat,Payments Ops,Resolved,0.33,48.89,No,2,Yes
TKT0003963,2025-01-03 08:02:00,2025-01-03 10:34:09,CUST01364,P1,Login,Operational,KYC Service,Portal,Engineering,Resolved,0.23,2.54,No,11,No
TKT0003964,2025-10-27 05:57:00,2025-10-31 01:20:18,CUST00853,P4,Payment Failure,Technical,Payments,Email,Payments Ops,Resolved,0.84,91.39,No,1,Yes
TKT0003965,2025-11-02 16:45:00,2025-11-03 04:27:53,CUST02576,P3,Refund,Technical,Payments,Phone,L2 Support,Resolved,1.08,11.71,No,7,No
TKT0003966,2025-01-05 20:12:00,2025-01-06 10:13:22,CUST00035,P3,Login,Technical,Merchant Portal,Portal,L1 Support,Resolved,1.07,14.02,No,8,No
TKT0003967,2025-12-08 13:16:00,2025-12-09 06:13:46,CUST00235,P3,Login,Operational,Settlement API,Email,Payments Ops,Resolved,0.39,16.96,No,2,No
TKT0003968,2025-04-03 07:26:00,2025-04-04 11:05:56,CUST02021,P4,KYC,Technical,Settlement API,Phone,KYC Ops,Resolved,0.9,27.67,Yes,9,No
TKT0003969,2025-01-15 10:47:00,2025-01-16 04:31:58,CUST02120,P4,Refund,Technical,Payments,Chat,L2 Support,Resolved,0.19,17.75,No,2,No
TKT0003970,2025-03-23 18:04:00,2025-03-24 22:34:49,CUST01696,P3,KYC,Technical,Wallet,Email,L1 Support,Resolved,0.64,28.51,Yes,2,Yes
TKT0003971,2025-08-04 09:01:00,2025-08-05 07:44:22,CUST00034,P4,Payment Failure,Technical,KYC Service,Email,Engineering,Resolved,4.45,22.72,No,4,No
TKT0003972,2025-03-21 00:14:00,2025-03-22 04:18:54,CUST01084,P3,Payment Failure,General,Settlement API,Email,KYC Ops,Resolved,0.96,28.08,No,7,Yes
TKT0003973,2025-02-05 18:12:00,2025-02-06 08:32:07,CUST00205,P2,Settlement,General,KYC Service,Phone,Payments Ops,Resolved,1.37,14.34,No,9,Yes
TKT0003974,2025-05-15 17:04:00,2025-05-17 23:44:52,CUST01814,P4,Payment Failure,Technical,Payments,Chat,Engineering,Resolved,1.33,54.68,No,4,Yes
TKT0003975,2025-10-09 22:56:00,2025-10-10 04:32:26,CUST02622,P1,Settlement,Operational,Settlement API,Phone,Payments Ops,Resolved,2.2,5.61,No,32,Yes
TKT0003976,2025-03-08 09:47:00,2025-03-08 20:53:40,CUST01615,P3,Settlement,Technical,Settlement API,Phone,Engineering,Resolved,0.28,11.11,Yes,53,No
TKT0003977,2025-09-25 19:14:00,2025-09-26 08:48:02,CUST00134,P4,KYC,Operational,Settlement API,Phone,L1 Support,Resolved,1.53,13.57,No,4,No
TKT0003978,2025-01-31 23:45:00,2025-02-01 06:43:28,CUST02131,P2,Payment Failure,Operational,Settlement API,Phone,Payments Ops,Resolved,0.51,6.97,No,15,No
TKT0003979,2025-06-03 10:41:00,2025-06-03 17:23:58,CUST01999,P2,API,General,Settlement API,Chat,KYC Ops,Resolved,1.0,6.72,Yes,4,No
TKT0003980,2025-05-18 11:31:00,2025-05-19 20:52:39,CUST02499,P4,KYC,General,Wallet,Email,KYC Ops,Resolved,0.58,33.36,No,3,No
TKT0003981,2025-01-04 17:25:00,2025-01-05 01:08:11,CUST01711,P3,KYC,General,Payments,Portal,Payments Ops,Resolved,0.81,7.72,No,33,No
TKT0003982,2025-11-07 06:07:00,2025-11-07 20:33:30,CUST01109,P3,KYC,Technical,Merchant Portal,Portal,L2 Support,Resolved,1.07,14.44,No,5,No
TKT0003983,2025-06-25 15:57:00,2025-06-27 20:55:37,CUST02252,P3,API,Technical,KYC Service,Email,Payments Ops,Resolved,0.75,52.98,No,6,Yes
TKT0003984,2025-09-02 13:26:00,2025-09-03 13:56:14,CUST02679,P3,Payment Failure,General,KYC Service,Portal,Engineering,Resolved,3.01,24.5,No,13,Yes
TKT0003985,2025-04-14 12:38:00,2025-04-15 12:26:03,CUST02814,P3,Settlement,General,Wallet,Portal,Payments Ops,Resolved,0.55,23.8,No,18,No
TKT0003986,2025-07-23 16:22:00,2025-07-24 03:17:53,CUST00369,P3,Payment Failure,Operational,KYC Service,Email,L2 Support,Resolved,0.72,10.93,No,1,No
TKT0003987,2025-09-16 08:14:00,2025-09-17 16:14:24,CUST01666,P3,Refund,General,Settlement API,Portal,Payments Ops,Resolved,1.94,32.01,No,9,Yes
TKT0003988,2025-07-13 16:58:00,2025-07-14 05:59:59,CUST01528,P3,Login,Technical,Wallet,Chat,L2 Support,Resolved,1.7,13.03,No,11,No
TKT0003989,2025-11-24 11:40:00,2025-11-26 08:10:12,CUST00015,P3,API,Operational,Merchant Portal,Email,Payments Ops,Resolved,1.96,44.5,No,7,Yes
TKT0003990,2025-05-15 06:23:00,2025-05-15 08:16:27,CUST01138,P1,Payment Failure,Technical,Merchant Portal,Chat,L1 Support,Resolved,2.52,1.89,No,81,No
TKT0003991,2025-12-13 02:05:00,2025-12-17 17:44:47,CUST00905,P4,API,General,Merchant Portal,Chat,KYC Ops,Resolved,1.6,111.66,No,1,Yes
TKT0003992,2025-12-27 14:12:00,2025-12-28 02:52:42,CUST02538,P3,Refund,Operational,KYC Service,Portal,L1 Support,Resolved,0.4,12.68,No,6,No
TKT0003993,2025-09-01 23:01:00,2025-09-02 17:22:09,CUST02889,P3,API,General,KYC Service,Portal,L2 Support,Resolved,0.38,18.35,No,1,No
TKT0003994,2025-02-25 15:20:00,2025-02-26 07:47:48,CUST01255,P3,Payment Failure,General,Settlement API,Chat,L1 Support,Resolved,4.02,16.46,No,1,No
TKT0003995,2025-06-15 11:41:00,2025-06-17 02:04:12,CUST01796,P4,Settlement,General,Payments,Email,L2 Support,Resolved,2.22,38.39,No,24,No
TKT0003996,2025-10-22 05:16:00,2025-10-23 00:35:19,CUST01505,P3,Refund,Technical,Payments,Email,Payments Ops,Resolved,0.59,19.32,No,3,No
TKT0003997,2025-03-25 11:06:00,2025-03-25 13:06:12,CUST02158,P2,Refund,Operational,Settlement API,Chat,KYC Ops,Resolved,0.28,2.0,Yes,6,No
TKT0003998,2025-10-30 02:35:00,2025-11-01 10:18:53,CUST02359,P4,Payment Failure,General,Payments,Email,KYC Ops,Resolved,1.55,55.73,No,29,Yes
TKT0003999,2025-03-07 14:52:00,2025-03-08 13:06:13,CUST01716,P4,Settlement,Operational,Wallet,Phone,Engineering,Resolved,6.48,22.24,No,6,No
TKT0004000,2025-04-17 05:42:00,2025-04-18 00:34:11,CUST00585,P3,Payment Failure,General,Wallet,Email,L2 Support,Resolved,2.29,18.87,No,8,No
TKT0004001,2025-10-18 17:22:00,2025-10-19 00:41:27,CUST00871,P3,Payment Failure,General,Settlement API,Phone,Engineering,Resolved,1.75,7.32,No,8,No
TKT0004002,2025-07-26 03:46:00,2025-07-26 23:22:06,CUST00274,P3,Login,Operational,Merchant Portal,Portal,L1 Support,Resolved,2.93,19.6,No,328,No
TKT0004003,2025-09-25 07:29:00,2025-09-25 13:25:07,CUST01072,P2,Login,Operational,Merchant Portal,Email,Payments Ops,Resolved,1.28,5.94,No,20,No
TKT0004004,2025-03-18 11:08:00,2025-03-19 11:26:17,CUST02415,P3,Refund,General,Payments,Portal,Payments Ops,Resolved,0.2,24.3,No,3,Yes
TKT0004005,2025-10-17 08:47:00,2025-10-18 03:11:39,CUST03000,P3,Refund,Operational,KYC Service,Chat,Engineering,Resolved,0.79,18.41,No,14,No
TKT0004006,2025-08-31 23:18:00,2025-09-02 09:55:02,CUST00626,P4,API,General,Settlement API,Portal,L2 Support,Resolved,1.42,34.62,No,1,No
TKT0004007,2025-11-15 02:16:00,2025-11-16 02:19:07,CUST02333,P4,Payment Failure,Technical,Settlement API,Portal,Payments Ops,Resolved,0.55,24.05,No,7,No
TKT0004008,2025-01-26 04:43:00,2025-01-26 21:56:24,CUST00542,P3,Settlement,Operational,Wallet,Portal,L2 Support,Resolved,0.29,17.22,No,35,No
TKT0004009,2025-02-10 08:47:00,2025-02-10 15:30:53,CUST01826,P3,Payment Failure,General,Payments,Chat,Payments Ops,Resolved,0.15,6.73,Yes,24,No
TKT0004010,2025-04-26 19:10:00,2025-04-26 23:43:40,CUST01884,P1,Settlement,General,Settlement API,Portal,L2 Support,Resolved,1.72,4.56,Yes,41,Yes
TKT0004011,2025-03-02 14:37:00,2025-03-03 11:48:09,CUST02486,P3,API,Technical,Settlement API,Phone,KYC Ops,Resolved,1.6,21.19,No,7,No
TKT0004012,2025-03-28 23:29:00,2025-03-29 08:20:34,CUST00871,P2,Refund,Technical,KYC Service,Chat,KYC Ops,Resolved,1.34,8.86,Yes,19,Yes
TKT0004013,2025-05-17 23:43:00,2025-05-18 20:56:47,CUST02362,P3,API,General,Wallet,Chat,Payments Ops,Resolved,0.49,21.23,No,16,No
TKT0004014,2025-08-18 16:58:00,2025-08-19 01:11:50,CUST02238,P2,Payment Failure,General,Merchant Portal,Email,L2 Support,Resolved,2.81,8.23,Yes,12,Yes
TKT0004015,2025-08-25 13:21:00,2025-08-27 05:12:57,CUST00576,P3,API,Technical,Wallet,Chat,Engineering,Resolved,0.27,39.87,Yes,9,Yes
TKT0004016,2025-04-14 12:26:00,2025-04-15 09:03:44,CUST01473,P3,Payment Failure,Operational,Merchant Portal,Chat,Payments Ops,Resolved,0.51,20.63,No,10,No
TKT0004017,2025-05-22 02:52:00,2025-05-23 04:08:26,CUST02747,P3,Settlement,General,Settlement API,Phone,Engineering,Resolved,0.43,25.27,No,23,Yes
TKT0004018,2025-07-03 14:40:00,2025-07-04 07:16:01,CUST01070,P2,API,General,Merchant Portal,Portal,L1 Support,Resolved,1.52,16.6,No,25,Yes
TKT0004019,2025-02-20 15:37:00,2025-02-24 09:28:02,CUST00841,P4,API,Operational,Settlement API,Phone,KYC Ops,Resolved,1.52,89.85,No,2,Yes
TKT0004020,2025-11-29 18:19:00,2025-11-30 16:17:38,CUST00474,P4,API,General,KYC Service,Phone,L1 Support,Resolved,0.12,21.98,No,12,No
TKT0004021,2025-05-14 11:29:00,2025-05-14 20:01:01,CUST01662,P3,Login,Operational,Merchant Portal,Chat,L1 Support,Resolved,0.26,8.53,No,1,No
TKT0004022,2025-02-25 08:03:00,2025-02-25 21:34:19,CUST02438,P4,Payment Failure,Technical,Settlement API,Email,Engineering,Resolved,0.18,13.52,No,3,No
TKT0004023,2025-01-24 13:39:00,2025-01-25 17:31:20,CUST00161,P3,API,General,Settlement API,Email,KYC Ops,Resolved,0.28,27.87,No,24,Yes
TKT0004024,2025-11-22 05:07:00,2025-11-22 20:39:32,CUST01097,P3,KYC,Technical,Merchant Portal,Portal,KYC Ops,Resolved,0.54,15.54,No,12,No
TKT0004025,2025-08-02 09:34:00,2025-08-05 03:44:37,CUST02494,P4,Login,General,Payments,Chat,L2 Support,Resolved,1.39,66.18,Yes,2,Yes
TKT0004026,2025-12-23 11:21:00,2025-12-23 16:49:56,CUST01884,P1,Payment Failure,Operational,Settlement API,Chat,L2 Support,Resolved,2.52,5.48,Yes,15,Yes
TKT0004027,2025-06-01 07:46:00,2025-06-03 12:08:11,CUST02444,P4,Refund,Operational,Wallet,Portal,Payments Ops,Resolved,1.24,52.37,No,11,Yes
TKT0004028,2025-01-05 15:20:00,2025-01-07 00:47:33,CUST01527,P3,Payment Failure,General,Merchant Portal,Chat,KYC Ops,Resolved,0.35,33.46,No,4,Yes
TKT0004029,2025-11-13 11:03:00,2025-11-13 19:35:43,CUST01712,P3,Payment Failure,General,Settlement API,Email,L2 Support,Resolved,2.18,8.55,No,5,No
TKT0004030,2025-06-30 19:38:00,2025-07-01 12:57:14,CUST00543,P3,API,General,Settlement API,Chat,L2 Support,Resolved,0.27,17.32,No,2,No
TKT0004031,2025-12-02 10:50:00,2025-12-04 05:54:59,CUST01792,P4,Login,General,Payments,Portal,KYC Ops,Resolved,1.52,43.08,No,3,No
TKT0004032,2025-04-25 06:15:00,2025-04-27 01:54:52,CUST02186,P4,Settlement,Operational,KYC Service,Portal,L1 Support,Resolved,1.01,43.66,No,4,No
TKT0004033,2025-07-01 01:01:00,2025-07-02 21:33:42,CUST01680,P4,Refund,General,Payments,Phone,L1 Support,Resolved,0.39,44.55,No,22,No
TKT0004034,2025-11-28 10:30:00,2025-11-30 09:26:29,CUST02447,P4,API,Technical,KYC Service,Chat,Engineering,Resolved,0.64,46.94,No,41,No
TKT0004035,2025-03-07 22:55:00,2025-03-08 06:53:39,CUST01100,P3,API,General,KYC Service,Portal,L1 Support,Resolved,0.71,7.98,Yes,4,No
TKT0004036,2025-05-14 22:38:00,2025-05-15 10:08:09,CUST02354,P2,Settlement,Technical,Merchant Portal,Chat,KYC Ops,Resolved,0.51,11.5,No,4,Yes
TKT0004037,2025-07-12 23:08:00,2025-07-13 23:13:04,CUST00063,P4,Settlement,Technical,Merchant Portal,Phone,KYC Ops,Resolved,5.71,24.08,No,17,No
TKT0004038,2025-05-30 11:10:00,2025-05-31 03:27:41,CUST01749,P3,Refund,General,KYC Service,Chat,L1 Support,Resolved,0.31,16.29,No,4,No
TKT0004039,2025-08-28 18:19:00,2025-08-29 16:33:10,CUST02611,P4,API,General,Wallet,Email,Payments Ops,Resolved,1.16,22.24,No,13,No
TKT0004040,2025-04-09 04:26:00,2025-04-09 17:44:26,CUST02877,P3,Payment Failure,General,Wallet,Chat,L1 Support,Resolved,0.33,13.31,No,4,No
TKT0004041,2025-11-30 14:13:00,2025-11-30 15:42:49,CUST01763,P1,KYC,Operational,Settlement API,Chat,KYC Ops,Resolved,0.14,1.5,No,29,No
TKT0004042,2025-08-21 01:47:00,2025-08-21 17:59:56,CUST00494,P4,Refund,Operational,Wallet,Chat,L2 Support,Resolved,1.57,16.22,No,6,No
TKT0004043,2025-12-07 17:29:00,2025-12-08 20:36:14,CUST01856,P3,Refund,Technical,Payments,Email,L2 Support,Resolved,0.35,27.12,No,1,Yes
TKT0004044,2025-12-11 11:45:00,2025-12-12 17:22:19,CUST01971,P4,Payment Failure,Technical,KYC Service,Portal,L1 Support,Resolved,0.37,29.62,No,12,No
TKT0004045,2025-06-28 16:42:00,2025-06-29 17:45:06,CUST01427,P3,Payment Failure,Operational,Payments,Chat,Payments Ops,Resolved,0.31,25.05,No,5,Yes
TKT0004046,2025-05-02 12:37:00,2025-05-03 11:19:02,CUST01915,P3,KYC,General,Merchant Portal,Chat,KYC Ops,Resolved,1.06,22.7,No,6,No
TKT0004047,2025-06-12 02:56:00,2025-06-12 09:02:02,CUST00149,P3,Refund,General,Settlement API,Phone,Payments Ops,Resolved,1.25,6.1,No,1,No
TKT0004048,2025-09-07 06:13:00,2025-09-07 12:18:28,CUST01422,P2,Settlement,Operational,Settlement API,Portal,L1 Support,Resolved,0.15,6.09,No,4,No
TKT0004049,2025-08-26 18:38:00,2025-08-27 20:39:37,CUST01590,P3,Settlement,Technical,Wallet,Phone,L2 Support,Resolved,2.13,26.03,No,12,Yes
TKT0004050,2025-02-11 08:38:00,2025-02-12 09:31:57,CUST02136,P3,Refund,General,Wallet,Phone,L2 Support,Resolved,0.1,24.9,No,1,Yes
TKT0004051,2025-08-26 04:28:00,2025-08-27 09:15:18,CUST02788,P3,Login,Technical,KYC Service,Chat,Engineering,Resolved,0.68,28.79,No,15,Yes
TKT0004052,2025-05-11 08:49:00,2025-05-11 16:24:03,CUST02154,P3,KYC,Operational,Payments,Email,KYC Ops,Resolved,0.51,7.58,No,7,No
TKT0004053,2025-11-08 12:21:00,2025-11-09 00:16:16,CUST01133,P4,KYC,Technical,Settlement API,Portal,L2 Support,Resolved,0.38,11.92,No,19,No
TKT0004054,2025-06-19 13:10:00,2025-06-20 10:48:31,CUST01674,P3,API,Technical,Merchant Portal,Phone,Payments Ops,Resolved,0.44,21.64,Yes,14,No
TKT0004055,2025-03-21 08:23:00,2025-03-23 18:39:15,CUST00155,P4,KYC,Operational,Settlement API,Chat,L2 Support,Resolved,0.45,58.27,No,4,Yes
TKT0004056,2025-05-27 03:09:00,2025-05-28 08:58:08,CUST00597,P4,KYC,General,Settlement API,Phone,Payments Ops,Resolved,0.3,29.82,Yes,15,No
TKT0004057,2025-06-27 10:04:00,2025-06-29 05:28:15,CUST00932,P4,KYC,General,Settlement API,Portal,L1 Support,Resolved,0.45,43.4,No,5,No
TKT0004058,2025-11-05 11:08:00,2025-11-07 18:35:36,CUST00331,P4,KYC,General,Payments,Chat,Engineering,Resolved,0.55,55.46,No,2,Yes
TKT0004059,2025-05-27 13:21:00,2025-05-29 09:22:09,CUST02246,P4,Payment Failure,General,Settlement API,Portal,KYC Ops,Resolved,1.79,44.02,No,3,No
TKT0004060,2025-02-09 20:23:00,2025-02-10 16:49:03,CUST02296,P4,Login,General,Settlement API,Portal,KYC Ops,Resolved,2.32,20.43,No,10,No
TKT0004061,2025-02-08 14:22:00,2025-02-09 23:05:57,CUST00476,P4,Payment Failure,Operational,Settlement API,Portal,L2 Support,Resolved,2.28,32.73,No,5,No
TKT0004062,2025-08-07 01:58:00,2025-08-07 04:39:55,CUST02417,P2,KYC,General,Wallet,Email,Engineering,Resolved,0.5,2.7,No,1,No
TKT0004063,2025-10-23 18:40:00,2025-10-24 01:01:24,CUST00676,P2,Settlement,General,Merchant Portal,Portal,Engineering,Resolved,1.99,6.36,Yes,15,No
TKT0004064,2025-01-14 15:55:00,2025-01-15 19:13:31,CUST02840,P3,API,Operational,Merchant Portal,Portal,KYC Ops,Resolved,0.61,27.31,No,5,Yes
TKT0004065,2025-12-01 00:31:00,2025-12-04 02:07:07,CUST01083,P4,Login,General,Merchant Portal,Chat,KYC Ops,Resolved,0.84,73.6,No,3,Yes
TKT0004066,2025-11-11 02:37:00,2025-11-12 03:43:57,CUST01971,P4,Login,General,Payments,Email,L1 Support,Resolved,0.84,25.12,No,1,No
TKT0004067,2025-10-31 18:42:00,2025-10-31 20:46:41,CUST02385,P2,Settlement,Operational,Merchant Portal,Phone,KYC Ops,Resolved,0.44,2.08,No,17,No
TKT0004068,2025-04-16 09:44:00,2025-04-18 18:03:54,CUST00870,P3,API,Technical,Wallet,Portal,KYC Ops,Resolved,2.59,56.33,Yes,3,Yes
TKT0004069,2025-08-25 09:02:00,2025-08-27 22:38:24,CUST01778,P4,Settlement,Operational,Settlement API,Chat,Engineering,Resolved,1.28,61.61,No,9,Yes
TKT0004070,2025-01-28 02:50:00,2025-01-29 01:38:31,CUST01832,P3,Payment Failure,Technical,KYC Service,Email,L1 Support,Resolved,1.5,22.81,No,8,No
TKT0004071,2025-05-23 17:04:00,2025-05-24 03:33:16,CUST02710,P3,Refund,General,KYC Service,Chat,L2 Support,Resolved,1.01,10.49,No,10,No
TKT0004072,2025-03-13 22:48:00,2025-03-15 04:00:13,CUST00231,P4,Login,Technical,Payments,Portal,L1 Support,Resolved,0.35,29.2,No,6,No
TKT0004073,2025-10-19 21:00:00,2025-10-21 03:06:49,CUST01838,P4,Login,Technical,Wallet,Chat,L2 Support,Resolved,1.01,30.11,No,4,No
TKT0004074,2025-06-29 01:35:00,2025-06-29 11:15:26,CUST00715,P3,API,Operational,KYC Service,Chat,Engineering,Resolved,0.32,9.67,No,7,No
TKT0004075,2025-04-05 09:16:00,2025-04-06 00:38:57,CUST01902,P3,Payment Failure,Operational,KYC Service,Chat,L2 Support,Resolved,1.07,15.38,No,4,No
TKT0004076,2025-06-19 09:54:00,2025-06-19 23:34:04,CUST00865,P2,Payment Failure,Technical,Wallet,Phone,Payments Ops,Resolved,1.8,13.67,Yes,5,Yes
TKT0004077,2025-03-29 18:55:00,2025-03-30 00:40:37,CUST01419,P3,Payment Failure,Technical,KYC Service,Chat,L2 Support,Resolved,1.28,5.76,No,36,No
TKT0004078,2025-05-24 08:01:00,2025-05-24 14:16:09,CUST01464,P2,Refund,Operational,Payments,Phone,Engineering,Resolved,0.75,6.25,No,3,No
TKT0004079,2025-12-15 08:32:00,2025-12-15 23:40:54,CUST02117,P4,Settlement,Operational,Merchant Portal,Chat,L2 Support,Resolved,2.6,15.15,No,1,No
TKT0004080,2025-12-19 17:06:00,2025-12-20 05:09:50,CUST00162,P2,KYC,Operational,Wallet,Portal,L2 Support,Resolved,1.7,12.06,No,3,Yes
TKT0004081,2025-07-05 04:30:00,2025-07-05 18:20:59,CUST02943,P2,KYC,Operational,Payments,Portal,L1 Support,Resolved,0.53,13.85,No,5,Yes
TKT0004082,2025-11-26 18:38:00,2025-11-27 18:59:21,CUST00504,P4,Login,General,Payments,Phone,L2 Support,Resolved,3.3,24.36,No,1,No
TKT0004083,2025-04-29 12:01:00,2025-04-30 07:19:21,CUST02988,P3,Settlement,Technical,Payments,Phone,Engineering,Resolved,1.43,19.31,No,6,No
TKT0004084,2025-10-23 03:33:00,2025-10-24 09:16:55,CUST01457,P4,Payment Failure,Technical,KYC Service,Portal,L1 Support,Resolved,3.14,29.73,No,19,No
TKT0004085,2025-10-24 08:36:00,2025-10-24 23:20:08,CUST00511,P3,API,Technical,Merchant Portal,Portal,L2 Support,Resolved,0.66,14.74,No,17,No
TKT0004086,2025-10-04 06:35:00,2025-10-05 12:13:29,CUST02079,P4,KYC,Operational,Wallet,Phone,Payments Ops,Resolved,0.45,29.64,No,2,No
TKT0004087,2025-04-29 04:11:00,2025-04-29 12:51:43,CUST01610,P3,Payment Failure,General,Wallet,Phone,Payments Ops,Resolved,1.59,8.68,No,1,No
TKT0004088,2025-10-11 01:02:00,2025-10-11 03:04:16,CUST01096,P2,KYC,General,Merchant Portal,Email,Payments Ops,Resolved,0.45,2.04,Yes,7,No
TKT0004089,2025-12-03 20:19:00,2025-12-04 01:18:30,CUST00302,P1,API,General,Settlement API,Phone,L1 Support,Resolved,0.35,4.99,No,26,Yes
TKT0004090,2025-09-22 02:55:00,2025-09-23 01:35:46,CUST00856,P4,KYC,Technical,Wallet,Phone,Payments Ops,Resolved,0.4,22.68,Yes,4,No
TKT0004091,2025-08-21 06:47:00,2025-08-21 09:10:36,CUST00535,P2,Settlement,Operational,Wallet,Portal,Engineering,Resolved,0.3,2.39,Yes,21,No
TKT0004092,2025-03-17 06:10:00,2025-03-17 19:08:38,CUST00571,P3,Payment Failure,Technical,Settlement API,Phone,L2 Support,Resolved,1.64,12.98,Yes,62,No
TKT0004093,2025-12-11 01:28:00,2025-12-11 23:16:01,CUST02923,P4,Settlement,Operational,Settlement API,Phone,KYC Ops,Resolved,0.57,21.8,No,29,No
TKT0004094,2025-10-05 21:29:00,2025-10-10 08:53:58,CUST01501,P4,API,General,Settlement API,Portal,KYC Ops,Resolved,0.51,107.42,No,5,Yes
TKT0004095,2025-01-15 06:19:00,2025-01-16 09:34:06,CUST01769,P4,API,Operational,Payments,Portal,Payments Ops,Resolved,0.71,27.25,No,20,No
TKT0004096,2025-11-12 00:17:00,2025-11-12 05:36:17,CUST00107,P2,API,General,Wallet,Portal,Engineering,Resolved,0.99,5.32,No,3,No
TKT0004097,2025-05-06 21:29:00,2025-05-07 10:06:08,CUST00776,P3,KYC,General,Payments,Phone,KYC Ops,Resolved,0.38,12.62,No,32,No
TKT0004098,2025-05-23 17:53:00,2025-05-24 02:57:08,CUST02645,P3,Refund,Operational,Payments,Email,L1 Support,Resolved,0.47,9.07,No,2,No
TKT0004099,2025-09-10 07:12:00,2025-09-10 13:47:07,CUST00880,P3,KYC,Operational,KYC Service,Portal,L2 Support,Resolved,0.37,6.59,No,2,No
TKT0004100,2025-12-29 19:56:00,2025-12-30 11:18:21,CUST02719,P4,Refund,General,KYC Service,Email,L1 Support,Resolved,0.74,15.37,No,36,No
TKT0004101,2025-04-08 04:15:00,2025-04-08 21:28:18,CUST00976,P3,Payment Failure,Technical,Merchant Portal,Email,L1 Support,Resolved,0.21,17.22,Yes,5,No
TKT0004102,2025-04-08 20:41:00,2025-04-08 23:57:26,CUST01387,P2,KYC,Operational,Payments,Portal,L1 Support,Resolved,1.64,3.27,No,19,No
TKT0004103,2025-07-11 02:07:00,2025-07-12 02:57:21,CUST02715,P4,Payment Failure,Technical,Wallet,Email,Engineering,Resolved,1.09,24.84,No,7,No
TKT0004104,2025-09-02 00:37:00,2025-09-03 19:33:50,CUST00317,P4,Payment Failure,Technical,KYC Service,Email,L1 Support,Resolved,5.08,42.95,No,3,No
TKT0004105,2025-03-18 02:59:00,2025-03-19 07:25:46,CUST00757,P4,KYC,Operational,KYC Service,Chat,L1 Support,Resolved,0.6,28.45,No,1,No
TKT0004106,2025-04-22 19:55:00,2025-04-23 16:44:59,CUST02910,P4,Login,Operational,KYC Service,Chat,L1 Support,Resolved,0.78,20.83,No,3,No
TKT0004107,2025-02-12 16:33:00,2025-02-15 19:55:34,CUST01746,P4,API,General,KYC Service,Email,Payments Ops,Resolved,0.31,75.38,No,10,Yes
TKT0004108,2025-05-19 17:05:00,2025-05-20 10:10:06,CUST00479,P3,API,Technical,Wallet,Chat,Engineering,Resolved,1.99,17.09,No,11,No
TKT0004109,2025-04-08 07:43:00,2025-04-08 14:20:49,CUST01157,P2,Refund,General,Wallet,Chat,L1 Support,Resolved,0.56,6.63,Yes,5,No
TKT0004110,2025-11-19 19:19:00,2025-11-21 04:03:22,CUST01487,P4,Settlement,General,Payments,Portal,L1 Support,Resolved,0.73,32.74,No,1,No
TKT0004111,2025-02-24 05:51:00,2025-02-24 20:59:54,CUST02809,P3,Refund,Operational,Merchant Portal,Portal,Engineering,Resolved,0.18,15.15,No,19,No
TKT0004112,2025-12-05 19:25:00,2025-12-06 17:32:28,CUST02248,P4,Settlement,Technical,Settlement API,Email,KYC Ops,Resolved,0.36,22.12,No,5,No
TKT0004113,2025-04-19 07:40:00,2025-04-19 18:15:00,CUST02042,P3,Settlement,Operational,Wallet,Email,L1 Support,Resolved,6.06,10.58,Yes,1,No
TKT0004114,2025-03-06 05:25:00,2025-03-06 13:43:58,CUST01654,P3,KYC,Operational,Merchant Portal,Chat,Payments Ops,Resolved,0.21,8.32,No,6,No
TKT0004115,2025-06-16 14:56:00,2025-06-18 06:46:52,CUST02266,P4,Payment Failure,Operational,Payments,Portal,L2 Support,Resolved,0.92,39.85,No,2,No
TKT0004116,2025-01-14 00:53:00,2025-01-16 10:37:30,CUST00201,P4,Refund,General,Wallet,Chat,Engineering,Resolved,0.36,57.74,No,22,Yes
TKT0004117,2025-03-08 10:19:00,2025-03-09 06:21:53,CUST01426,P4,Payment Failure,Operational,Payments,Chat,Engineering,Resolved,1.36,20.05,No,6,No
TKT0004118,2025-08-26 08:08:00,2025-08-27 21:37:48,CUST00419,P4,Payment Failure,Operational,KYC Service,Phone,KYC Ops,Resolved,0.24,37.5,No,17,No
TKT0004119,2025-07-30 23:05:00,2025-08-03 12:28:49,CUST02744,P4,Login,Technical,Payments,Portal,KYC Ops,Resolved,0.15,85.4,Yes,1,Yes
TKT0004120,2025-09-28 15:18:00,2025-09-30 16:02:00,CUST00404,P4,API,Technical,Payments,Chat,Payments Ops,Resolved,6.28,48.73,No,5,Yes
TKT0004121,2025-08-19 23:24:00,2025-08-20 04:35:10,CUST00527,P2,Payment Failure,Technical,Merchant Portal,Email,L2 Support,Resolved,1.21,5.19,No,9,No
TKT0004122,2025-04-24 07:18:00,2025-04-25 12:56:54,CUST01943,P3,Settlement,Technical,Payments,Email,KYC Ops,Resolved,0.77,29.65,No,15,Yes
TKT0004123,2025-10-29 13:48:00,2025-10-29 16:13:17,CUST02935,P1,Refund,General,Settlement API,Email,L2 Support,Resolved,0.77,2.42,Yes,8,No
TKT0004124,2025-10-31 06:39:00,2025-10-31 09:11:27,CUST02961,P2,Refund,Technical,Settlement API,Email,KYC Ops,Resolved,1.5,2.54,Yes,7,No
TKT0004125,2025-07-14 06:55:00,2025-07-15 05:09:46,CUST00434,P4,Login,General,Settlement API,Email,L1 Support,Resolved,2.89,22.25,No,1,No
TKT0004126,2025-12-01 21:26:00,2025-12-02 21:05:55,CUST02651,P3,API,Technical,KYC Service,Chat,Payments Ops,Resolved,0.65,23.67,No,20,No
TKT0004127,2025-12-11 10:45:00,2025-12-11 21:01:31,CUST01400,P3,Payment Failure,General,Merchant Portal,Portal,L1 Support,Resolved,0.58,10.28,No,15,No
TKT0004128,2025-07-30 15:24:00,2025-07-31 08:23:07,CUST01949,P4,Payment Failure,Technical,Payments,Email,Payments Ops,Resolved,0.87,16.99,No,20,No
TKT0004129,2025-11-28 16:14:00,2025-11-29 16:05:01,CUST00519,P4,API,General,Payments,Chat,Engineering,Resolved,2.54,23.85,No,11,No
TKT0004130,2025-09-20 01:01:00,2025-09-20 04:50:09,CUST00216,P2,Payment Failure,General,Settlement API,Email,Payments Ops,Resolved,0.61,3.82,No,54,No
TKT0004131,2025-06-10 07:09:00,2025-06-11 19:06:54,CUST02530,P4,Login,General,Merchant Portal,Email,Engineering,Resolved,0.81,35.97,No,24,No
TKT0004132,2025-02-10 13:57:00,2025-02-11 01:32:26,CUST01136,P2,Payment Failure,Technical,Settlement API,Chat,Engineering,Resolved,1.29,11.59,Yes,12,Yes
TKT0004133,2025-01-21 07:03:00,2025-01-22 04:34:40,CUST02404,P4,Refund,Operational,Payments,Portal,L1 Support,Resolved,0.35,21.53,No,33,No
TKT0004134,2025-03-20 18:25:00,2025-03-20 22:25:35,CUST00219,P2,Settlement,General,Settlement API,Phone,Payments Ops,Resolved,0.52,4.01,No,1,No
TKT0004135,2025-04-09 03:56:00,2025-04-09 19:31:55,CUST02684,P3,KYC,Operational,Settlement API,Chat,KYC Ops,Resolved,0.91,15.6,No,3,No
TKT0004136,2025-03-06 13:48:00,2025-03-07 13:41:42,CUST01503,P4,Settlement,Operational,Settlement API,Portal,L1 Support,Resolved,0.35,23.9,No,13,No
TKT0004137,2025-05-01 02:05:00,2025-05-01 05:56:10,CUST02630,P3,Payment Failure,Operational,Wallet,Portal,Payments Ops,Resolved,2.01,3.85,No,14,No
TKT0004138,2025-01-12 08:57:00,2025-01-12 13:12:34,CUST00511,P2,API,General,Merchant Portal,Email,L1 Support,Resolved,0.57,4.26,No,1,No
TKT0004139,2025-06-16 13:58:00,2025-06-16 16:38:28,CUST01677,P2,Refund,General,KYC Service,Chat,L1 Support,Resolved,3.98,2.67,No,18,No
TKT0004140,2025-10-09 22:12:00,2025-10-11 02:13:27,CUST02026,P3,KYC,General,Payments,Email,Engineering,Resolved,1.97,28.02,No,16,Yes
TKT0004141,2025-10-15 03:33:00,2025-10-16 20:14:01,CUST01591,P4,KYC,Operational,Wallet,Portal,Payments Ops,Resolved,2.4,40.68,No,8,No
TKT0004142,2025-11-10 21:31:00,2025-11-11 06:03:09,CUST00246,P3,Login,General,Wallet,Email,Engineering,Resolved,0.6,8.54,No,64,No
TKT0004143,2025-03-17 07:27:00,2025-03-17 16:23:56,CUST01638,P2,KYC,Operational,KYC Service,Portal,Payments Ops,Resolved,1.71,8.95,Yes,5,Yes
TKT0004144,2025-06-02 02:53:00,2025-06-03 11:32:49,CUST00417,P4,Payment Failure,General,Merchant Portal,Email,Payments Ops,Resolved,3.25,32.66,No,8,No
TKT0004145,2025-09-27 11:33:00,2025-09-30 20:29:54,CUST01946,P4,Refund,General,Settlement API,Phone,Engineering,Resolved,1.05,80.95,No,9,Yes
TKT0004146,2025-06-08 04:35:00,2025-06-08 14:28:13,CUST02571,P3,Login,General,Payments,Email,L1 Support,Resolved,1.44,9.89,No,70,No
TKT0004147,2025-03-16 23:13:00,2025-03-17 12:33:20,CUST02302,P3,Payment Failure,Operational,Payments,Portal,Payments Ops,Resolved,0.45,13.34,No,8,No
TKT0004148,2025-01-12 04:25:00,2025-01-13 03:10:51,CUST00004,P4,KYC,Technical,Merchant Portal,Phone,KYC Ops,Resolved,0.58,22.76,No,16,No
TKT0004149,2025-11-15 11:17:00,2025-11-16 12:42:52,CUST00850,P3,KYC,General,KYC Service,Phone,L2 Support,Resolved,0.87,25.43,No,23,Yes
TKT0004150,2025-03-03 13:43:00,2025-03-04 13:24:53,CUST01300,P3,Payment Failure,Technical,KYC Service,Chat,KYC Ops,Resolved,1.96,23.7,No,4,No
TKT0004151,2025-01-10 09:30:00,2025-01-11 11:57:01,CUST02893,P3,Settlement,Technical,Merchant Portal,Phone,L2 Support,Resolved,1.17,26.45,No,24,Yes
TKT0004152,2025-12-10 22:22:00,2025-12-11 17:03:54,CUST01602,P3,Payment Failure,Technical,Wallet,Email,L2 Support,Resolved,0.69,18.7,No,19,No
TKT0004153,2025-05-03 08:23:00,2025-05-04 15:44:48,CUST02001,P3,API,General,Wallet,Email,L1 Support,Resolved,3.73,31.36,No,17,Yes
TKT0004154,2025-02-01 03:23:00,2025-02-01 12:21:52,CUST01262,P3,Payment Failure,Operational,KYC Service,Email,Payments Ops,Resolved,2.2,8.98,No,2,No
TKT0004155,2025-02-21 17:29:00,2025-02-22 18:30:51,CUST00101,P4,Payment Failure,Operational,Settlement API,Email,Payments Ops,Resolved,1.46,25.03,No,10,No
TKT0004156,2025-09-06 15:33:00,2025-09-06 19:38:14,CUST00596,P1,Settlement,Technical,Settlement API,Chat,Engineering,Resolved,1.13,4.09,No,25,Yes
TKT0004157,2025-01-11 02:37:00,2025-01-11 08:38:25,CUST00086,P2,Login,Technical,Payments,Chat,L1 Support,Resolved,0.47,6.02,Yes,5,No
TKT0004158,2025-04-26 01:27:00,2025-04-27 16:50:40,CUST00622,P4,API,General,Merchant Portal,Phone,Engineering,Resolved,0.25,39.39,No,8,No
TKT0004159,2025-11-19 00:19:00,2025-11-19 11:53:25,CUST00853,P2,KYC,Operational,Wallet,Chat,Engineering,Resolved,0.78,11.57,No,28,Yes
TKT0004160,2025-03-27 21:00:00,2025-03-28 04:00:41,CUST01312,P2,Settlement,Operational,Wallet,Email,L2 Support,Resolved,1.21,7.01,No,3,No
TKT0004161,2025-11-23 21:54:00,2025-11-25 04:34:36,CUST02559,P3,KYC,Technical,Settlement API,Portal,L1 Support,Resolved,0.67,30.68,No,15,Yes
TKT0004162,2025-12-31 20:22:00,2026-01-02 00:20:40,CUST02986,P3,KYC,Operational,Settlement API,Phone,L1 Support,Resolved,1.03,27.98,No,44,Yes
TKT0004163,2025-09-06 00:02:00,2025-09-07 00:42:45,CUST02166,P4,Login,Technical,Payments,Portal,Engineering,Resolved,0.67,24.68,No,4,No
TKT0004164,2025-08-18 12:51:00,2025-08-19 09:30:05,CUST01039,P4,Payment Failure,General,Merchant Portal,Phone,Payments Ops,Resolved,0.09,20.65,No,32,No
TKT0004165,2025-03-22 02:40:00,2025-03-23 11:41:21,CUST01009,P3,Refund,Technical,Payments,Chat,L1 Support,Resolved,1.79,33.02,No,5,Yes
TKT0004166,2025-01-13 05:08:00,2025-01-18 07:48:22,CUST02064,P4,Payment Failure,Technical,Payments,Email,L2 Support,Resolved,2.42,122.67,No,6,Yes
TKT0004167,2025-12-10 04:03:00,2025-12-11 10:53:15,CUST02943,P3,Login,General,Payments,Portal,KYC Ops,Resolved,0.5,30.84,No,1,Yes
TKT0004168,2025-12-26 03:43:00,2025-12-27 03:14:19,CUST00482,P4,API,General,Wallet,Chat,KYC Ops,Resolved,1.21,23.52,Yes,8,No
TKT0004169,2025-05-14 18:07:00,2025-05-15 19:23:37,CUST01579,P3,API,General,Settlement API,Phone,Engineering,Resolved,0.58,25.28,No,3,Yes
TKT0004170,2025-01-11 22:15:00,2025-01-12 19:00:49,CUST01535,P4,Payment Failure,Technical,Merchant Portal,Email,Payments Ops,Resolved,1.32,20.76,No,2,No
TKT0004171,2025-12-04 10:17:00,2025-12-04 16:50:20,CUST01603,P2,KYC,Operational,Wallet,Portal,L1 Support,Resolved,0.62,6.56,Yes,2,No
TKT0004172,2025-12-23 18:05:00,2025-12-24 18:07:38,CUST00510,P4,Refund,General,KYC Service,Portal,Payments Ops,Resolved,0.37,24.04,No,2,No
TKT0004173,2025-03-18 07:35:00,2025-03-18 20:05:41,CUST02520,P3,API,Operational,KYC Service,Chat,L2 Support,Resolved,0.83,12.51,No,15,No
TKT0004174,2025-07-20 06:38:00,2025-07-21 06:54:26,CUST02451,P3,API,Technical,Merchant Portal,Chat,Payments Ops,Resolved,2.87,24.27,Yes,2,Yes
TKT0004175,2025-07-21 06:27:00,2025-07-22 01:45:30,CUST01791,P3,KYC,General,Settlement API,Chat,L2 Support,Resolved,1.4,19.31,No,20,No
TKT0004176,2025-01-30 03:03:00,2025-01-30 18:18:25,CUST01363,P3,Refund,Technical,Settlement API,Portal,Payments Ops,Resolved,0.27,15.26,No,7,No
TKT0004177,2025-10-14 12:48:00,2025-10-15 20:55:14,CUST02423,P4,Login,Technical,Settlement API,Phone,KYC Ops,Resolved,0.67,32.12,No,1,No
TKT0004178,2025-05-27 23:40:00,2025-05-28 01:09:03,CUST01337,P1,KYC,Technical,Payments,Phone,Engineering,Resolved,1.09,1.48,No,15,No
TKT0004179,2025-03-10 08:55:00,2025-03-11 11:20:09,CUST02654,P3,API,Technical,Wallet,Chat,L2 Support,Resolved,0.37,26.42,No,1,Yes
TKT0004180,2025-03-17 23:42:00,2025-03-18 04:37:13,CUST01327,P1,Settlement,Operational,Payments,Chat,L2 Support,Resolved,1.42,4.92,Yes,71,Yes
TKT0004181,2025-01-28 20:21:00,2025-01-30 10:55:46,CUST02340,P3,Settlement,Technical,Payments,Chat,Engineering,Resolved,0.36,38.58,No,13,Yes
TKT0004182,2025-06-04 16:45:00,2025-06-05 09:21:46,CUST00461,P4,Payment Failure,Technical,Wallet,Portal,Engineering,Resolved,0.38,16.61,No,1,No
TKT0004183,2025-05-23 13:27:00,2025-05-25 01:18:31,CUST02463,P4,Login,General,Payments,Portal,KYC Ops,Resolved,2.51,35.86,No,1,No
TKT0004184,2025-01-24 19:05:00,2025-01-25 11:30:08,CUST00759,P3,KYC,Technical,Wallet,Email,Payments Ops,Resolved,0.97,16.42,No,3,No
TKT0004185,2025-04-27 04:50:00,2025-04-27 21:14:39,CUST02057,P4,Payment Failure,General,KYC Service,Phone,L2 Support,Resolved,0.26,16.41,No,6,No
TKT0004186,2025-09-07 09:10:00,2025-09-08 23:03:11,CUST01704,P4,Settlement,Operational,Merchant Portal,Chat,Engineering,Resolved,0.78,37.89,No,2,No
TKT0004187,2025-09-28 12:33:00,2025-09-30 05:06:58,CUST02725,P4,KYC,Technical,Merchant Portal,Portal,L1 Support,Resolved,2.18,40.57,No,10,No
TKT0004188,2025-11-20 01:13:00,2025-11-20 02:33:52,CUST01166,P1,Refund,General,Merchant Portal,Phone,Payments Ops,Resolved,3.43,1.35,No,13,No
TKT0004189,2025-11-19 15:36:00,2025-11-19 17:30:05,CUST02920,P2,Refund,Technical,Payments,Email,L2 Support,Resolved,0.72,1.9,No,23,No
TKT0004190,2025-04-28 14:56:00,2025-04-29 06:17:14,CUST00225,P3,Payment Failure,Technical,Wallet,Email,L2 Support,Resolved,1.56,15.35,Yes,2,No
TKT0004191,2025-07-04 09:03:00,2025-07-04 12:19:03,CUST00743,P2,Payment Failure,Technical,Merchant Portal,Portal,L1 Support,Resolved,0.66,3.27,Yes,2,No
TKT0004192,2025-04-02 03:10:00,2025-04-02 20:10:33,CUST01220,P4,Payment Failure,Technical,Wallet,Email,L2 Support,Resolved,0.59,17.01,No,9,No
TKT0004193,2025-11-14 18:42:00,2025-11-15 22:53:16,CUST01746,P3,Payment Failure,Operational,KYC Service,Chat,Payments Ops,Resolved,0.79,28.19,No,15,Yes
TKT0004194,2025-11-12 20:03:00,2025-11-13 07:51:30,CUST00567,P3,Login,Operational,KYC Service,Chat,L1 Support,Resolved,0.97,11.81,No,5,No
TKT0004195,2025-07-12 12:40:00,2025-07-13 12:06:24,CUST00012,P3,KYC,Operational,KYC Service,Portal,KYC Ops,Resolved,1.46,23.44,No,20,No
TKT0004196,2025-10-12 04:08:00,2025-10-13 01:31:29,CUST00763,P3,Refund,Operational,KYC Service,Phone,L1 Support,Resolved,1.82,21.39,Yes,4,No
TKT0004197,2025-01-11 09:01:00,2025-01-13 01:17:43,CUST02449,P4,Refund,General,Payments,Portal,Engineering,Resolved,0.25,40.28,No,6,No
TKT0004198,2025-06-30 01:54:00,2025-06-30 17:07:06,CUST00100,P4,Settlement,General,KYC Service,Chat,KYC Ops,Resolved,2.11,15.22,No,1,No
TKT0004199,2025-09-21 01:41:00,2025-09-21 06:24:36,CUST00025,P2,Payment Failure,General,KYC Service,Phone,L1 Support,Resolved,0.31,4.73,Yes,1,No
TKT0004200,2025-05-20 08:12:00,2025-05-20 14:02:40,CUST00173,P1,Login,Technical,Payments,Chat,L2 Support,Resolved,0.55,5.84,No,8,Yes
TKT0004201,2025-08-15 14:38:00,2025-08-16 23:07:56,CUST01159,P3,Payment Failure,Operational,Settlement API,Phone,Payments Ops,Resolved,1.17,32.5,No,2,Yes
TKT0004202,2025-04-20 04:20:00,2025-04-20 16:04:53,CUST00412,P3,KYC,General,Merchant Portal,Email,KYC Ops,Resolved,1.65,11.75,No,26,No
TKT0004203,2025-06-25 11:28:00,2025-06-26 19:12:55,CUST01288,P4,Payment Failure,General,Settlement API,Chat,KYC Ops,Resolved,1.41,31.75,No,4,No
TKT0004204,2025-01-25 08:19:00,2025-01-25 11:28:28,CUST00134,P1,Payment Failure,Operational,Wallet,Portal,L2 Support,Resolved,0.64,3.16,Yes,10,No
TKT0004205,2025-12-15 12:11:00,2025-12-17 08:49:30,CUST01218,P4,Payment Failure,Technical,Settlement API,Email,Engineering,Resolved,0.48,44.64,No,1,No
TKT0004206,2025-10-31 12:59:00,2025-10-31 15:35:52,CUST01445,P2,Settlement,Operational,Wallet,Email,Payments Ops,Resolved,0.61,2.61,No,5,No
TKT0004207,2025-06-14 04:16:00,2025-06-15 02:39:37,CUST00828,P4,KYC,Operational,Merchant Portal,Chat,Engineering,Resolved,2.63,22.39,No,5,No
TKT0004208,2025-07-22 13:16:00,2025-07-23 09:58:07,CUST00138,P3,Payment Failure,Operational,Merchant Portal,Portal,L1 Support,Resolved,3.22,20.7,No,9,No
TKT0004209,2025-10-19 19:23:00,2025-10-20 09:11:38,CUST00045,P3,Payment Failure,General,Wallet,Chat,Payments Ops,Resolved,1.06,13.81,No,2,No
TKT0004210,2025-11-19 17:44:00,2025-11-20 05:55:07,CUST02032,P2,Payment Failure,Technical,Settlement API,Phone,KYC Ops,Resolved,1.87,12.19,Yes,3,Yes
TKT0004211,2025-11-21 11:55:00,2025-11-22 13:50:02,CUST01883,P4,API,Operational,Settlement API,Phone,Engineering,Resolved,0.54,25.92,No,16,No
TKT0004212,2025-12-15 21:38:00,2025-12-17 20:33:40,CUST02201,P4,Payment Failure,Technical,Wallet,Email,Engineering,Resolved,1.18,46.93,No,3,No
TKT0004213,2025-02-18 13:19:00,2025-02-20 16:01:08,CUST00025,P3,Settlement,Operational,Settlement API,Phone,L2 Support,Resolved,0.66,50.7,No,10,Yes
TKT0004214,2025-08-20 21:17:00,2025-08-22 12:31:46,CUST01868,P4,Settlement,Technical,Payments,Portal,Payments Ops,Resolved,1.82,39.25,No,1,No
TKT0004215,2025-10-08 11:36:00,2025-10-09 10:59:44,CUST02810,P4,Payment Failure,Technical,KYC Service,Email,KYC Ops,Resolved,0.36,23.4,No,11,No
TKT0004216,2025-09-04 06:58:00,2025-09-04 08:37:42,CUST01113,P2,KYC,Technical,Settlement API,Chat,Engineering,Resolved,1.04,1.66,Yes,6,No
TKT0004217,2025-05-10 21:30:00,2025-05-13 12:06:03,CUST02733,P4,API,Technical,Payments,Chat,Payments Ops,Resolved,0.5,62.6,No,5,Yes
TKT0004218,2025-02-23 03:40:00,2025-02-23 22:33:30,CUST00424,P3,Refund,General,Settlement API,Phone,KYC Ops,Resolved,0.62,18.89,No,40,No
TKT0004219,2025-11-13 00:04:00,2025-11-13 23:44:07,CUST00786,P3,API,Operational,Merchant Portal,Email,KYC Ops,Resolved,6.06,23.67,No,10,No
TKT0004220,2025-08-01 14:45:00,2025-08-03 06:14:39,CUST02078,P4,Payment Failure,Technical,Settlement API,Chat,KYC Ops,Resolved,1.4,39.49,No,14,No
TKT0004221,2025-03-19 13:23:00,2025-03-20 03:13:27,CUST00425,P3,API,General,KYC Service,Chat,Engineering,Resolved,2.4,13.84,No,1,No
TKT0004222,2025-12-09 03:25:00,2025-12-09 13:15:03,CUST01209,P3,Refund,Operational,Merchant Portal,Phone,KYC Ops,Resolved,0.36,9.83,No,1,No
TKT0004223,2025-06-25 16:30:00,2025-06-26 10:29:46,CUST01396,P4,Refund,General,KYC Service,Portal,L2 Support,Resolved,3.59,18.0,No,23,No
TKT0004224,2025-01-30 21:05:00,2025-02-01 03:56:26,CUST00197,P3,Settlement,General,Merchant Portal,Phone,Engineering,Resolved,0.52,30.86,No,26,Yes
TKT0004225,2025-03-07 09:50:00,2025-03-07 21:03:10,CUST01192,P3,Refund,Technical,Settlement API,Portal,L2 Support,Resolved,0.42,11.22,No,3,No
TKT0004226,2025-09-02 14:04:00,2025-09-04 17:25:43,CUST01938,P4,API,Operational,KYC Service,Chat,L2 Support,Resolved,0.53,51.36,No,1,Yes
TKT0004227,2025-04-08 22:59:00,2025-04-09 15:16:14,CUST00389,P3,Settlement,General,Settlement API,Portal,L2 Support,Resolved,2.11,16.29,No,1,No
TKT0004228,2025-08-17 05:40:00,2025-08-20 03:45:16,CUST00950,P3,API,Operational,Merchant Portal,Email,Engineering,Resolved,0.63,70.09,No,4,Yes
TKT0004229,2025-12-17 14:41:00,2025-12-17 17:38:51,CUST01215,P1,Payment Failure,Technical,KYC Service,Chat,L1 Support,Resolved,0.37,2.96,No,63,No
TKT0004230,2025-07-11 19:59:00,2025-07-15 07:16:03,CUST01541,P4,API,Operational,Wallet,Phone,L2 Support,Resolved,0.57,83.28,No,6,Yes
TKT0004231,2025-01-12 00:46:00,2025-01-12 09:04:17,CUST02395,P2,Refund,Technical,Merchant Portal,Email,L1 Support,Resolved,0.38,8.3,Yes,6,Yes
TKT0004232,2025-09-23 06:05:00,2025-09-24 22:51:08,CUST00532,P4,Settlement,Technical,Payments,Phone,KYC Ops,Resolved,0.67,40.77,No,3,No
TKT0004233,2025-06-28 13:59:00,2025-06-29 12:41:06,CUST02192,P2,API,General,Settlement API,Chat,Engineering,Resolved,0.15,22.7,No,2,Yes
TKT0004234,2025-09-24 18:44:00,2025-09-25 00:51:55,CUST01217,P3,KYC,General,KYC Service,Chat,L1 Support,Resolved,0.86,6.13,No,8,No
TKT0004235,2025-06-12 14:01:00,2025-06-14 06:14:57,CUST01715,P4,KYC,General,Payments,Portal,L2 Support,Resolved,1.63,40.23,Yes,22,No
TKT0004236,2025-12-23 07:57:00,2025-12-24 07:52:37,CUST02053,P4,API,Operational,Merchant Portal,Phone,L1 Support,Resolved,0.84,23.93,No,10,No
TKT0004237,2025-08-01 19:20:00,2025-08-02 03:46:56,CUST01649,P2,Login,Operational,Wallet,Chat,L1 Support,Resolved,1.77,8.45,No,11,Yes
TKT0004238,2025-06-15 10:45:00,2025-06-16 06:27:30,CUST00827,P4,Settlement,Technical,Settlement API,Phone,L1 Support,Resolved,1.34,19.71,No,4,No
TKT0004239,2025-02-17 20:31:00,2025-02-18 05:21:48,CUST02394,P2,Settlement,Technical,Payments,Portal,Engineering,Resolved,1.41,8.85,Yes,24,Yes
TKT0004240,2025-01-19 23:06:00,2025-01-20 00:38:04,CUST00297,P2,Settlement,Operational,Merchant Portal,Email,L2 Support,Resolved,0.11,1.53,No,6,No
TKT0004241,2025-09-10 20:23:00,2025-09-11 23:01:01,CUST01106,P4,API,General,Settlement API,Chat,Payments Ops,Resolved,0.56,26.63,No,1,No
TKT0004242,2025-05-19 05:29:00,2025-05-23 10:40:23,CUST00138,P3,API,General,Settlement API,Portal,L2 Support,Resolved,0.45,101.19,No,15,Yes
TKT0004243,2025-07-12 12:15:00,2025-07-13 02:46:46,CUST01554,P3,Payment Failure,Technical,Payments,Portal,Payments Ops,Resolved,1.26,14.53,No,20,No
TKT0004244,2025-05-02 04:18:00,2025-05-02 18:24:29,CUST00841,P4,Payment Failure,Technical,Payments,Chat,L1 Support,Resolved,0.58,14.11,No,4,No
TKT0004245,2025-10-24 10:15:00,2025-10-25 01:32:51,CUST00152,P3,KYC,Technical,Merchant Portal,Portal,L1 Support,Resolved,3.86,15.3,Yes,1,No
TKT0004246,2025-11-02 00:05:00,2025-11-02 23:20:42,CUST01470,P3,Payment Failure,General,Payments,Email,KYC Ops,Resolved,2.98,23.26,No,1,No
TKT0004247,2025-03-16 05:15:00,2025-03-16 14:24:09,CUST00064,P3,Payment Failure,Operational,Merchant Portal,Portal,Payments Ops,Resolved,0.89,9.15,No,3,No
TKT0004248,2025-03-13 08:09:00,2025-03-14 02:20:54,CUST00287,P3,Settlement,Technical,Settlement API,Phone,L2 Support,Resolved,0.81,18.2,No,3,No
TKT0004249,2025-10-22 22:41:00,2025-10-24 07:04:38,CUST02485,P3,API,Operational,Payments,Email,Engineering,Resolved,0.84,32.39,No,22,Yes
TKT0004250,2025-01-13 09:18:00,2025-01-14 16:42:39,CUST00583,P3,Payment Failure,General,Merchant Portal,Chat,L2 Support,Resolved,1.33,31.41,No,15,Yes
TKT0004251,2025-01-29 16:09:00,2025-01-29 22:26:49,CUST00071,P1,Payment Failure,Technical,Payments,Phone,L1 Support,Resolved,0.32,6.3,Yes,136,Yes
TKT0004252,2025-08-26 16:49:00,2025-08-27 01:43:46,CUST02375,P3,Refund,Technical,Settlement API,Email,L1 Support,Resolved,1.17,8.91,No,4,No
TKT0004253,2025-09-25 15:13:00,2025-09-26 22:16:28,CUST00262,P4,Payment Failure,General,KYC Service,Phone,KYC Ops,Resolved,1.04,31.06,No,11,No
TKT0004254,2025-08-07 02:57:00,2025-08-07 21:25:28,CUST02879,P2,KYC,Technical,Merchant Portal,Phone,L2 Support,Resolved,2.99,18.47,No,1,Yes
TKT0004255,2025-10-02 17:40:00,2025-10-03 03:10:39,CUST00404,P3,Payment Failure,General,Merchant Portal,Chat,Payments Ops,Resolved,2.62,9.51,No,8,No
TKT0004256,2025-01-10 07:47:00,2025-01-10 15:30:09,CUST01699,P2,Payment Failure,Technical,Payments,Chat,KYC Ops,Resolved,0.45,7.72,No,10,No
TKT0004257,2025-06-04 12:38:00,2025-06-05 11:09:17,CUST01556,P4,API,Operational,Payments,Chat,L2 Support,Resolved,0.99,22.52,Yes,18,No
TKT0004258,2025-01-15 22:07:00,2025-01-16 10:16:31,CUST02993,P3,KYC,Operational,Settlement API,Phone,L1 Support,Resolved,0.38,12.16,No,2,No
TKT0004259,2025-10-14 22:45:00,2025-10-16 18:50:22,CUST00541,P4,Payment Failure,Technical,Settlement API,Chat,KYC Ops,Resolved,0.57,44.09,No,24,No
TKT0004260,2025-06-10 14:36:00,2025-06-10 19:40:19,CUST00433,P3,KYC,Technical,Payments,Chat,Engineering,Resolved,2.87,5.07,No,30,No
TKT0004261,2025-10-20 04:37:00,2025-10-21 14:30:40,CUST02349,P4,Settlement,Technical,KYC Service,Phone,KYC Ops,Resolved,0.56,33.89,No,2,No
TKT0004262,2025-12-14 20:27:00,2025-12-15 12:21:45,CUST00407,P3,Login,General,Payments,Email,L2 Support,Resolved,1.62,15.91,Yes,49,No
TKT0004263,2025-10-05 13:51:00,2025-10-06 01:26:08,CUST02799,P2,Settlement,Operational,KYC Service,Email,Engineering,Resolved,0.26,11.59,No,4,Yes
TKT0004264,2025-01-05 03:51:00,2025-01-05 18:56:14,CUST01018,P4,API,Operational,KYC Service,Email,L2 Support,Resolved,2.68,15.09,No,12,No
TKT0004265,2025-02-21 15:44:00,2025-02-22 03:02:20,CUST00127,P3,Payment Failure,Technical,Wallet,Chat,L2 Support,Resolved,0.53,11.31,No,2,No
TKT0004266,2025-07-17 23:22:00,2025-07-18 15:42:58,CUST01223,P3,API,Operational,Merchant Portal,Chat,Payments Ops,Resolved,0.6,16.35,No,29,No
TKT0004267,2025-11-23 01:16:00,2025-11-24 08:14:29,CUST00816,P3,Login,General,Payments,Chat,L1 Support,Resolved,0.36,30.97,No,8,Yes
TKT0004268,2025-05-29 15:18:00,2025-05-30 04:35:52,CUST00846,P3,Payment Failure,Operational,Wallet,Phone,L1 Support,Resolved,1.05,13.3,No,12,No
TKT0004269,2025-03-20 17:00:00,2025-03-22 14:06:55,CUST02244,P4,Refund,Technical,Settlement API,Chat,L1 Support,Resolved,2.7,45.12,No,5,No
TKT0004270,2025-12-10 18:58:00,2025-12-11 00:47:01,CUST00613,P2,Settlement,Operational,Settlement API,Portal,L2 Support,Resolved,0.46,5.82,Yes,2,No
TKT0004271,2025-02-14 20:15:00,2025-02-15 07:40:18,CUST01137,P3,Settlement,General,KYC Service,Phone,Engineering,Resolved,0.52,11.42,No,22,No
TKT0004272,2025-07-03 08:29:00,2025-07-04 05:52:18,CUST01406,P4,Payment Failure,Technical,Merchant Portal,Portal,Payments Ops,Resolved,1.81,21.39,No,2,No
TKT0004273,2025-11-03 13:07:00,2025-11-04 03:45:51,CUST00528,P3,API,Technical,Merchant Portal,Portal,L1 Support,Resolved,0.63,14.65,No,4,No
TKT0004274,2025-04-26 16:14:00,2025-05-02 06:12:14,CUST02431,P4,KYC,General,Payments,Phone,KYC Ops,Resolved,0.5,133.97,No,3,Yes
TKT0004275,2025-11-05 06:41:00,2025-11-05 17:26:33,CUST02258,P3,API,Operational,Wallet,Phone,L2 Support,Resolved,0.21,10.76,No,14,No
TKT0004276,2025-03-22 22:56:00,2025-03-24 00:12:22,CUST02666,P3,KYC,Operational,KYC Service,Phone,L2 Support,Resolved,1.21,25.27,No,14,Yes
TKT0004277,2025-04-21 23:34:00,2025-04-22 19:27:40,CUST02996,P3,API,Operational,Wallet,Chat,L2 Support,Resolved,0.43,19.89,No,19,No
TKT0004278,2025-03-28 04:25:00,2025-03-28 20:11:24,CUST00864,P3,KYC,General,Payments,Phone,Engineering,Resolved,1.07,15.77,No,3,No
TKT0004279,2025-05-07 09:18:00,2025-05-08 05:25:53,CUST01730,P3,Login,General,Merchant Portal,Chat,KYC Ops,Resolved,0.59,20.13,No,3,No
TKT0004280,2025-03-17 02:00:00,2025-03-18 02:38:53,CUST00603,P4,Refund,Technical,Merchant Portal,Email,KYC Ops,Resolved,0.79,24.65,No,38,No
TKT0004281,2025-01-24 00:24:00,2025-01-24 14:13:24,CUST01099,P4,KYC,General,Payments,Chat,L1 Support,Resolved,0.19,13.82,No,4,No
TKT0004282,2025-02-23 02:04:00,2025-02-24 14:33:08,CUST00642,P3,KYC,Operational,Settlement API,Chat,L1 Support,Resolved,0.94,36.49,No,4,Yes
TKT0004283,2025-01-19 06:46:00,2025-01-19 19:17:51,CUST00570,P3,Login,Operational,Wallet,Portal,Payments Ops,Resolved,0.47,12.53,No,12,No
TKT0004284,2025-05-27 21:54:00,2025-05-28 02:16:01,CUST01263,P2,Login,General,Settlement API,Portal,L1 Support,Resolved,0.38,4.37,No,8,No
TKT0004285,2025-11-05 21:55:00,2025-11-06 21:00:20,CUST01518,P3,Payment Failure,Operational,Merchant Portal,Chat,Payments Ops,Resolved,3.23,23.09,No,7,No
TKT0004286,2025-05-13 11:38:00,2025-05-13 16:14:58,CUST01857,P1,Refund,Technical,Settlement API,Email,KYC Ops,Resolved,0.85,4.62,No,18,Yes
TKT0004287,2025-06-25 21:13:00,2025-06-26 11:03:08,CUST01535,P3,Login,Operational,Merchant Portal,Phone,L1 Support,Resolved,0.5,13.84,No,11,No
TKT0004288,2025-04-28 08:12:00,2025-04-30 12:05:48,CUST00404,P4,API,Operational,Wallet,Phone,Payments Ops,Resolved,0.37,51.9,No,3,Yes
TKT0004289,2025-01-16 17:52:00,2025-01-18 21:58:00,CUST01656,P3,KYC,Technical,Merchant Portal,Portal,L1 Support,Resolved,2.14,52.1,No,1,Yes
TKT0004290,2025-03-20 20:52:00,2025-03-23 17:34:03,CUST01910,P3,API,Technical,Settlement API,Phone,KYC Ops,Resolved,1.09,68.7,No,1,Yes
TKT0004291,2025-05-01 22:34:00,2025-05-02 06:30:26,CUST02627,P4,Refund,Operational,Merchant Portal,Portal,L2 Support,Resolved,1.05,7.94,No,3,No
TKT0004292,2025-06-04 14:27:00,2025-06-04 23:36:37,CUST00643,P3,Payment Failure,Technical,Settlement API,Chat,L1 Support,Resolved,0.8,9.16,No,3,No
TKT0004293,2025-08-18 14:31:00,2025-08-19 05:51:40,CUST01045,P3,Refund,Technical,KYC Service,Chat,L1 Support,Resolved,0.56,15.34,No,74,No
TKT0004294,2025-07-08 16:26:00,2025-07-09 09:47:30,CUST01796,P4,Payment Failure,Operational,Settlement API,Chat,Payments Ops,Resolved,5.43,17.36,No,4,No
TKT0004295,2025-06-28 14:14:00,2025-06-28 15:23:29,CUST00917,P1,Login,Operational,Settlement API,Chat,Engineering,Resolved,0.46,1.16,Yes,22,No
TKT0004296,2025-11-19 23:15:00,2025-11-20 15:38:17,CUST00518,P3,Login,Technical,KYC Service,Email,Engineering,Resolved,0.67,16.39,No,2,No
TKT0004297,2025-01-14 01:14:00,2025-01-14 19:06:57,CUST02518,P3,Payment Failure,Operational,Wallet,Phone,L1 Support,Resolved,0.37,17.88,No,3,No
TKT0004298,2025-11-30 18:54:00,2025-12-01 13:43:00,CUST02041,P4,Payment Failure,Operational,Wallet,Chat,L2 Support,Resolved,0.76,18.82,No,5,No
TKT0004299,2025-03-20 08:38:00,2025-03-20 11:41:12,CUST02179,P1,Login,Operational,Payments,Portal,KYC Ops,Resolved,1.9,3.05,No,12,No
TKT0004300,2025-11-06 01:29:00,2025-11-06 14:08:19,CUST02747,P3,Payment Failure,General,Wallet,Phone,KYC Ops,Resolved,5.59,12.66,No,11,No
TKT0004301,2025-08-27 02:37:00,2025-08-27 04:32:45,CUST02907,P2,KYC,Operational,Settlement API,Portal,Payments Ops,Resolved,2.15,1.93,Yes,10,No
TKT0004302,2025-11-10 20:49:00,2025-11-11 04:08:33,CUST00647,P3,Payment Failure,Operational,Merchant Portal,Phone,KYC Ops,Resolved,0.5,7.33,No,5,No
TKT0004303,2025-08-02 23:07:00,2025-08-03 15:24:25,CUST01923,P3,Payment Failure,Operational,KYC Service,Phone,Payments Ops,Resolved,0.73,16.29,No,5,No
TKT0004304,2025-08-27 12:25:00,2025-08-29 08:30:15,CUST02063,P4,Login,General,KYC Service,Phone,KYC Ops,Resolved,0.24,44.09,No,5,No
TKT0004305,2025-10-18 23:31:00,2025-10-21 01:26:22,CUST02869,P4,Payment Failure,Technical,KYC Service,Chat,L1 Support,Resolved,0.43,49.92,Yes,20,Yes
TKT0004306,2025-06-30 07:26:00,2025-07-01 20:02:37,CUST02301,P4,KYC,Technical,Merchant Portal,Email,L2 Support,Resolved,1.08,36.61,No,17,No
TKT0004307,2025-06-14 19:39:00,2025-06-15 02:35:35,CUST02142,P3,Payment Failure,Technical,Settlement API,Phone,L2 Support,Resolved,0.7,6.94,Yes,32,No
TKT0004308,2025-01-16 05:34:00,2025-01-16 14:44:45,CUST01503,P4,Payment Failure,Operational,Payments,Chat,L2 Support,Resolved,0.78,9.18,Yes,4,No
TKT0004309,2025-04-14 06:41:00,2025-04-16 22:45:39,CUST02378,P4,API,Technical,Wallet,Phone,Engineering,Resolved,0.74,64.08,No,5,Yes
TKT0004310,2025-11-16 05:54:00,2025-11-16 19:36:01,CUST01247,P3,KYC,Operational,Merchant Portal,Email,L1 Support,Resolved,1.08,13.7,No,3,No
TKT0004311,2025-06-22 09:41:00,2025-06-23 15:53:57,CUST02274,P3,Refund,General,Wallet,Portal,KYC Ops,Resolved,3.37,30.22,No,15,Yes
TKT0004312,2025-09-13 04:39:00,2025-09-13 12:55:49,CUST01435,P2,Login,Operational,Wallet,Chat,Engineering,Resolved,0.46,8.28,Yes,4,Yes
TKT0004313,2025-11-10 11:26:00,2025-11-17 13:24:04,CUST00023,P4,API,General,KYC Service,Chat,L2 Support,Resolved,0.6,169.97,No,5,Yes
TKT0004314,2025-08-27 08:25:00,2025-08-27 21:41:47,CUST02783,P3,Payment Failure,Operational,Payments,Chat,L2 Support,Resolved,0.86,13.28,No,26,No
TKT0004315,2025-09-15 19:12:00,2025-09-16 00:15:58,CUST00483,P2,Refund,General,Payments,Email,KYC Ops,Resolved,0.39,5.07,No,14,No
TKT0004316,2025-07-10 12:08:00,2025-07-12 00:34:54,CUST00262,P4,Payment Failure,Operational,Wallet,Email,KYC Ops,Resolved,1.19,36.45,No,10,No
TKT0004317,2025-07-28 13:56:00,2025-07-30 17:33:50,CUST00453,P4,API,Operational,Payments,Chat,L1 Support,Resolved,0.34,51.63,No,3,Yes
TKT0004318,2025-09-17 17:36:00,2025-09-18 19:39:32,CUST00158,P4,Login,Technical,Wallet,Portal,Payments Ops,Resolved,0.86,26.06,No,7,No
TKT0004319,2025-07-01 18:15:00,2025-07-02 13:42:42,CUST02625,P4,Settlement,Operational,Settlement API,Email,Payments Ops,Resolved,0.44,19.46,No,19,No
TKT0004320,2025-02-10 17:01:00,2025-02-12 07:38:00,CUST00739,P4,Payment Failure,Operational,Settlement API,Phone,KYC Ops,Resolved,0.9,38.62,No,1,No
TKT0004321,2025-11-24 23:10:00,2025-11-26 08:54:45,CUST02161,P3,Login,General,Payments,Portal,Payments Ops,Resolved,1.13,33.75,Yes,5,Yes
TKT0004322,2025-07-02 01:13:00,2025-07-02 09:56:06,CUST00670,P3,KYC,Operational,Settlement API,Portal,Engineering,Resolved,2.24,8.72,No,6,No
TKT0004323,2025-02-14 06:01:00,2025-02-14 14:54:58,CUST02050,P3,Refund,Technical,Settlement API,Portal,L2 Support,Resolved,0.51,8.9,No,11,No
TKT0004324,2025-08-19 12:52:00,2025-08-20 11:29:35,CUST00641,P4,KYC,Operational,Payments,Phone,KYC Ops,Resolved,0.63,22.63,No,2,No
TKT0004325,2025-04-26 05:28:00,2025-04-27 08:10:52,CUST02264,P3,Payment Failure,General,Merchant Portal,Phone,L1 Support,Resolved,1.85,26.71,No,21,Yes
TKT0004326,2025-02-13 09:57:00,2025-02-14 07:19:36,CUST01335,P3,KYC,General,Settlement API,Phone,KYC Ops,Resolved,0.83,21.38,No,11,No
TKT0004327,2025-10-26 10:08:00,2025-10-27 22:18:42,CUST01773,P3,Payment Failure,General,Payments,Portal,L1 Support,Resolved,2.06,36.18,No,17,Yes
TKT0004328,2025-05-28 06:02:00,2025-05-29 16:21:26,CUST02669,P4,KYC,Operational,KYC Service,Phone,L2 Support,Resolved,0.38,34.32,No,15,No
TKT0004329,2025-07-14 02:08:00,2025-07-15 18:21:48,CUST00643,P4,Settlement,Technical,Payments,Portal,KYC Ops,Resolved,0.69,40.23,No,9,No
TKT0004330,2025-05-13 14:14:00,2025-05-14 03:01:56,CUST00130,P4,Refund,Operational,Wallet,Chat,KYC Ops,Resolved,1.67,12.8,No,1,No
TKT0004331,2025-05-04 02:06:00,2025-05-04 15:28:17,CUST01763,P3,KYC,Technical,Settlement API,Phone,KYC Ops,Resolved,0.75,13.37,No,61,No
TKT0004332,2025-01-05 12:50:00,2025-01-07 09:28:46,CUST00060,P4,Login,Operational,Payments,Chat,L1 Support,Resolved,0.46,44.65,No,3,No
TKT0004333,2025-09-05 10:54:00,2025-09-06 05:25:25,CUST02311,P3,KYC,Operational,Payments,Portal,Payments Ops,Resolved,0.61,18.52,No,37,No
TKT0004334,2025-08-12 03:06:00,2025-08-12 08:35:55,CUST02084,P2,Payment Failure,Operational,Merchant Portal,Portal,Payments Ops,Resolved,0.21,5.5,Yes,2,No
TKT0004335,2025-06-24 19:47:00,2025-06-25 21:35:09,CUST02720,P3,Payment Failure,Operational,KYC Service,Phone,KYC Ops,Resolved,1.0,25.8,No,4,Yes
TKT0004336,2025-09-15 05:30:00,2025-09-17 14:52:27,CUST01225,P4,Settlement,Operational,Merchant Portal,Email,Engineering,Resolved,4.49,57.37,No,23,Yes
TKT0004337,2025-09-12 12:58:00,2025-09-13 05:15:21,CUST00636,P3,Refund,Operational,KYC Service,Email,Payments Ops,Resolved,0.44,16.29,Yes,4,No
TKT0004338,2025-08-03 22:16:00,2025-08-04 16:48:02,CUST00788,P3,Refund,Technical,Wallet,Email,Payments Ops,Resolved,0.62,18.53,No,18,No
TKT0004339,2025-01-20 11:02:00,2025-01-20 13:03:24,CUST02509,P1,Payment Failure,Technical,KYC Service,Email,Payments Ops,Resolved,0.6,2.02,Yes,29,No
TKT0004340,2025-11-23 18:34:00,2025-11-24 06:22:57,CUST02311,P3,KYC,General,Wallet,Email,L2 Support,Resolved,0.67,11.82,No,18,No
TKT0004341,2025-01-10 16:31:00,2025-01-11 18:32:47,CUST02402,P3,Login,General,Wallet,Chat,L2 Support,Resolved,0.43,26.03,No,1,Yes
TKT0004342,2025-06-09 07:30:00,2025-06-10 14:20:39,CUST02587,P4,Payment Failure,General,Payments,Portal,L2 Support,Resolved,1.29,30.84,No,1,No
TKT0004343,2025-05-09 14:19:00,2025-05-09 21:40:14,CUST00293,P2,Payment Failure,Technical,Wallet,Email,L1 Support,Resolved,1.29,7.35,Yes,16,No
TKT0004344,2025-12-17 07:52:00,2025-12-17 08:26:14,CUST01712,P1,Payment Failure,General,Payments,Phone,L2 Support,Resolved,0.28,0.57,No,51,No
TKT0004345,2025-02-02 01:29:00,2025-02-03 16:29:15,CUST02107,P4,KYC,Technical,Merchant Portal,Email,Engineering,Resolved,1.97,39.0,No,17,No
TKT0004346,2025-03-07 17:40:00,2025-03-08 13:52:46,CUST00649,P2,API,General,KYC Service,Phone,Payments Ops,Resolved,0.62,20.21,No,2,Yes
TKT0004347,2025-01-26 04:03:00,2025-01-26 18:40:39,CUST00605,P3,Settlement,Technical,Payments,Chat,KYC Ops,Resolved,2.3,14.63,Yes,16,No
TKT0004348,2025-05-15 18:14:00,2025-05-16 08:54:11,CUST00268,P3,Refund,Operational,Payments,Email,KYC Ops,Resolved,1.04,14.67,No,6,No
TKT0004349,2025-11-02 09:22:00,2025-11-03 06:06:57,CUST02330,P3,KYC,Technical,Settlement API,Chat,Payments Ops,Resolved,1.43,20.75,No,2,No
TKT0004350,2025-07-30 12:55:00,2025-07-31 04:12:55,CUST00618,P4,Payment Failure,Operational,KYC Service,Chat,KYC Ops,Resolved,0.12,15.3,No,14,No
TKT0004351,2025-05-15 22:10:00,2025-05-15 23:34:42,CUST00775,P1,Login,Operational,KYC Service,Email,Payments Ops,Resolved,1.69,1.41,No,25,No
TKT0004352,2025-07-20 19:22:00,2025-07-21 06:03:22,CUST01343,P3,Login,Operational,Payments,Chat,Engineering,Resolved,0.41,10.69,No,1,No
TKT0004353,2025-03-14 17:10:00,2025-03-15 07:41:33,CUST00381,P3,Login,Technical,Wallet,Portal,L2 Support,Resolved,0.58,14.53,Yes,13,No
TKT0004354,2025-03-15 13:47:00,2025-03-16 22:16:47,CUST02048,P4,Refund,Operational,Settlement API,Chat,Payments Ops,Resolved,0.19,32.5,No,2,No
TKT0004355,2025-10-28 04:48:00,2025-10-28 14:09:13,CUST01552,P3,Refund,General,Settlement API,Phone,Payments Ops,Resolved,0.91,9.35,No,1,No
TKT0004356,2025-09-25 22:57:00,2025-09-26 15:10:20,CUST02935,P3,KYC,Operational,Merchant Portal,Phone,Engineering,Resolved,1.61,16.22,No,5,No
TKT0004357,2025-08-15 16:14:00,2025-08-16 04:01:38,CUST00794,P3,Login,Operational,Wallet,Email,KYC Ops,Resolved,0.34,11.79,No,1,No
TKT0004358,2025-08-29 09:11:00,2025-08-29 17:53:53,CUST01454,P2,API,Operational,Payments,Portal,Payments Ops,Resolved,0.86,8.71,No,1,Yes
TKT0004359,2025-10-18 15:13:00,2025-10-19 03:30:27,CUST02246,P3,KYC,Technical,Wallet,Chat,L2 Support,Resolved,0.84,12.29,No,8,No
TKT0004360,2025-07-25 12:55:00,2025-07-26 07:59:58,CUST00887,P4,Payment Failure,Technical,KYC Service,Phone,Payments Ops,Resolved,1.58,19.08,No,3,No
TKT0004361,2025-08-06 06:16:00,2025-08-07 00:11:35,CUST02516,P2,API,General,Merchant Portal,Email,Engineering,Resolved,2.02,17.93,Yes,4,Yes
TKT0004362,2025-09-28 09:03:00,2025-09-29 02:22:27,CUST02974,P4,Refund,Technical,Payments,Chat,KYC Ops,Resolved,0.13,17.32,No,10,No
TKT0004363,2025-08-06 07:21:00,2025-08-07 01:58:57,CUST02104,P3,KYC,General,Wallet,Portal,L2 Support,Resolved,0.64,18.63,No,1,No
TKT0004364,2025-10-07 18:55:00,2025-10-10 03:04:43,CUST00429,P4,Settlement,General,Payments,Phone,Engineering,Resolved,0.78,56.16,No,17,Yes
TKT0004365,2025-07-01 09:33:00,2025-07-01 16:37:10,CUST01963,P3,Settlement,Technical,Settlement API,Email,Engineering,Resolved,2.53,7.07,Yes,1,No
TKT0004366,2025-12-30 09:34:00,2025-12-31 01:17:54,CUST02041,P4,KYC,Technical,KYC Service,Phone,KYC Ops,Resolved,1.44,15.73,No,5,No
TKT0004367,2025-09-05 18:34:00,2025-09-07 05:06:19,CUST02231,P4,API,General,Payments,Email,KYC Ops,Resolved,0.62,34.54,No,27,No
TKT0004368,2025-02-18 01:40:00,2025-02-18 21:06:38,CUST00264,P3,KYC,Operational,Payments,Phone,Payments Ops,Resolved,0.57,19.44,Yes,10,No
TKT0004369,2025-02-15 01:00:00,2025-02-16 08:27:06,CUST01194,P4,KYC,Technical,Merchant Portal,Chat,Engineering,Resolved,0.92,31.45,No,3,No
TKT0004370,2025-09-19 12:33:00,2025-09-22 21:49:37,CUST02519,P4,Refund,General,Payments,Chat,L1 Support,Resolved,0.85,81.28,No,8,Yes
TKT0004371,2025-12-12 12:14:00,2025-12-13 09:45:24,CUST02017,P4,KYC,Operational,KYC Service,Portal,L2 Support,Resolved,1.5,21.52,Yes,5,No
TKT0004372,2025-02-10 17:13:00,2025-02-13 02:14:55,CUST01651,P4,Refund,Operational,Payments,Email,L1 Support,Resolved,0.43,57.03,No,2,Yes
TKT0004373,2025-05-29 04:31:00,2025-05-29 16:27:19,CUST00866,P2,Refund,Technical,KYC Service,Email,KYC Ops,Resolved,2.14,11.94,No,6,Yes
TKT0004374,2025-01-29 21:37:00,2025-02-01 09:03:54,CUST01204,P4,Payment Failure,Operational,Wallet,Phone,L2 Support,Resolved,5.74,59.45,No,12,Yes
TKT0004375,2025-09-04 18:13:00,2025-09-05 20:28:48,CUST01897,P4,API,Technical,Merchant Portal,Chat,Engineering,Resolved,0.69,26.26,No,27,No
TKT0004376,2025-06-21 08:31:00,2025-06-22 00:46:48,CUST01443,P4,API,Technical,Settlement API,Phone,L1 Support,Resolved,0.31,16.26,No,35,No
TKT0004377,2025-10-24 10:17:00,2025-10-26 13:35:29,CUST02770,P4,API,Technical,Payments,Phone,L1 Support,Resolved,0.5,51.31,No,1,Yes
TKT0004378,2025-01-18 05:32:00,2025-01-18 11:44:13,CUST01324,P2,KYC,Technical,Wallet,Portal,Payments Ops,Resolved,2.08,6.2,No,6,No
TKT0004379,2025-08-04 04:55:00,2025-08-04 11:16:59,CUST00419,P3,Settlement,Technical,KYC Service,Portal,Engineering,Resolved,0.88,6.37,No,2,No
TKT0004380,2025-10-05 14:06:00,2025-10-06 19:51:56,CUST01811,P3,API,Technical,KYC Service,Chat,KYC Ops,Resolved,1.15,29.77,No,11,Yes
TKT0004381,2025-12-25 09:09:00,2025-12-25 13:40:40,CUST01090,P2,API,Operational,Wallet,Chat,L1 Support,Resolved,1.68,4.53,No,23,No
TKT0004382,2025-11-20 04:31:00,2025-11-20 07:54:21,CUST01260,P1,Payment Failure,General,Wallet,Portal,L2 Support,Resolved,0.51,3.39,No,11,No
TKT0004383,2025-12-19 11:04:00,2025-12-19 21:01:49,CUST01157,P2,Payment Failure,Operational,Payments,Portal,L2 Support,Resolved,0.53,9.96,No,5,Yes
TKT0004384,2025-10-30 18:12:00,2025-10-30 20:30:40,CUST00930,P1,Payment Failure,Technical,Wallet,Portal,Payments Ops,Resolved,1.62,2.31,Yes,18,No
TKT0004385,2025-11-10 00:05:00,2025-11-10 13:42:08,CUST00700,P3,Refund,Operational,Settlement API,Email,KYC Ops,Resolved,0.78,13.62,No,7,No
TKT0004386,2025-02-14 16:53:00,2025-02-14 23:01:08,CUST00795,P2,Login,General,Payments,Phone,KYC Ops,Resolved,2.9,6.14,Yes,22,No
TKT0004387,2025-10-05 19:43:00,2025-10-06 15:29:26,CUST00722,P4,Payment Failure,Technical,Settlement API,Phone,Payments Ops,Resolved,0.55,19.77,No,5,No
TKT0004388,2025-03-22 09:32:00,2025-03-23 13:04:16,CUST01057,P4,Refund,Operational,Wallet,Portal,Engineering,Resolved,0.68,27.54,No,15,No
TKT0004389,2025-03-24 15:58:00,2025-03-24 18:57:20,CUST00309,P1,Refund,General,Wallet,Email,KYC Ops,Resolved,0.44,2.99,No,44,No
TKT0004390,2025-07-15 04:33:00,2025-07-15 08:43:51,CUST00251,P3,Login,Operational,Merchant Portal,Chat,Payments Ops,Resolved,0.84,4.18,No,10,No
TKT0004391,2025-08-08 00:38:00,2025-08-08 20:19:05,CUST01973,P4,Payment Failure,Operational,Merchant Portal,Portal,Engineering,Resolved,1.29,19.68,No,5,No
TKT0004392,2025-04-21 16:42:00,2025-04-22 20:53:13,CUST01587,P4,Login,Operational,Merchant Portal,Email,Payments Ops,Resolved,0.38,28.19,No,17,No
TKT0004393,2025-12-28 07:15:00,2025-12-29 07:41:44,CUST02292,P4,Payment Failure,Operational,KYC Service,Email,L1 Support,Resolved,1.35,24.45,No,23,No
TKT0004394,2025-02-18 14:35:00,2025-02-19 11:55:31,CUST01243,P3,Payment Failure,Technical,Payments,Portal,L2 Support,Resolved,0.38,21.34,No,11,No
TKT0004395,2025-08-12 15:20:00,2025-08-13 22:51:38,CUST02037,P3,Refund,General,Payments,Portal,Engineering,Resolved,6.43,31.53,Yes,6,Yes
TKT0004396,2025-03-27 20:34:00,2025-03-28 13:57:09,CUST02902,P3,Settlement,General,Merchant Portal,Portal,L2 Support,Resolved,0.1,17.39,No,23,No
TKT0004397,2025-11-18 07:12:00,2025-11-18 14:19:46,CUST00973,P4,KYC,General,Settlement API,Email,Payments Ops,Resolved,0.41,7.13,No,4,No
TKT0004398,2025-06-23 00:08:00,2025-06-24 00:31:35,CUST00226,P4,Settlement,General,Wallet,Chat,Payments Ops,Resolved,0.73,24.39,No,1,No
TKT0004399,2025-11-04 02:05:00,2025-11-04 18:16:38,CUST01153,P3,Payment Failure,Technical,Payments,Portal,L2 Support,Resolved,1.49,16.19,No,2,No
TKT0004400,2025-09-07 06:22:00,2025-09-08 06:32:55,CUST01841,P3,API,Operational,Merchant Portal,Portal,L2 Support,Resolved,0.77,24.18,No,29,Yes
TKT0004401,2025-05-29 11:35:00,2025-05-30 04:53:28,CUST00137,P3,Payment Failure,Operational,Wallet,Phone,L1 Support,Resolved,0.81,17.31,No,15,No
TKT0004402,2025-01-06 03:02:00,2025-01-07 00:40:19,CUST00276,P3,API,General,Payments,Email,Engineering,Resolved,1.25,21.64,No,2,No
TKT0004403,2025-02-21 11:22:00,2025-02-22 05:41:26,CUST02388,P3,Refund,Operational,KYC Service,Phone,Engineering,Resolved,2.1,18.32,No,7,No
TKT0004404,2025-09-18 12:22:00,2025-09-18 13:22:47,CUST02173,P1,KYC,Operational,Settlement API,Chat,KYC Ops,Resolved,0.45,1.01,No,56,No
TKT0004405,2025-05-28 01:40:00,2025-05-29 10:21:52,CUST02196,P4,API,Operational,KYC Service,Email,L1 Support,Resolved,1.12,32.7,No,17,No
TKT0004406,2025-08-06 12:32:00,2025-08-09 02:21:30,CUST00643,P4,Settlement,Technical,Wallet,Phone,Engineering,Resolved,0.39,61.83,No,7,Yes
TKT0004407,2025-02-05 21:36:00,2025-02-07 12:11:16,CUST00930,P4,API,Technical,Settlement API,Chat,L1 Support,Resolved,1.07,38.59,No,8,No
TKT0004408,2025-04-28 08:05:00,2025-04-29 04:24:22,CUST01715,P3,Settlement,Technical,Wallet,Email,L1 Support,Resolved,3.12,20.32,No,5,No
TKT0004409,2025-06-19 00:30:00,2025-06-19 14:33:32,CUST01262,P4,Payment Failure,Operational,KYC Service,Email,KYC Ops,Resolved,1.3,14.06,No,5,No
TKT0004410,2025-07-12 04:15:00,2025-07-12 08:56:30,CUST00697,P2,API,Operational,Payments,Email,L2 Support,Resolved,2.61,4.69,No,23,No
TKT0004411,2025-11-27 18:16:00,2025-11-29 19:36:23,CUST02157,P4,Payment Failure,General,Wallet,Chat,KYC Ops,Resolved,1.4,49.34,No,2,Yes
TKT0004412,2025-01-23 00:49:00,2025-01-23 11:22:24,CUST02666,P3,API,Operational,Wallet,Phone,Engineering,Resolved,0.65,10.56,No,5,No
TKT0004413,2025-07-20 21:27:00,2025-07-21 03:45:04,CUST01217,P1,KYC,General,KYC Service,Chat,L2 Support,Resolved,0.92,6.3,No,79,Yes
TKT0004414,2025-12-06 12:15:00,2025-12-06 18:20:32,CUST00094,P2,Payment Failure,Technical,KYC Service,Portal,Engineering,Resolved,0.68,6.09,Yes,9,No
TKT0004415,2025-10-29 04:20:00,2025-10-29 13:07:38,CUST00212,P2,KYC,Technical,Merchant Portal,Phone,Payments Ops,Resolved,0.14,8.79,No,7,Yes
TKT0004416,2025-10-02 01:11:00,2025-10-02 10:59:43,CUST02826,P2,API,Operational,Merchant Portal,Phone,L1 Support,Resolved,1.11,9.81,Yes,23,Yes
TKT0004417,2025-01-01 04:23:00,2025-01-01 12:55:26,CUST02273,P3,Login,Technical,KYC Service,Phone,KYC Ops,Resolved,1.86,8.54,No,2,No
TKT0004418,2025-01-12 03:20:00,2025-01-13 12:16:48,CUST02723,P4,Payment Failure,General,KYC Service,Chat,Payments Ops,Resolved,1.73,32.95,No,5,No
TKT0004419,2025-04-20 00:53:00,2025-04-20 20:36:02,CUST02013,P3,Settlement,General,KYC Service,Portal,Engineering,Resolved,1.34,19.72,No,4,No
TKT0004420,2025-07-24 11:42:00,2025-07-26 02:10:24,CUST00363,P3,KYC,Operational,Merchant Portal,Email,KYC Ops,Resolved,1.57,38.47,Yes,22,Yes
TKT0004421,2025-09-10 07:32:00,2025-09-10 21:12:23,CUST02523,P2,API,General,Payments,Portal,Engineering,Resolved,1.49,13.67,No,25,Yes
TKT0004422,2025-02-07 23:03:00,2025-02-08 03:34:47,CUST00261,P2,KYC,Operational,Wallet,Phone,Payments Ops,Resolved,2.33,4.53,No,22,No
TKT0004423,2025-01-26 14:26:00,2025-01-27 09:51:03,CUST00902,P4,Login,Technical,Payments,Email,L2 Support,Resolved,1.59,19.42,No,8,No
TKT0004424,2025-08-26 04:32:00,2025-08-26 07:12:41,CUST00550,P2,Payment Failure,Technical,Settlement API,Chat,Payments Ops,Resolved,1.0,2.68,No,11,No
TKT0004425,2025-02-20 03:49:00,2025-02-21 01:56:06,CUST00718,P4,Refund,General,Merchant Portal,Portal,L1 Support,Resolved,1.28,22.12,Yes,24,No
TKT0004426,2025-09-07 07:38:00,2025-09-08 21:12:09,CUST01811,P4,Refund,Technical,Settlement API,Chat,Engineering,Resolved,1.94,37.57,No,1,No
TKT0004427,2025-07-11 15:29:00,2025-07-12 02:21:41,CUST02395,P3,Payment Failure,Technical,Wallet,Email,KYC Ops,Resolved,0.78,10.88,No,3,No
TKT0004428,2025-03-15 06:50:00,2025-03-15 09:47:00,CUST02729,P1,KYC,Operational,Payments,Email,Engineering,Resolved,1.36,2.95,No,40,No
TKT0004429,2025-03-17 21:54:00,2025-03-19 19:55:30,CUST01364,P4,Payment Failure,Operational,KYC Service,Chat,KYC Ops,Resolved,0.89,46.03,No,4,No
TKT0004430,2025-11-28 14:57:00,2025-11-28 16:01:55,CUST02607,P2,KYC,Operational,Merchant Portal,Portal,Engineering,Resolved,0.89,1.08,No,12,No
TKT0004431,2025-01-07 13:51:00,2025-01-08 04:18:57,CUST02756,P3,KYC,Operational,Wallet,Portal,Payments Ops,Resolved,0.74,14.47,No,7,No
TKT0004432,2025-04-12 21:48:00,2025-04-13 07:12:49,CUST01338,P2,API,Operational,Merchant Portal,Portal,L2 Support,Resolved,0.96,9.41,Yes,15,Yes
TKT0004433,2025-02-20 08:10:00,2025-02-21 15:06:29,CUST00161,P3,KYC,General,Payments,Email,KYC Ops,Resolved,0.2,30.94,No,4,Yes
TKT0004434,2025-11-16 03:33:00,2025-11-16 09:02:15,CUST01785,P2,Payment Failure,Technical,Payments,Email,Engineering,Resolved,0.88,5.49,No,13,No
TKT0004435,2025-02-13 15:30:00,2025-02-15 14:56:02,CUST01181,P4,Refund,Technical,Merchant Portal,Email,KYC Ops,Resolved,0.31,47.43,No,148,No
TKT0004436,2025-04-13 11:14:00,2025-04-14 09:49:14,CUST00375,P3,KYC,Technical,Merchant Portal,Portal,L1 Support,Resolved,0.31,22.59,No,14,No
TKT0004437,2025-09-20 01:39:00,2025-09-20 13:26:22,CUST02295,P3,Refund,Technical,Merchant Portal,Portal,L1 Support,Resolved,0.96,11.79,Yes,23,No
TKT0004438,2025-03-08 21:48:00,2025-03-09 03:43:46,CUST02149,P2,Payment Failure,Operational,Wallet,Phone,KYC Ops,Resolved,1.1,5.93,No,5,No
TKT0004439,2025-03-03 01:57:00,2025-03-03 11:46:35,CUST02431,P3,Login,Technical,Settlement API,Portal,Engineering,Resolved,0.27,9.83,No,20,No
TKT0004440,2025-03-11 23:36:00,2025-03-14 13:17:14,CUST01246,P4,KYC,Operational,Wallet,Phone,Payments Ops,Resolved,1.45,61.69,No,16,Yes
TKT0004441,2025-05-10 04:21:00,2025-05-10 19:58:07,CUST00569,P3,KYC,Operational,Merchant Portal,Chat,KYC Ops,Resolved,0.43,15.62,No,11,No
TKT0004442,2025-12-06 08:38:00,2025-12-06 21:12:51,CUST01455,P4,Payment Failure,Technical,Wallet,Chat,KYC Ops,Resolved,6.85,12.58,No,19,No
TKT0004443,2025-01-08 05:39:00,2025-01-09 03:07:56,CUST02559,P3,Payment Failure,Technical,Wallet,Chat,L2 Support,Resolved,0.63,21.48,No,8,No
TKT0004444,2025-11-19 10:23:00,2025-11-19 17:52:42,CUST00340,P2,Payment Failure,Technical,Wallet,Chat,Engineering,Resolved,0.14,7.5,Yes,6,No
TKT0004445,2025-09-03 19:57:00,2025-09-05 05:19:28,CUST00057,P4,KYC,Operational,Payments,Phone,KYC Ops,Resolved,0.87,33.37,No,2,No
TKT0004446,2025-01-04 00:57:00,2025-01-04 16:05:14,CUST00835,P3,Refund,General,Settlement API,Chat,Engineering,Resolved,0.32,15.14,No,1,No
TKT0004447,2025-10-15 06:57:00,2025-10-17 02:48:23,CUST00047,P4,Payment Failure,Technical,Wallet,Email,L2 Support,Resolved,0.36,43.86,No,1,No
TKT0004448,2025-02-14 16:51:00,2025-02-15 08:17:37,CUST00443,P3,Login,General,KYC Service,Chat,L1 Support,Resolved,1.03,15.44,Yes,2,No
TKT0004449,2025-01-07 05:50:00,2025-01-08 07:47:32,CUST01559,P4,Settlement,General,Settlement API,Phone,KYC Ops,Resolved,1.2,25.96,No,13,No
TKT0004450,2025-03-22 09:36:00,2025-03-22 22:59:17,CUST00732,P3,Payment Failure,Technical,Wallet,Email,Engineering,Resolved,0.81,13.39,No,11,No
TKT0004451,2025-01-29 23:01:00,2025-02-01 06:27:30,CUST01133,P4,Payment Failure,Operational,KYC Service,Phone,Engineering,Resolved,2.02,55.44,No,9,Yes
TKT0004452,2025-06-21 12:38:00,2025-06-21 20:28:16,CUST02012,P2,KYC,Technical,Settlement API,Portal,L1 Support,Resolved,0.74,7.84,Yes,4,No
TKT0004453,2025-05-07 18:37:00,2025-05-08 08:46:26,CUST00761,P3,Payment Failure,Operational,Payments,Email,Payments Ops,Resolved,0.54,14.16,No,2,No
TKT0004454,2025-01-20 11:23:00,2025-01-22 07:09:42,CUST01848,P3,Payment Failure,Technical,Merchant Portal,Phone,L2 Support,Resolved,0.84,43.78,No,28,Yes
TKT0004455,2025-07-29 18:38:00,2025-07-30 10:07:00,CUST02316,P3,Payment Failure,General,Wallet,Email,KYC Ops,Resolved,2.28,15.48,No,6,No
TKT0004456,2025-08-15 16:18:00,2025-08-16 20:32:25,CUST00696,P4,Refund,Technical,Wallet,Email,KYC Ops,Resolved,1.77,28.24,No,19,No
TKT0004457,2025-12-09 22:04:00,2025-12-10 15:08:06,CUST02854,P4,Login,General,Merchant Portal,Email,L2 Support,Resolved,1.31,17.07,No,3,No
TKT0004458,2025-06-07 21:31:00,2025-06-09 10:33:13,CUST02645,P4,Login,General,Merchant Portal,Chat,Payments Ops,Resolved,1.37,37.04,No,11,No
TKT0004459,2025-09-22 23:33:00,2025-09-23 11:18:12,CUST00093,P3,Settlement,Technical,Payments,Portal,L1 Support,Resolved,0.48,11.75,Yes,7,No
TKT0004460,2025-08-12 10:08:00,2025-08-13 13:15:05,CUST02272,P4,Payment Failure,Operational,Merchant Portal,Portal,Payments Ops,Resolved,0.87,27.12,No,8,No
TKT0004461,2025-05-28 06:07:00,2025-05-29 21:31:23,CUST00359,P3,API,Technical,KYC Service,Chat,Engineering,Resolved,0.64,39.41,No,7,Yes
TKT0004462,2025-09-17 17:49:00,2025-09-19 06:29:34,CUST01999,P4,Login,General,Settlement API,Phone,KYC Ops,Resolved,1.53,36.68,Yes,2,No
TKT0004463,2025-05-26 09:09:00,2025-05-27 02:06:50,CUST02334,P3,Settlement,General,Settlement API,Chat,Engineering,Resolved,0.53,16.96,No,1,No
TKT0004464,2025-06-05 23:38:00,2025-06-06 10:34:27,CUST01256,P3,KYC,General,Settlement API,Chat,KYC Ops,Resolved,0.44,10.94,No,10,No
TKT0004465,2025-04-28 06:52:00,2025-04-28 11:23:50,CUST00300,P2,Payment Failure,General,Payments,Portal,KYC Ops,Resolved,0.76,4.53,Yes,2,No
TKT0004466,2025-10-16 12:05:00,2025-10-18 09:41:25,CUST02529,P3,API,Operational,Wallet,Portal,L1 Support,Resolved,1.24,45.61,No,17,Yes
TKT0004467,2025-09-09 09:21:00,2025-09-10 05:20:42,CUST00270,P4,KYC,General,Settlement API,Phone,L2 Support,Resolved,0.92,20.0,No,47,No
TKT0004468,2025-11-05 23:40:00,2025-11-06 01:57:40,CUST00834,P1,KYC,Technical,KYC Service,Chat,KYC Ops,Resolved,1.32,2.29,Yes,55,No
TKT0004469,2025-09-25 11:34:00,2025-09-25 20:09:55,CUST01433,P3,Payment Failure,Technical,KYC Service,Email,KYC Ops,Resolved,2.63,8.6,No,2,No
TKT0004470,2025-12-08 11:57:00,2025-12-09 18:23:15,CUST02751,P4,KYC,General,KYC Service,Chat,Payments Ops,Resolved,0.4,30.44,No,118,No
TKT0004471,2025-03-05 15:17:00,2025-03-06 23:48:54,CUST00132,P3,Payment Failure,General,Payments,Portal,L2 Support,Resolved,1.74,32.53,No,6,Yes
TKT0004472,2025-11-15 09:34:00,2025-11-15 20:11:42,CUST00958,P3,Payment Failure,Technical,Settlement API,Portal,KYC Ops,Resolved,0.71,10.63,Yes,5,No
TKT0004473,2025-12-03 16:12:00,2025-12-04 04:22:15,CUST00943,P3,Payment Failure,General,Wallet,Chat,KYC Ops,Resolved,0.91,12.17,Yes,17,No
TKT0004474,2025-11-23 20:18:00,2025-11-25 06:18:14,CUST01107,P4,API,General,KYC Service,Phone,KYC Ops,Resolved,0.93,34.0,No,11,No
TKT0004475,2025-01-16 19:26:00,2025-01-16 21:09:23,CUST02718,P1,Payment Failure,General,KYC Service,Email,KYC Ops,Resolved,0.92,1.72,Yes,31,No
TKT0004476,2025-04-23 13:01:00,2025-04-24 05:21:10,CUST00720,P4,Settlement,General,Wallet,Email,L2 Support,Resolved,0.5,16.34,No,11,No
TKT0004477,2025-10-04 08:06:00,2025-10-05 17:48:59,CUST00369,P4,Payment Failure,General,Wallet,Email,Engineering,Resolved,0.21,33.72,No,11,No
TKT0004478,2025-11-19 09:03:00,2025-11-20 15:41:51,CUST01582,P3,API,Operational,KYC Service,Chat,Payments Ops,Resolved,0.49,30.65,No,2,Yes
TKT0004479,2025-08-10 12:17:00,2025-08-10 15:45:36,CUST01054,P1,API,Technical,KYC Service,Chat,KYC Ops,Resolved,0.96,3.48,Yes,29,No
TKT0004480,2025-05-20 14:54:00,2025-05-20 19:23:32,CUST00792,P1,Payment Failure,Technical,KYC Service,Email,KYC Ops,Resolved,0.47,4.49,No,7,Yes
TKT0004481,2025-12-13 16:13:00,2025-12-14 07:29:42,CUST02513,P4,Payment Failure,Technical,Merchant Portal,Email,Engineering,Resolved,0.98,15.28,Yes,6,No
TKT0004482,2025-12-07 21:23:00,2025-12-08 16:19:45,CUST00964,P4,Payment Failure,Operational,Merchant Portal,Portal,L2 Support,Resolved,0.44,18.95,No,5,No
TKT0004483,2025-01-20 02:32:00,2025-01-20 10:44:19,CUST01176,P3,Settlement,Technical,Settlement API,Phone,L2 Support,Resolved,0.45,8.21,No,30,No
TKT0004484,2025-09-28 08:49:00,2025-09-29 06:34:21,CUST02753,P3,Settlement,Technical,Settlement API,Email,Payments Ops,Resolved,0.98,21.76,No,21,No
TKT0004485,2025-03-16 05:51:00,2025-03-16 13:26:35,CUST01365,P3,KYC,Technical,Wallet,Portal,Engineering,Resolved,2.02,7.59,No,1,No
TKT0004486,2025-03-02 17:28:00,2025-03-04 05:44:58,CUST02441,P3,API,Technical,Wallet,Phone,Payments Ops,Resolved,0.44,36.28,No,2,Yes
TKT0004487,2025-03-13 11:25:00,2025-03-14 01:05:29,CUST00716,P3,Settlement,Operational,Wallet,Chat,L2 Support,Resolved,0.34,13.67,No,11,No
TKT0004488,2025-07-27 10:35:00,2025-07-30 04:56:20,CUST01328,P3,API,Technical,Merchant Portal,Phone,L2 Support,Resolved,0.24,66.36,No,20,Yes
TKT0004489,2025-09-20 05:01:00,2025-09-20 22:46:45,CUST01021,P4,Login,Operational,Settlement API,Chat,L2 Support,Resolved,0.49,17.76,Yes,1,No
TKT0004490,2025-06-11 18:14:00,2025-06-12 03:38:55,CUST02272,P3,Settlement,Technical,Settlement API,Email,Engineering,Resolved,0.4,9.42,No,7,No
TKT0004491,2025-11-02 08:26:00,2025-11-02 20:37:54,CUST00452,P3,Refund,Technical,Wallet,Phone,L1 Support,Resolved,0.95,12.2,No,7,No
TKT0004492,2025-08-02 09:53:00,2025-08-02 18:16:49,CUST01923,P2,Refund,General,Settlement API,Email,L1 Support,Resolved,1.64,8.4,No,9,Yes
TKT0004493,2025-02-08 00:42:00,2025-02-08 16:09:53,CUST00650,P3,KYC,General,Settlement API,Chat,L2 Support,Resolved,1.4,15.46,No,4,No
TKT0004494,2025-05-25 18:54:00,2025-05-26 15:15:37,CUST00928,P4,Settlement,General,Merchant Portal,Portal,Payments Ops,Resolved,4.53,20.36,No,22,No
TKT0004495,2025-08-28 08:53:00,2025-08-28 11:59:14,CUST00338,P1,KYC,General,Settlement API,Portal,L1 Support,Resolved,1.17,3.1,No,39,No
TKT0004496,2025-05-12 17:11:00,2025-05-14 16:30:53,CUST01988,P4,Refund,General,Settlement API,Phone,L1 Support,Resolved,1.83,47.33,No,1,No
TKT0004497,2025-08-26 03:12:00,2025-08-26 17:41:57,CUST02900,P4,KYC,General,Merchant Portal,Portal,Engineering,Resolved,0.15,14.5,No,9,No
TKT0004498,2025-02-17 11:00:00,2025-02-19 13:45:13,CUST02457,P3,API,Technical,Settlement API,Portal,L2 Support,Resolved,0.79,50.75,No,1,Yes
TKT0004499,2025-05-15 00:58:00,2025-05-15 06:40:18,CUST01253,P2,Refund,General,Settlement API,Chat,Payments Ops,Resolved,0.81,5.71,No,1,No
TKT0004500,2025-01-31 21:43:00,2025-02-01 18:25:13,CUST01239,P3,Login,General,Payments,Email,Payments Ops,Resolved,2.49,20.7,No,4,No
TKT0004501,2025-01-08 13:33:00,2025-01-08 19:00:32,CUST02067,P3,Payment Failure,Technical,Wallet,Portal,KYC Ops,Resolved,0.47,5.46,No,2,No
TKT0004502,2025-05-01 05:00:00,2025-05-01 08:20:03,CUST01056,P2,Payment Failure,General,Wallet,Phone,Engineering,Resolved,0.9,3.33,No,52,No
TKT0004503,2025-12-20 16:11:00,2025-12-20 22:48:08,CUST00151,P2,Settlement,Technical,KYC Service,Email,KYC Ops,Resolved,2.49,6.62,No,32,No
TKT0004504,2025-01-09 01:16:00,2025-01-09 04:45:58,CUST02554,P2,Login,General,Merchant Portal,Chat,L1 Support,Resolved,0.53,3.5,No,2,No
TKT0004505,2025-04-03 19:16:00,2025-04-03 20:20:34,CUST02590,P1,Refund,Technical,Settlement API,Portal,Engineering,Resolved,0.94,1.08,Yes,32,No
TKT0004506,2025-02-24 01:02:00,2025-02-24 03:41:30,CUST01252,P2,Refund,General,Settlement API,Phone,L2 Support,Resolved,0.95,2.66,Yes,27,No
TKT0004507,2025-10-28 08:48:00,2025-10-29 07:35:31,CUST02345,P3,KYC,General,KYC Service,Phone,Payments Ops,Resolved,0.69,22.79,No,8,No
TKT0004508,2025-07-13 17:32:00,2025-07-14 04:55:56,CUST00023,P3,API,Technical,Settlement API,Phone,L1 Support,Resolved,0.57,11.4,No,8,No
TKT0004509,2025-06-23 08:59:00,2025-06-24 19:36:48,CUST02004,P4,KYC,Technical,KYC Service,Phone,Engineering,Resolved,1.97,34.63,No,23,No
TKT0004510,2025-05-28 12:15:00,2025-05-29 11:56:42,CUST02065,P4,Payment Failure,Technical,Merchant Portal,Phone,KYC Ops,Resolved,1.35,23.7,No,13,No
TKT0004511,2025-11-16 16:33:00,2025-11-17 06:01:23,CUST02976,P3,API,General,Merchant Portal,Portal,L1 Support,Resolved,0.59,13.47,No,7,No
TKT0004512,2025-04-09 15:41:00,2025-04-11 13:53:17,CUST02314,P4,Payment Failure,Operational,KYC Service,Email,L2 Support,Resolved,0.85,46.2,No,7,No
TKT0004513,2025-06-23 04:13:00,2025-06-23 10:40:47,CUST00531,P2,API,Operational,Merchant Portal,Phone,L1 Support,Resolved,1.46,6.46,No,4,No
TKT0004514,2025-06-25 22:52:00,2025-06-27 20:23:57,CUST02633,P4,Settlement,Operational,Wallet,Chat,Payments Ops,Resolved,0.41,45.53,No,17,No
TKT0004515,2025-08-28 15:45:00,2025-08-28 17:26:49,CUST01969,P1,API,Operational,Wallet,Phone,Payments Ops,Resolved,1.67,1.7,No,17,No
TKT0004516,2025-11-02 05:10:00,2025-11-03 00:52:32,CUST01348,P3,Settlement,Technical,Settlement API,Phone,L2 Support,Resolved,3.33,19.71,No,14,No
TKT0004517,2025-05-18 00:16:00,2025-05-19 00:50:41,CUST00979,P3,KYC,Operational,KYC Service,Phone,L1 Support,Resolved,1.15,24.58,No,4,Yes
TKT0004518,2025-01-30 03:23:00,2025-01-31 00:10:33,CUST00635,P3,Payment Failure,Operational,Merchant Portal,Portal,Engineering,Resolved,1.42,20.79,No,32,No
TKT0004519,2025-08-28 07:46:00,2025-08-29 06:13:32,CUST00875,P4,Refund,General,Settlement API,Chat,L2 Support,Resolved,0.41,22.46,No,5,No
TKT0004520,2025-11-15 11:25:00,2025-11-16 09:29:48,CUST01953,P4,Login,Technical,Settlement API,Portal,L1 Support,Resolved,0.38,22.08,Yes,2,No
TKT0004521,2025-12-09 03:05:00,2025-12-09 04:17:32,CUST01394,P2,Payment Failure,Technical,Wallet,Portal,L2 Support,Resolved,1.35,1.21,Yes,2,No
TKT0004522,2025-08-09 15:41:00,2025-08-10 02:32:11,CUST00838,P4,API,Operational,Settlement API,Email,L2 Support,Resolved,3.14,10.85,No,2,No
TKT0004523,2025-09-08 18:27:00,2025-09-09 02:52:57,CUST02399,P3,Settlement,Operational,Merchant Portal,Email,KYC Ops,Resolved,0.37,8.43,No,2,No
TKT0004524,2025-03-15 03:45:00,2025-03-15 15:31:21,CUST00491,P3,KYC,General,Merchant Portal,Portal,KYC Ops,Resolved,0.69,11.77,No,5,No
TKT0004525,2025-09-18 16:50:00,2025-09-19 14:29:23,CUST01159,P4,Payment Failure,General,Merchant Portal,Email,L2 Support,Resolved,0.98,21.66,No,2,No
TKT0004526,2025-06-25 13:27:00,2025-06-26 03:15:28,CUST01383,P2,API,General,Settlement API,Chat,Payments Ops,Resolved,0.51,13.81,Yes,12,Yes
TKT0004527,2025-09-30 01:15:00,2025-10-01 04:40:58,CUST01422,P4,Payment Failure,Technical,Settlement API,Phone,Engineering,Resolved,1.25,27.43,No,5,No
TKT0004528,2025-09-08 01:06:00,2025-09-08 05:30:17,CUST00737,P2,KYC,Operational,KYC Service,Portal,L1 Support,Resolved,1.29,4.4,No,12,No
TKT0004529,2025-01-25 06:51:00,2025-01-27 02:55:18,CUST01945,P4,API,General,Wallet,Portal,L1 Support,Resolved,0.68,44.07,No,4,No
TKT0004530,2025-12-13 08:56:00,2025-12-14 17:31:23,CUST00929,P4,Refund,Technical,Merchant Portal,Portal,L2 Support,Resolved,0.99,32.59,No,7,No
TKT0004531,2025-05-12 00:59:00,2025-05-13 06:44:57,CUST01803,P3,Settlement,General,Merchant Portal,Phone,L2 Support,Resolved,0.37,29.77,No,26,Yes
TKT0004532,2025-03-23 18:29:00,2025-03-23 22:22:01,CUST02762,P1,Payment Failure,General,Merchant Portal,Portal,Engineering,Resolved,1.12,3.88,No,22,No
TKT0004533,2025-06-17 09:51:00,2025-06-18 04:25:28,CUST00044,P3,API,General,Payments,Chat,L2 Support,Resolved,0.92,18.57,No,14,No
TKT0004534,2025-03-19 13:40:00,2025-03-20 02:51:37,CUST01912,P3,Payment Failure,Technical,Wallet,Chat,L1 Support,Resolved,3.03,13.19,No,2,No
TKT0004535,2025-06-17 19:14:00,2025-06-19 08:52:52,CUST01452,P3,Payment Failure,Operational,Merchant Portal,Chat,Payments Ops,Resolved,0.6,37.65,Yes,2,Yes
TKT0004536,2025-09-24 20:49:00,2025-09-27 10:05:45,CUST00397,P4,Payment Failure,Operational,Payments,Portal,L1 Support,Resolved,1.25,61.28,No,7,Yes
TKT0004537,2025-02-03 07:16:00,2025-02-03 08:32:20,CUST00600,P1,Refund,General,Merchant Portal,Chat,Engineering,Resolved,0.63,1.27,Yes,22,No
TKT0004538,2025-04-05 16:43:00,2025-04-06 08:33:05,CUST00499,P4,KYC,General,KYC Service,Chat,Engineering,Resolved,0.68,15.83,No,19,No
TKT0004539,2025-09-26 00:33:00,2025-09-26 19:08:09,CUST02946,P4,Payment Failure,Operational,Payments,Phone,KYC Ops,Resolved,1.04,18.59,No,4,No
TKT0004540,2025-10-23 00:59:00,2025-10-24 16:29:04,CUST02902,P4,API,Technical,Settlement API,Portal,KYC Ops,Resolved,2.11,39.5,No,13,No
TKT0004541,2025-04-27 13:29:00,2025-04-27 21:16:32,CUST01405,P2,Payment Failure,Technical,Merchant Portal,Portal,KYC Ops,Resolved,0.44,7.79,Yes,14,No
TKT0004542,2025-10-28 13:59:00,2025-10-28 20:42:11,CUST00397,P2,Refund,Technical,Settlement API,Phone,Engineering,Resolved,0.33,6.72,No,5,No
TKT0004543,2025-09-24 01:13:00,2025-09-24 18:20:32,CUST00207,P3,Login,Operational,Wallet,Chat,KYC Ops,Resolved,1.24,17.13,No,6,No
TKT0004544,2025-07-08 20:58:00,2025-07-09 10:50:02,CUST01161,P3,Payment Failure,Technical,Wallet,Chat,L2 Support,Resolved,1.34,13.87,No,148,No
TKT0004545,2025-11-26 15:13:00,2025-11-28 01:25:54,CUST01904,P4,Payment Failure,Operational,Settlement API,Chat,Engineering,Resolved,0.4,34.22,No,8,No
TKT0004546,2025-04-22 02:10:00,2025-04-23 00:35:33,CUST02814,P3,Login,Technical,Payments,Phone,KYC Ops,Resolved,0.43,22.43,No,22,No
TKT0004547,2025-09-26 21:57:00,2025-09-29 09:28:03,CUST02154,P4,Payment Failure,Technical,KYC Service,Email,Payments Ops,Resolved,1.25,59.52,No,1,Yes
TKT0004548,2025-09-02 21:13:00,2025-09-03 16:41:26,CUST02834,P3,Login,General,Settlement API,Email,Payments Ops,Resolved,0.5,19.47,No,4,No
TKT0004549,2025-02-23 04:44:00,2025-02-23 09:42:57,CUST00975,P2,Refund,Operational,Merchant Portal,Portal,KYC Ops,Resolved,0.92,4.98,No,31,No
TKT0004550,2025-04-03 23:28:00,2025-04-06 07:03:45,CUST00389,P4,Payment Failure,Operational,Settlement API,Phone,KYC Ops,Resolved,1.09,55.6,No,2,Yes
TKT0004551,2025-11-10 15:14:00,2025-11-11 07:37:05,CUST02751,P3,KYC,Operational,Settlement API,Portal,L2 Support,Resolved,1.28,16.38,No,9,No
TKT0004552,2025-10-25 01:56:00,2025-10-25 14:00:50,CUST02259,P3,Payment Failure,General,Merchant Portal,Portal,Engineering,Resolved,0.13,12.08,No,9,No
TKT0004553,2025-05-17 20:45:00,2025-05-18 05:48:03,CUST01951,P3,Payment Failure,General,Settlement API,Phone,L1 Support,Resolved,0.29,9.05,No,30,No
TKT0004554,2025-12-30 08:12:00,2025-12-31 04:52:28,CUST00554,P3,KYC,Technical,Merchant Portal,Portal,Payments Ops,Resolved,1.86,20.67,No,5,No
TKT0004555,2025-04-23 17:36:00,2025-04-24 19:20:12,CUST02477,P3,Refund,Technical,KYC Service,Phone,Payments Ops,Resolved,1.34,25.74,No,7,Yes
TKT0004556,2025-08-18 19:40:00,2025-08-20 16:45:59,CUST00217,P3,Refund,Technical,Merchant Portal,Chat,KYC Ops,Resolved,0.65,45.1,Yes,10,Yes
TKT0004557,2025-09-08 21:49:00,2025-09-10 12:25:13,CUST01207,P3,Refund,Technical,Settlement API,Chat,Payments Ops,Resolved,0.35,38.6,No,3,Yes
TKT0004558,2025-11-14 18:33:00,2025-11-16 17:55:34,CUST01675,P4,API,Technical,KYC Service,Portal,L2 Support,Resolved,2.07,47.38,No,26,No
TKT0004559,2025-08-21 01:20:00,2025-08-21 11:42:03,CUST02594,P3,Payment Failure,General,KYC Service,Email,Engineering,Resolved,0.27,10.37,No,1,No
TKT0004560,2025-10-02 02:39:00,2025-10-04 01:36:52,CUST00853,P3,Refund,Operational,Merchant Portal,Chat,KYC Ops,Resolved,0.33,46.96,No,10,Yes
TKT0004561,2025-08-26 11:57:00,2025-08-27 00:41:35,CUST01058,P3,Payment Failure,Technical,Payments,Email,Payments Ops,Resolved,1.11,12.74,No,10,No
TKT0004562,2025-12-11 11:56:00,2025-12-11 22:10:38,CUST00137,P2,Payment Failure,Technical,Wallet,Phone,L1 Support,Resolved,0.6,10.24,No,6,Yes
TKT0004563,2025-11-13 00:37:00,2025-11-13 16:17:44,CUST02647,P4,Payment Failure,Operational,Merchant Portal,Phone,KYC Ops,Resolved,0.59,15.68,Yes,6,No
TKT0004564,2025-04-22 18:32:00,2025-04-24 18:53:43,CUST02595,P4,Settlement,General,Wallet,Phone,KYC Ops,Resolved,0.58,48.36,No,13,Yes
TKT0004565,2025-08-16 06:32:00,2025-08-16 11:41:39,CUST00183,P3,KYC,Technical,KYC Service,Portal,L2 Support,Resolved,0.62,5.16,No,2,No
TKT0004566,2025-01-09 10:02:00,2025-01-09 18:02:26,CUST00013,P4,Payment Failure,Technical,Settlement API,Email,L2 Support,Resolved,1.09,8.01,No,19,No
TKT0004567,2025-04-05 22:08:00,2025-04-06 14:32:38,CUST00641,P3,KYC,General,Merchant Portal,Portal,Engineering,Resolved,2.2,16.41,Yes,2,No
TKT0004568,2025-05-28 21:42:00,2025-06-01 00:06:20,CUST02350,P4,API,Operational,Settlement API,Portal,KYC Ops,Resolved,0.93,74.41,No,2,Yes
TKT0004569,2025-08-22 10:01:00,2025-08-23 17:16:26,CUST01911,P3,KYC,Technical,Merchant Portal,Chat,KYC Ops,Resolved,2.37,31.26,No,26,Yes
TKT0004570,2025-12-07 05:24:00,2025-12-07 20:41:17,CUST02848,P4,API,Technical,Merchant Portal,Portal,L1 Support,Resolved,0.38,15.29,No,2,No
TKT0004571,2025-05-17 23:48:00,2025-05-18 18:50:13,CUST02151,P3,Settlement,Technical,Merchant Portal,Phone,L1 Support,Resolved,1.2,19.04,No,22,No
TKT0004572,2025-12-31 15:13:00,2026-01-01 15:20:58,CUST00064,P4,KYC,General,Settlement API,Chat,L2 Support,Resolved,0.62,24.13,No,16,No
TKT0004573,2025-09-02 11:42:00,2025-09-03 14:04:37,CUST02936,P3,Settlement,Technical,Payments,Chat,Engineering,Resolved,0.41,26.38,No,4,Yes
TKT0004574,2025-01-21 00:00:00,2025-01-21 16:47:37,CUST02559,P3,Login,Operational,Merchant Portal,Phone,L1 Support,Resolved,0.31,16.79,No,2,No
TKT0004575,2025-05-20 22:48:00,2025-05-21 17:21:01,CUST01111,P3,Payment Failure,Operational,Wallet,Portal,L1 Support,Resolved,1.15,18.55,Yes,27,No
TKT0004576,2025-01-09 17:37:00,2025-01-09 20:16:54,CUST00199,P1,Payment Failure,Technical,Merchant Portal,Phone,KYC Ops,Resolved,0.78,2.67,No,26,No
TKT0004577,2025-06-04 20:58:00,2025-06-05 01:45:41,CUST00639,P3,Login,Technical,Merchant Portal,Chat,Engineering,Resolved,1.18,4.79,No,1,No
TKT0004578,2025-01-31 01:10:00,2025-01-31 11:45:46,CUST00711,P3,Login,Operational,Payments,Email,Engineering,Resolved,2.88,10.6,No,1,No
TKT0004579,2025-06-19 02:15:00,2025-06-19 18:12:44,CUST01859,P3,Login,Operational,Settlement API,Email,KYC Ops,Resolved,0.21,15.96,No,2,No
TKT0004580,2025-04-04 06:01:00,2025-04-05 12:50:24,CUST02352,P3,API,Operational,Settlement API,Email,L1 Support,Resolved,1.21,30.82,No,14,Yes
TKT0004581,2025-02-16 17:32:00,2025-02-18 04:46:27,CUST02129,P4,API,Operational,KYC Service,Chat,L1 Support,Resolved,1.66,35.24,No,29,No
TKT0004582,2025-03-15 19:14:00,2025-03-16 16:30:02,CUST01810,P3,Login,General,Wallet,Phone,Payments Ops,Resolved,0.7,21.27,No,22,No
TKT0004583,2025-04-09 07:32:00,2025-04-11 20:42:02,CUST02530,P3,Payment Failure,Operational,Wallet,Chat,KYC Ops,Resolved,0.33,61.17,No,3,Yes
TKT0004584,2025-04-25 04:44:00,2025-04-26 06:43:31,CUST00689,P3,Refund,Operational,Payments,Chat,KYC Ops,Resolved,0.51,25.99,No,11,Yes
TKT0004585,2025-02-02 19:48:00,2025-02-05 00:19:47,CUST02863,P4,Refund,Technical,KYC Service,Portal,L2 Support,Resolved,0.45,52.53,No,5,Yes
TKT0004586,2025-04-12 01:14:00,2025-04-12 19:59:27,CUST02809,P3,Login,General,Merchant Portal,Chat,Engineering,Resolved,1.11,18.76,No,7,No
TKT0004587,2025-11-18 02:28:00,2025-11-18 19:18:28,CUST00813,P3,API,General,KYC Service,Portal,Engineering,Resolved,3.32,16.84,No,3,No
TKT0004588,2025-03-10 00:01:00,2025-03-10 10:33:38,CUST00409,P3,Settlement,General,KYC Service,Chat,Engineering,Resolved,1.86,10.54,No,42,No
TKT0004589,2025-12-27 06:27:00,2025-12-29 03:58:24,CUST02881,P4,Payment Failure,General,Merchant Portal,Email,KYC Ops,Resolved,0.32,45.52,No,11,No
TKT0004590,2025-05-04 22:11:00,2025-05-05 18:31:29,CUST00826,P3,Refund,Technical,Merchant Portal,Portal,L1 Support,Resolved,2.07,20.34,No,5,No
TKT0004591,2025-09-17 06:07:00,2025-09-17 18:31:08,CUST02465,P3,Payment Failure,Technical,Merchant Portal,Chat,L2 Support,Resolved,0.55,12.4,No,8,No
TKT0004592,2025-06-22 06:20:00,2025-06-23 08:13:16,CUST02302,P3,Payment Failure,General,Wallet,Portal,L2 Support,Resolved,0.32,25.89,No,6,Yes
TKT0004593,2025-10-01 07:57:00,2025-10-02 13:32:29,CUST02357,P3,API,General,Settlement API,Chat,L1 Support,Resolved,1.95,29.59,No,6,Yes
TKT0004594,2025-12-25 01:14:00,2025-12-27 14:33:27,CUST02015,P4,Payment Failure,General,Wallet,Phone,Payments Ops,Resolved,1.39,61.32,No,13,Yes
TKT0004595,2025-12-05 15:20:00,2025-12-07 20:22:19,CUST02990,P4,Payment Failure,General,Payments,Phone,Payments Ops,Resolved,2.64,53.04,No,1,Yes
TKT0004596,2025-04-21 14:11:00,2025-04-22 08:57:05,CUST01605,P4,Settlement,Operational,Payments,Portal,KYC Ops,Resolved,1.4,18.77,No,10,No
TKT0004597,2025-09-01 23:55:00,2025-09-02 19:33:05,CUST00365,P3,Refund,Technical,Merchant Portal,Email,L2 Support,Resolved,0.41,19.63,Yes,4,No
TKT0004598,2025-06-05 02:43:00,2025-06-05 20:02:59,CUST01392,P3,Payment Failure,General,KYC Service,Portal,L1 Support,Resolved,1.98,17.33,No,1,No
TKT0004599,2025-10-14 14:24:00,2025-10-15 04:22:40,CUST01957,P3,API,Operational,Settlement API,Phone,KYC Ops,Resolved,0.21,13.98,No,17,No
TKT0004600,2025-07-05 08:41:00,2025-07-06 05:02:28,CUST01223,P3,API,Technical,Payments,Chat,L1 Support,Resolved,1.36,20.36,No,4,No
TKT0004601,2025-03-10 22:00:00,2025-03-11 06:19:45,CUST01983,P3,Refund,General,Merchant Portal,Phone,L2 Support,Resolved,0.7,8.33,No,14,No
TKT0004602,2025-10-01 01:20:00,2025-10-02 00:36:16,CUST01845,P3,Payment Failure,General,Settlement API,Phone,Engineering,Resolved,0.66,23.27,No,11,No
TKT0004603,2025-12-15 11:05:00,2025-12-17 22:56:20,CUST01406,P4,KYC,Technical,Merchant Portal,Email,L1 Support,Resolved,0.41,59.86,No,17,Yes
TKT0004604,2025-10-21 18:33:00,2025-10-23 09:47:19,CUST01908,P4,KYC,Operational,Settlement API,Email,Engineering,Resolved,2.51,39.24,No,29,No
TKT0004605,2025-03-03 11:16:00,2025-03-04 22:54:39,CUST00384,P4,KYC,General,Merchant Portal,Email,Payments Ops,Resolved,1.41,35.64,No,4,No
TKT0004606,2025-06-17 08:11:00,2025-06-18 15:49:31,CUST01018,P4,API,General,Payments,Email,KYC Ops,Resolved,1.19,31.64,No,1,No
TKT0004607,2025-10-25 07:51:00,2025-10-25 16:44:02,CUST01989,P3,Payment Failure,Operational,Wallet,Portal,L1 Support,Resolved,1.3,8.88,No,2,No
TKT0004608,2025-12-18 22:12:00,2025-12-19 16:23:09,CUST02702,P3,Settlement,General,Settlement API,Email,Payments Ops,Resolved,0.32,18.19,No,1,No
TKT0004609,2025-01-04 22:03:00,2025-01-05 01:38:02,CUST01757,P2,Payment Failure,General,KYC Service,Chat,L1 Support,Resolved,0.19,3.58,No,13,No
TKT0004610,2025-09-05 00:44:00,2025-09-05 03:44:59,CUST02154,P2,Payment Failure,General,Wallet,Email,Engineering,Resolved,0.24,3.02,No,6,No
TKT0004611,2025-10-17 08:05:00,2025-10-19 12:51:18,CUST02408,P4,Payment Failure,General,Wallet,Email,KYC Ops,Resolved,0.71,52.77,No,7,Yes
TKT0004612,2025-05-01 16:24:00,2025-05-03 05:49:47,CUST00618,P4,Login,General,KYC Service,Portal,Payments Ops,Resolved,0.26,37.43,No,3,No
TKT0004613,2025-12-16 00:48:00,2025-12-16 14:48:50,CUST01210,P3,KYC,General,Settlement API,Email,L1 Support,Resolved,4.76,14.01,No,11,No
TKT0004614,2025-02-18 04:05:00,2025-02-18 20:13:58,CUST00780,P4,Settlement,Operational,Settlement API,Phone,L2 Support,Resolved,1.36,16.15,No,37,No
TKT0004615,2025-08-19 10:09:00,2025-08-20 05:45:11,CUST00235,P3,Settlement,Technical,Merchant Portal,Chat,Payments Ops,Resolved,1.16,19.6,No,12,No
TKT0004616,2025-02-04 09:22:00,2025-02-04 16:40:23,CUST00996,P2,Payment Failure,Operational,Wallet,Portal,L1 Support,Resolved,0.64,7.31,No,2,No
TKT0004617,2025-01-24 03:56:00,2025-01-24 21:01:15,CUST01973,P4,Settlement,General,Payments,Email,KYC Ops,Resolved,0.39,17.09,No,5,No
TKT0004618,2025-04-06 22:43:00,2025-04-07 15:54:54,CUST02927,P3,Refund,Operational,Payments,Portal,L1 Support,Resolved,1.96,17.2,No,8,No
TKT0004619,2025-02-18 12:21:00,2025-02-18 23:42:12,CUST01852,P3,KYC,General,Payments,Email,L2 Support,Resolved,0.73,11.35,No,4,No
TKT0004620,2025-02-18 10:05:00,2025-02-20 05:11:14,CUST01145,P4,API,General,Payments,Email,Engineering,Resolved,1.79,43.1,No,9,No
TKT0004621,2025-10-26 01:48:00,2025-10-27 12:09:18,CUST02199,P4,KYC,Operational,Wallet,Chat,Engineering,Resolved,1.31,34.36,No,11,No
TKT0004622,2025-06-03 13:37:00,2025-06-04 19:57:37,CUST01297,P4,Login,Technical,Settlement API,Chat,L2 Support,Resolved,1.25,30.34,No,4,No
TKT0004623,2025-01-29 03:56:00,2025-01-30 01:17:59,CUST00417,P4,KYC,General,Payments,Portal,KYC Ops,Resolved,0.42,21.37,No,7,No
TKT0004624,2025-07-02 09:13:00,2025-07-02 15:58:15,CUST01983,P3,Login,Technical,Payments,Phone,Engineering,Resolved,1.29,6.75,No,5,No
TKT0004625,2025-11-14 02:48:00,2025-11-14 05:27:33,CUST01166,P1,KYC,Operational,Wallet,Portal,Engineering,Resolved,0.35,2.66,Yes,89,No
TKT0004626,2025-02-01 22:42:00,2025-02-02 07:40:22,CUST02502,P3,Payment Failure,Operational,Settlement API,Portal,Payments Ops,Resolved,2.59,8.97,No,3,No
TKT0004627,2025-07-01 19:33:00,2025-07-01 21:11:16,CUST02700,P2,Payment Failure,General,Wallet,Portal,L1 Support,Resolved,0.34,1.64,Yes,5,No
TKT0004628,2025-12-08 05:36:00,2025-12-09 08:21:35,CUST02326,P3,API,Technical,Payments,Chat,Engineering,Resolved,0.9,26.76,No,4,Yes
TKT0004629,2025-10-13 09:22:00,2025-10-13 19:32:35,CUST02855,P2,Refund,Technical,Settlement API,Chat,L1 Support,Resolved,0.73,10.18,Yes,3,Yes
TKT0004630,2025-07-04 06:37:00,2025-07-05 07:02:44,CUST00718,P4,Login,Technical,KYC Service,Portal,Payments Ops,Resolved,0.27,24.43,No,14,No
TKT0004631,2025-11-08 22:42:00,2025-11-10 21:40:19,CUST02131,P4,Settlement,General,Settlement API,Email,Engineering,Resolved,0.25,46.97,No,3,No
TKT0004632,2025-09-11 16:36:00,2025-09-13 04:10:18,CUST02529,P3,Login,Operational,Wallet,Email,KYC Ops,Resolved,1.24,35.57,No,6,Yes
TKT0004633,2025-11-16 13:06:00,2025-11-16 23:34:44,CUST01829,P2,API,Operational,KYC Service,Phone,KYC Ops,Resolved,0.33,10.48,No,10,Yes
TKT0004634,2025-03-09 02:13:00,2025-03-09 03:57:23,CUST01238,P1,KYC,General,Payments,Email,KYC Ops,Resolved,0.48,1.74,Yes,4,No
TKT0004635,2025-08-14 02:47:00,2025-08-14 08:12:23,CUST02138,P2,Login,Technical,Wallet,Portal,Engineering,Resolved,0.34,5.42,No,1,No
TKT0004636,2025-02-03 13:15:00,2025-02-04 23:00:16,CUST00913,P3,Payment Failure,General,Merchant Portal,Phone,L2 Support,Resolved,1.39,33.75,No,2,Yes
TKT0004637,2025-01-04 16:00:00,2025-01-08 06:28:30,CUST00395,P4,KYC,General,Wallet,Portal,KYC Ops,Resolved,0.86,86.48,No,60,Yes
TKT0004638,2025-03-17 05:26:00,2025-03-18 23:30:53,CUST01935,P4,Settlement,General,KYC Service,Chat,Engineering,Resolved,0.58,42.08,No,25,No
TKT0004639,2025-07-18 00:27:00,2025-07-18 06:24:44,CUST02606,P3,Refund,Technical,Wallet,Email,L1 Support,Resolved,3.05,5.96,No,10,No
TKT0004640,2025-02-10 05:45:00,2025-02-11 15:41:11,CUST01473,P3,Payment Failure,General,Merchant Portal,Email,L1 Support,Resolved,1.11,33.94,No,6,Yes
TKT0004641,2025-06-28 09:25:00,2025-06-29 01:14:37,CUST02663,P3,Login,Technical,Settlement API,Email,KYC Ops,Resolved,1.68,15.83,No,19,No
TKT0004642,2025-07-24 04:50:00,2025-07-24 20:56:12,CUST02984,P3,API,Technical,Merchant Portal,Email,Engineering,Resolved,1.22,16.1,No,26,No
TKT0004643,2025-12-22 14:22:00,2025-12-24 21:31:32,CUST00981,P4,Login,Technical,KYC Service,Email,Payments Ops,Resolved,1.78,55.16,No,12,Yes
TKT0004644,2025-02-07 10:27:00,2025-02-08 06:02:38,CUST00903,P4,Login,Technical,Wallet,Email,L2 Support,Resolved,0.83,19.59,No,9,No
TKT0004645,2025-06-15 01:20:00,2025-06-15 17:23:15,CUST01302,P2,Refund,General,Wallet,Chat,KYC Ops,Resolved,1.96,16.05,No,3,Yes
TKT0004646,2025-06-30 10:12:00,2025-07-02 21:09:03,CUST00165,P3,Refund,Technical,Payments,Email,L1 Support,Resolved,1.53,58.95,No,5,Yes
TKT0004647,2025-08-19 19:09:00,2025-08-19 22:40:38,CUST00289,P2,Refund,General,Merchant Portal,Portal,L2 Support,Resolved,1.29,3.53,Yes,4,No
TKT0004648,2025-10-27 11:20:00,2025-10-28 13:52:09,CUST01568,P4,API,Operational,Settlement API,Phone,Payments Ops,Resolved,0.23,26.54,No,26,No
TKT0004649,2025-07-22 14:44:00,2025-07-23 10:20:47,CUST01250,P3,Settlement,Operational,KYC Service,Phone,KYC Ops,Resolved,1.65,19.61,No,4,No
TKT0004650,2025-09-12 07:20:00,2025-09-15 08:25:07,CUST00061,P4,Settlement,General,Wallet,Phone,Engineering,Resolved,0.79,73.09,No,3,Yes
TKT0004651,2025-12-06 18:36:00,2025-12-07 09:33:05,CUST01250,P4,KYC,General,Payments,Portal,Engineering,Resolved,2.29,14.95,No,6,No
TKT0004652,2025-07-24 09:21:00,2025-07-24 12:04:02,CUST02472,P2,Settlement,Operational,Payments,Email,KYC Ops,Resolved,1.18,2.72,No,7,No
TKT0004653,2025-06-21 05:31:00,2025-06-21 14:35:57,CUST00780,P3,Login,Operational,Wallet,Portal,L2 Support,Resolved,0.36,9.08,No,3,No
TKT0004654,2025-05-23 07:45:00,2025-05-23 10:13:37,CUST01243,P1,Settlement,Operational,Wallet,Phone,L1 Support,Resolved,0.74,2.48,No,28,No
TKT0004655,2025-01-04 03:36:00,2025-01-04 10:20:47,CUST00725,P3,Settlement,Technical,Settlement API,Email,KYC Ops,Resolved,0.7,6.75,No,24,No
TKT0004656,2025-01-07 16:08:00,2025-01-09 03:04:17,CUST00333,P4,Refund,General,KYC Service,Phone,L2 Support,Resolved,0.76,34.94,No,17,No
TKT0004657,2025-01-08 09:26:00,2025-01-09 01:11:03,CUST00645,P3,Refund,Technical,KYC Service,Email,Engineering,Resolved,2.61,15.75,No,23,No
TKT0004658,2025-04-10 03:45:00,2025-04-10 22:56:16,CUST02760,P3,KYC,General,Wallet,Chat,KYC Ops,Resolved,1.09,19.19,No,4,No
TKT0004659,2025-10-22 15:03:00,2025-10-23 09:26:29,CUST01557,P3,Login,General,KYC Service,Portal,L1 Support,Resolved,2.43,18.39,No,12,No
TKT0004660,2025-06-24 04:41:00,2025-06-25 04:46:26,CUST02841,P3,Settlement,Operational,Settlement API,Chat,L1 Support,Resolved,1.46,24.09,No,9,Yes
TKT0004661,2025-04-08 20:46:00,2025-04-09 12:23:54,CUST02230,P3,Payment Failure,General,Payments,Chat,Engineering,Resolved,0.77,15.63,No,1,No
TKT0004662,2025-07-20 07:51:00,2025-07-21 07:57:17,CUST00531,P3,Payment Failure,Operational,Wallet,Chat,L2 Support,Resolved,1.54,24.1,No,23,Yes
TKT0004663,2025-03-02 20:28:00,2025-03-03 05:46:56,CUST02882,P3,KYC,General,Payments,Email,L1 Support,Resolved,0.09,9.32,No,1,No
TKT0004664,2025-02-14 18:59:00,2025-02-17 01:27:29,CUST01944,P4,Refund,Operational,Payments,Portal,L1 Support,Resolved,0.47,54.47,No,5,Yes
TKT0004665,2025-03-19 11:15:00,2025-03-20 10:14:14,CUST01260,P3,API,General,Payments,Portal,L1 Support,Resolved,1.84,22.99,No,49,No
TKT0004666,2025-12-05 08:22:00,2025-12-05 19:26:57,CUST01713,P3,KYC,Technical,KYC Service,Phone,KYC Ops,Resolved,1.0,11.08,No,50,No
TKT0004667,2025-06-02 23:42:00,2025-06-03 14:18:08,CUST02740,P3,KYC,General,Merchant Portal,Chat,Engineering,Resolved,0.45,14.6,No,2,No
TKT0004668,2025-05-15 18:15:00,2025-05-17 02:34:01,CUST02794,P4,Login,Operational,Wallet,Phone,L1 Support,Resolved,2.21,32.32,Yes,16,No
TKT0004669,2025-07-15 11:03:00,2025-07-17 17:38:00,CUST02133,P4,KYC,Operational,Merchant Portal,Email,L2 Support,Resolved,1.45,54.58,No,4,Yes
TKT0004670,2025-06-26 22:44:00,2025-06-27 13:36:06,CUST01203,P4,KYC,Operational,Merchant Portal,Email,L1 Support,Resolved,1.39,14.87,No,16,No
TKT0004671,2025-08-11 12:05:00,2025-08-11 15:56:13,CUST01054,P2,Refund,Operational,KYC Service,Chat,L2 Support,Resolved,0.24,3.85,No,17,No
TKT0004672,2025-11-05 14:15:00,2025-11-06 10:35:15,CUST01920,P4,KYC,Technical,Payments,Phone,L1 Support,Resolved,1.87,20.34,No,1,No
TKT0004673,2025-06-26 08:06:00,2025-06-27 02:32:20,CUST00725,P3,Payment Failure,General,Settlement API,Portal,L2 Support,Resolved,1.17,18.44,No,18,No
TKT0004674,2025-11-16 19:23:00,2025-11-18 06:25:28,CUST01066,P4,Payment Failure,Technical,KYC Service,Portal,Engineering,Resolved,0.27,35.04,No,7,No
TKT0004675,2025-04-15 19:19:00,2025-04-16 18:31:40,CUST01766,P4,Payment Failure,General,Settlement API,Phone,Payments Ops,Resolved,2.22,23.21,No,12,No
TKT0004676,2025-11-17 14:35:00,2025-11-21 22:42:40,CUST02196,P4,Payment Failure,General,Wallet,Portal,KYC Ops,Resolved,0.86,104.13,No,5,Yes
TKT0004677,2025-08-18 06:12:00,2025-08-18 21:17:41,CUST01752,P3,API,General,Wallet,Portal,Engineering,Resolved,2.32,15.09,Yes,14,No
TKT0004678,2025-12-17 09:54:00,2025-12-17 11:46:00,CUST01858,P1,KYC,General,Wallet,Chat,L1 Support,Resolved,0.29,1.87,No,25,No
TKT0004679,2025-06-24 21:18:00,2025-06-27 10:23:08,CUST01496,P4,Payment Failure,Technical,Payments,Phone,L1 Support,Resolved,1.87,61.09,No,21,Yes
TKT0004680,2025-06-09 00:00:00,2025-06-09 03:29:10,CUST00870,P2,Refund,General,Settlement API,Chat,L1 Support,Resolved,2.97,3.49,No,24,No
TKT0004681,2025-07-08 18:34:00,2025-07-09 19:00:20,CUST00273,P3,Refund,Operational,Wallet,Phone,L1 Support,Resolved,0.55,24.44,No,5,Yes
TKT0004682,2025-03-27 07:19:00,2025-03-27 10:53:28,CUST00129,P2,Payment Failure,General,Wallet,Email,L1 Support,Resolved,0.75,3.57,No,8,No
TKT0004683,2025-05-24 03:46:00,2025-05-25 06:04:48,CUST01010,P4,Settlement,General,Merchant Portal,Phone,KYC Ops,Resolved,0.57,26.31,No,23,No
TKT0004684,2025-07-06 16:30:00,2025-07-08 13:58:21,CUST02463,P4,Refund,Operational,KYC Service,Portal,Engineering,Resolved,1.07,45.47,No,9,No
TKT0004685,2025-06-03 18:55:00,2025-06-03 23:58:24,CUST02899,P3,Settlement,Operational,KYC Service,Email,L2 Support,Resolved,0.4,5.06,No,4,No
TKT0004686,2025-07-07 10:26:00,2025-07-08 11:36:04,CUST02717,P4,Settlement,General,Settlement API,Chat,Payments Ops,Resolved,0.51,25.17,No,9,No
TKT0004687,2025-08-31 04:44:00,2025-09-03 07:08:10,CUST02627,P4,API,General,Wallet,Chat,Payments Ops,Resolved,2.59,74.4,No,17,Yes
TKT0004688,2025-08-17 16:17:00,2025-08-18 05:32:37,CUST00370,P4,Refund,Operational,Settlement API,Phone,Payments Ops,Resolved,0.72,13.26,No,2,No
TKT0004689,2025-07-06 13:18:00,2025-07-08 03:16:03,CUST01681,P4,Payment Failure,Operational,Settlement API,Chat,L2 Support,Resolved,0.81,37.97,Yes,4,No
TKT0004690,2025-03-25 09:58:00,2025-03-26 03:25:45,CUST00919,P3,Payment Failure,Technical,Settlement API,Chat,Payments Ops,Resolved,0.46,17.46,No,8,No
TKT0004691,2025-06-21 01:43:00,2025-06-21 14:53:30,CUST00888,P3,Login,Technical,Settlement API,Chat,L2 Support,Resolved,0.49,13.18,No,4,No
TKT0004692,2025-01-30 07:19:00,2025-01-30 21:14:49,CUST00900,P3,KYC,Operational,Settlement API,Email,L1 Support,Resolved,2.37,13.93,No,3,No
TKT0004693,2025-09-26 12:45:00,2025-09-26 18:25:52,CUST02044,P2,Payment Failure,Operational,Merchant Portal,Portal,KYC Ops,Resolved,5.57,5.68,No,3,No
TKT0004694,2025-11-13 23:31:00,2025-11-14 12:08:02,CUST01714,P2,Payment Failure,Operational,Merchant Portal,Chat,KYC Ops,Resolved,1.52,12.62,No,5,Yes
TKT0004695,2025-08-11 16:12:00,2025-08-17 22:51:17,CUST02120,P4,Settlement,General,Merchant Portal,Email,KYC Ops,Resolved,0.52,150.65,No,10,Yes
TKT0004696,2025-04-04 00:34:00,2025-04-04 20:18:52,CUST01847,P3,Settlement,Operational,Payments,Chat,KYC Ops,Resolved,0.45,19.75,Yes,23,No
TKT0004697,2025-03-05 06:49:00,2025-03-05 17:05:14,CUST02135,P2,KYC,Technical,Settlement API,Chat,L2 Support,Resolved,0.95,10.27,No,8,Yes
TKT0004698,2025-01-15 18:45:00,2025-01-16 09:31:08,CUST01335,P3,API,Technical,KYC Service,Email,KYC Ops,Resolved,0.24,14.77,No,14,No
TKT0004699,2025-04-01 07:46:00,2025-04-01 10:26:13,CUST00278,P2,KYC,Operational,Settlement API,Phone,Payments Ops,Resolved,0.67,2.67,Yes,5,No
TKT0004700,2025-02-27 09:00:00,2025-02-28 23:25:04,CUST01475,P4,Refund,General,Payments,Portal,Payments Ops,Resolved,1.28,38.42,No,36,No
TKT0004701,2025-04-10 09:35:00,2025-04-11 06:11:32,CUST01078,P3,KYC,Operational,Wallet,Email,Engineering,Resolved,0.31,20.61,No,23,No
TKT0004702,2025-09-18 06:19:00,2025-09-19 06:59:57,CUST02873,P3,API,Technical,KYC Service,Portal,Payments Ops,Resolved,0.68,24.68,No,7,Yes
TKT0004703,2025-12-09 18:31:00,2025-12-10 23:27:16,CUST02445,P4,API,Operational,Merchant Portal,Portal,Payments Ops,Resolved,0.53,28.94,No,3,No
TKT0004704,2025-12-06 22:54:00,2025-12-07 02:49:44,CUST00630,P2,KYC,Operational,Wallet,Portal,L2 Support,Resolved,1.79,3.93,Yes,1,No
TKT0004705,2025-09-08 13:51:00,2025-09-09 01:13:21,CUST00700,P3,Payment Failure,General,Settlement API,Phone,KYC Ops,Resolved,0.4,11.37,No,14,No
TKT0004706,2025-01-01 13:02:00,2025-01-02 02:07:31,CUST01670,P4,Login,General,Payments,Email,KYC Ops,Resolved,2.66,13.09,No,3,No
TKT0004707,2025-06-16 14:01:00,2025-06-17 19:09:49,CUST01976,P3,KYC,General,KYC Service,Phone,Engineering,Resolved,2.88,29.15,No,44,Yes
TKT0004708,2025-04-15 03:22:00,2025-04-17 00:06:33,CUST00299,P4,Payment Failure,General,Wallet,Portal,L1 Support,Resolved,1.81,44.74,No,3,No
TKT0004709,2025-07-29 22:44:00,2025-07-31 01:43:48,CUST02187,P3,Refund,Operational,Merchant Portal,Chat,L2 Support,Resolved,1.06,27.0,No,3,Yes
TKT0004710,2025-03-11 07:02:00,2025-03-11 23:01:26,CUST00991,P3,API,General,Settlement API,Portal,Payments Ops,Resolved,2.09,15.99,No,2,No
TKT0004711,2025-03-18 05:23:00,2025-03-18 20:14:45,CUST02300,P3,Refund,Technical,Merchant Portal,Chat,L1 Support,Resolved,0.8,14.86,No,15,No
TKT0004712,2025-06-24 23:36:00,2025-06-25 06:26:28,CUST00803,P2,Login,Technical,Payments,Chat,KYC Ops,Resolved,0.16,6.84,No,6,No
TKT0004713,2025-07-07 15:25:00,2025-07-07 20:25:52,CUST01758,P2,KYC,General,Payments,Phone,L2 Support,Resolved,0.54,5.01,Yes,6,No
TKT0004714,2025-07-04 20:21:00,2025-07-05 18:46:35,CUST00621,P3,Refund,Operational,Merchant Portal,Phone,L2 Support,Resolved,0.62,22.43,No,32,No
TKT0004715,2025-06-02 16:47:00,2025-06-02 20:05:36,CUST01151,P1,KYC,General,Wallet,Phone,L2 Support,Resolved,1.17,3.31,No,12,No
TKT0004716,2025-04-27 06:56:00,2025-04-27 11:08:05,CUST02381,P2,Settlement,General,Settlement API,Phone,Payments Ops,Resolved,1.07,4.2,No,3,No
TKT0004717,2025-11-19 17:07:00,2025-11-20 12:46:40,CUST01540,P3,API,Technical,KYC Service,Phone,Payments Ops,Resolved,1.63,19.66,No,17,No
TKT0004718,2025-05-02 07:14:00,2025-05-03 02:08:18,CUST01875,P3,Payment Failure,Operational,Wallet,Portal,Engineering,Resolved,2.99,18.91,No,22,No
TKT0004719,2025-05-02 17:09:00,2025-05-04 06:35:57,CUST00408,P3,Payment Failure,Operational,Wallet,Email,Engineering,Resolved,0.34,37.45,No,5,Yes
TKT0004720,2025-10-15 04:35:00,2025-10-16 22:15:12,CUST02810,P4,Payment Failure,Technical,KYC Service,Portal,KYC Ops,Resolved,3.44,41.67,Yes,3,No
TKT0004721,2025-09-14 16:52:00,2025-09-15 05:57:54,CUST01248,P2,API,Operational,Settlement API,Chat,L2 Support,Resolved,1.29,13.1,No,10,Yes
TKT0004722,2025-08-08 02:22:00,2025-08-08 18:34:38,CUST01299,P3,Payment Failure,General,Merchant Portal,Email,L1 Support,Resolved,1.78,16.21,No,53,No
TKT0004723,2025-11-24 02:40:00,2025-11-24 16:34:29,CUST01508,P3,Login,General,Settlement API,Chat,KYC Ops,Resolved,1.13,13.91,Yes,7,No
TKT0004724,2025-08-05 23:07:00,2025-08-06 05:16:53,CUST02880,P3,KYC,Technical,Wallet,Chat,L1 Support,Resolved,0.81,6.16,Yes,12,No
TKT0004725,2025-07-16 19:12:00,2025-07-17 20:28:05,CUST00779,P4,Settlement,General,Merchant Portal,Chat,Payments Ops,Resolved,1.33,25.27,No,4,No
TKT0004726,2025-08-14 12:21:00,2025-08-15 12:53:19,CUST00535,P4,Payment Failure,Operational,Merchant Portal,Chat,L2 Support,Resolved,2.61,24.54,No,8,No
TKT0004727,2025-03-12 07:55:00,2025-03-15 10:06:20,CUST02937,P3,API,Operational,Merchant Portal,Phone,Engineering,Resolved,0.36,74.19,No,3,Yes
TKT0004728,2025-04-02 01:47:00,2025-04-02 05:57:14,CUST01987,P2,Refund,General,Settlement API,Phone,Engineering,Resolved,3.72,4.17,No,2,No
TKT0004729,2025-12-14 04:21:00,2025-12-14 21:42:17,CUST01173,P3,Payment Failure,Technical,Settlement API,Email,L2 Support,Resolved,2.28,17.35,No,13,No
TKT0004730,2025-01-29 06:55:00,2025-01-31 15:06:21,CUST00844,P4,Payment Failure,Technical,KYC Service,Phone,L1 Support,Resolved,2.86,56.19,No,10,Yes
TKT0004731,2025-12-24 00:40:00,2025-12-25 00:49:34,CUST02798,P3,Settlement,Operational,KYC Service,Email,Payments Ops,Resolved,1.07,24.16,No,12,Yes
TKT0004732,2025-04-20 11:46:00,2025-04-21 01:12:21,CUST00226,P3,API,Technical,Settlement API,Phone,Payments Ops,Resolved,1.47,13.44,Yes,8,No
TKT0004733,2025-11-12 10:36:00,2025-11-14 04:10:17,CUST00540,P4,Payment Failure,General,Settlement API,Portal,L1 Support,Resolved,0.74,41.57,No,4,No
TKT0004734,2025-11-07 13:29:00,2025-11-09 04:20:51,CUST01597,P3,Payment Failure,Operational,KYC Service,Email,Engineering,Resolved,0.67,38.86,No,1,Yes
TKT0004735,2025-11-08 09:25:00,2025-11-08 11:14:58,CUST02503,P2,Payment Failure,General,Wallet,Chat,L1 Support,Resolved,0.62,1.83,No,20,No
TKT0004736,2025-07-13 10:09:00,2025-07-13 18:33:41,CUST02091,P3,Refund,Operational,Payments,Email,L1 Support,Resolved,6.17,8.41,No,5,No
TKT0004737,2025-11-28 06:31:00,2025-11-29 05:03:00,CUST01336,P4,Payment Failure,Technical,Wallet,Chat,L1 Support,Resolved,1.57,22.53,No,3,No
TKT0004738,2025-01-04 05:14:00,2025-01-04 18:49:49,CUST01445,P4,Refund,Operational,KYC Service,Email,L1 Support,Resolved,1.08,13.6,No,10,No
TKT0004739,2025-09-05 15:20:00,2025-09-07 01:53:54,CUST01191,P4,API,Technical,Wallet,Chat,L1 Support,Resolved,2.06,34.57,No,22,No
TKT0004740,2025-12-27 00:23:00,2025-12-31 12:59:18,CUST02475,P4,Payment Failure,General,KYC Service,Email,Engineering,Resolved,0.75,108.61,No,3,Yes
TKT0004741,2025-12-13 11:48:00,2025-12-15 10:00:22,CUST01340,P4,KYC,General,Settlement API,Phone,Engineering,Resolved,0.51,46.21,No,2,No
TKT0004742,2025-01-31 03:50:00,2025-01-31 11:32:33,CUST00096,P3,KYC,General,KYC Service,Email,KYC Ops,Resolved,0.22,7.71,No,7,No
TKT0004743,2025-04-06 07:49:00,2025-04-07 10:33:15,CUST00307,P4,Refund,Operational,Wallet,Portal,KYC Ops,Resolved,0.33,26.74,No,10,No
TKT0004744,2025-07-01 06:13:00,2025-07-01 18:25:05,CUST02355,P4,Login,Technical,Merchant Portal,Chat,Payments Ops,Resolved,0.72,12.2,No,2,No
TKT0004745,2025-04-17 04:33:00,2025-04-17 10:42:28,CUST01287,P3,Settlement,General,KYC Service,Portal,L2 Support,Resolved,0.77,6.16,No,9,No
TKT0004746,2025-08-05 12:48:00,2025-08-06 23:50:28,CUST02242,P3,Login,Technical,KYC Service,Phone,L1 Support,Resolved,0.42,35.04,No,3,Yes
TKT0004747,2025-11-09 03:42:00,2025-11-09 23:53:47,CUST02759,P3,Refund,Operational,Wallet,Chat,Engineering,Resolved,0.5,20.2,No,4,No
TKT0004748,2025-02-21 22:39:00,2025-02-22 10:48:56,CUST00829,P3,KYC,Technical,Settlement API,Phone,L1 Support,Resolved,0.52,12.17,No,21,No
TKT0004749,2025-01-24 17:03:00,2025-01-26 10:51:04,CUST01229,P4,Refund,Operational,KYC Service,Chat,L2 Support,Resolved,0.43,41.8,No,1,No
TKT0004750,2025-12-23 14:44:00,2025-12-24 02:08:33,CUST00252,P2,Settlement,Technical,KYC Service,Chat,KYC Ops,Resolved,1.69,11.41,No,12,Yes
TKT0004751,2025-12-13 08:25:00,2025-12-15 15:16:59,CUST00862,P4,KYC,General,Wallet,Phone,Payments Ops,Resolved,0.49,54.87,No,7,Yes
TKT0004752,2025-04-24 03:35:00,2025-04-25 03:00:04,CUST01834,P3,Payment Failure,Technical,Merchant Portal,Email,L1 Support,Resolved,0.71,23.42,No,25,No
TKT0004753,2025-12-09 19:06:00,2025-12-12 08:31:00,CUST02988,P4,API,General,KYC Service,Phone,Payments Ops,Resolved,0.26,61.42,No,5,Yes
TKT0004754,2025-11-29 04:24:00,2025-11-30 20:54:49,CUST00704,P4,API,General,Merchant Portal,Portal,Engineering,Resolved,0.51,40.51,No,2,No
TKT0004755,2025-01-08 05:08:00,2025-01-09 09:56:09,CUST01080,P3,Refund,General,Payments,Email,L1 Support,Resolved,1.56,28.8,Yes,4,Yes
TKT0004756,2025-10-08 12:17:00,2025-10-09 11:28:06,CUST01115,P3,KYC,General,Settlement API,Chat,KYC Ops,Resolved,0.76,23.19,Yes,26,No
TKT0004757,2025-04-28 01:46:00,2025-04-28 23:10:06,CUST00577,P3,KYC,General,Wallet,Phone,L1 Support,Resolved,0.51,21.4,No,4,No
TKT0004758,2025-04-24 14:51:00,2025-04-25 08:44:16,CUST00671,P3,Refund,General,KYC Service,Portal,KYC Ops,Resolved,0.42,17.89,No,75,No
TKT0004759,2025-01-02 23:22:00,2025-01-05 17:35:18,CUST01403,P4,Refund,Technical,KYC Service,Portal,L1 Support,Resolved,1.72,66.22,Yes,5,Yes
TKT0004760,2025-08-18 11:10:00,2025-08-21 02:56:43,CUST01019,P4,KYC,Technical,Settlement API,Chat,Engineering,Resolved,0.64,63.78,No,8,Yes
TKT0004761,2025-07-31 00:43:00,2025-08-01 13:54:50,CUST02146,P3,Payment Failure,Technical,Wallet,Email,Engineering,Resolved,1.1,37.2,No,1,Yes
TKT0004762,2025-02-24 07:15:00,2025-02-24 11:05:51,CUST01048,P2,Settlement,General,KYC Service,Chat,L1 Support,Resolved,2.79,3.85,Yes,4,No
TKT0004763,2025-02-10 03:58:00,2025-02-10 05:35:47,CUST02210,P1,Payment Failure,Technical,Payments,Portal,L1 Support,Resolved,1.25,1.63,No,12,No
TKT0004764,2025-09-15 08:37:00,2025-09-15 21:21:13,CUST00816,P4,Settlement,Technical,Settlement API,Email,Engineering,Resolved,0.33,12.74,No,1,No
TKT0004765,2025-10-08 21:59:00,2025-10-09 02:36:10,CUST00987,P2,Settlement,Technical,KYC Service,Phone,L1 Support,Resolved,0.51,4.62,No,4,No
TKT0004766,2025-09-11 10:52:00,2025-09-12 02:32:42,CUST01270,P3,Refund,Technical,Wallet,Phone,L1 Support,Resolved,1.54,15.68,No,7,No
TKT0004767,2025-03-19 17:36:00,2025-03-21 18:24:47,CUST01963,P4,KYC,General,Payments,Portal,L2 Support,Resolved,0.53,48.81,Yes,6,Yes
TKT0004768,2025-09-25 04:41:00,2025-09-25 22:12:23,CUST02193,P3,Payment Failure,General,Wallet,Portal,Engineering,Resolved,0.38,17.52,No,11,No
TKT0004769,2025-05-04 22:10:00,2025-05-05 09:02:56,CUST02319,P3,Settlement,Operational,Wallet,Email,L2 Support,Resolved,0.52,10.88,No,10,No
TKT0004770,2025-10-17 11:30:00,2025-10-19 01:02:34,CUST01351,P4,Payment Failure,Operational,Wallet,Email,L2 Support,Resolved,0.6,37.54,No,7,No
TKT0004771,2025-02-10 20:43:00,2025-02-11 06:41:00,CUST00253,P3,Refund,Operational,Wallet,Portal,KYC Ops,Resolved,0.35,9.97,No,13,No
TKT0004772,2025-06-05 16:19:00,2025-06-06 22:29:00,CUST00768,P4,Settlement,Technical,Wallet,Phone,L1 Support,Resolved,0.7,30.17,Yes,4,No
TKT0004773,2025-06-09 13:06:00,2025-06-09 21:24:21,CUST02593,P4,Login,Operational,Merchant Portal,Chat,KYC Ops,Resolved,0.56,8.31,No,55,No
TKT0004774,2025-01-03 19:17:00,2025-01-06 15:08:25,CUST01937,P3,Login,Operational,Settlement API,Portal,Engineering,Resolved,0.25,67.86,No,4,Yes
TKT0004775,2025-06-30 23:38:00,2025-07-01 16:57:44,CUST02475,P3,KYC,Operational,Payments,Portal,KYC Ops,Resolved,1.18,17.33,No,3,No
TKT0004776,2025-12-05 15:26:00,2025-12-07 00:51:19,CUST00157,P3,Settlement,Operational,Payments,Chat,Payments Ops,Resolved,0.58,33.42,No,10,Yes
TKT0004777,2025-04-17 17:12:00,2025-04-18 09:14:00,CUST02914,P4,Payment Failure,General,Payments,Portal,KYC Ops,Resolved,1.29,16.03,No,6,No
TKT0004778,2025-08-30 12:28:00,2025-08-31 17:26:30,CUST01183,P3,Settlement,Operational,Settlement API,Portal,Engineering,Resolved,1.38,28.98,No,6,Yes
TKT0004779,2025-02-18 00:52:00,2025-02-21 19:38:38,CUST00345,P4,Refund,Technical,KYC Service,Chat,KYC Ops,Resolved,0.33,90.78,No,5,Yes
TKT0004780,2025-04-27 18:45:00,2025-04-28 23:37:53,CUST02261,P4,Refund,Operational,KYC Service,Phone,Engineering,Resolved,2.69,28.88,No,2,No
TKT0004781,2025-12-21 20:01:00,2025-12-23 15:26:42,CUST01270,P4,Refund,Technical,Payments,Phone,L2 Support,Resolved,1.45,43.43,No,4,No
TKT0004782,2025-12-18 09:43:00,2025-12-18 10:24:58,CUST02200,P1,Payment Failure,General,Settlement API,Chat,KYC Ops,Resolved,2.37,0.7,No,25,No
TKT0004783,2025-07-14 00:02:00,2025-07-15 03:36:27,CUST01516,P3,Login,Technical,Merchant Portal,Email,Payments Ops,Resolved,1.13,27.57,No,4,Yes
TKT0004784,2025-08-08 04:34:00,2025-08-08 14:47:48,CUST01378,P3,Payment Failure,Operational,Wallet,Email,KYC Ops,Resolved,1.13,10.23,Yes,1,No
TKT0004785,2025-04-20 21:32:00,2025-04-22 02:12:00,CUST02036,P3,KYC,General,Payments,Email,L1 Support,Resolved,0.24,28.67,No,8,Yes
TKT0004786,2025-06-23 02:18:00,2025-06-23 17:34:52,CUST01843,P2,API,Technical,Payments,Email,Engineering,Resolved,3.72,15.28,Yes,3,Yes
TKT0004787,2025-06-16 21:21:00,2025-06-18 08:03:58,CUST01361,P3,API,Operational,Settlement API,Chat,Payments Ops,Resolved,0.3,34.72,No,12,Yes
TKT0004788,2025-08-28 18:55:00,2025-08-29 16:24:36,CUST01857,P3,Payment Failure,Technical,Payments,Phone,L1 Support,Resolved,0.47,21.49,Yes,14,No
TKT0004789,2025-08-01 18:04:00,2025-08-01 23:30:51,CUST00754,P2,API,General,Payments,Portal,Payments Ops,Resolved,2.09,5.45,No,11,No
TKT0004790,2025-05-23 21:12:00,2025-05-24 14:24:31,CUST00572,P4,KYC,Operational,Merchant Portal,Portal,Payments Ops,Resolved,0.52,17.21,No,6,No
TKT0004791,2025-01-19 04:21:00,2025-01-20 15:06:59,CUST01248,P3,API,Technical,Merchant Portal,Portal,L2 Support,Resolved,0.1,34.77,No,31,Yes
TKT0004792,2025-02-17 09:25:00,2025-02-18 03:02:30,CUST01450,P3,KYC,Operational,Payments,Chat,KYC Ops,Resolved,0.86,17.63,No,6,No
TKT0004793,2025-02-21 06:51:00,2025-02-23 13:13:11,CUST02754,P4,KYC,General,Merchant Portal,Portal,L1 Support,Resolved,0.36,54.37,No,1,Yes
TKT0004794,2025-03-29 19:25:00,2025-03-30 11:14:55,CUST00243,P3,Payment Failure,Technical,Wallet,Chat,KYC Ops,Resolved,0.43,15.83,No,6,No
TKT0004795,2025-02-06 17:50:00,2025-02-07 22:58:59,CUST02218,P4,Login,General,KYC Service,Chat,L2 Support,Resolved,1.93,29.15,No,14,No
TKT0004796,2025-02-15 18:30:00,2025-02-15 20:38:44,CUST02741,P1,Payment Failure,Technical,KYC Service,Email,Engineering,Resolved,1.63,2.15,Yes,10,No
TKT0004797,2025-05-29 23:14:00,2025-05-30 13:13:43,CUST02132,P3,Payment Failure,General,KYC Service,Chat,Payments Ops,Resolved,0.34,14.0,No,5,No
TKT0004798,2025-03-20 12:10:00,2025-03-21 02:58:08,CUST00021,P3,Login,General,KYC Service,Portal,L2 Support,Resolved,0.54,14.8,No,6,No
TKT0004799,2025-01-05 23:59:00,2025-01-08 05:08:47,CUST00824,P4,API,Technical,KYC Service,Portal,Engineering,Resolved,0.96,53.16,No,27,Yes
TKT0004800,2025-02-06 08:16:00,2025-02-06 14:14:45,CUST00236,P3,Settlement,Operational,Wallet,Phone,L1 Support,Resolved,2.35,5.98,No,20,No
TKT0004801,2025-07-16 16:47:00,2025-07-18 15:00:00,CUST02711,P4,KYC,Technical,Payments,Chat,L1 Support,Resolved,1.5,46.22,No,4,No
TKT0004802,2025-09-21 04:30:00,2025-09-22 01:27:48,CUST01170,P3,KYC,Technical,Merchant Portal,Email,L2 Support,Resolved,0.3,20.96,No,3,No
TKT0004803,2025-07-10 03:56:00,2025-07-13 03:48:06,CUST02449,P4,API,General,Wallet,Email,Engineering,Resolved,0.86,71.87,No,11,Yes
TKT0004804,2025-07-30 08:22:00,2025-07-31 15:55:30,CUST02611,P4,Payment Failure,General,Payments,Chat,Engineering,Resolved,0.63,31.56,No,9,No
TKT0004805,2025-09-21 09:25:00,2025-09-22 11:18:21,CUST01321,P4,KYC,Operational,Settlement API,Chat,KYC Ops,Resolved,1.08,25.89,Yes,5,No
TKT0004806,2025-05-02 18:03:00,2025-05-03 07:01:51,CUST02054,P3,Login,Technical,Wallet,Phone,L1 Support,Resolved,0.49,12.98,No,12,No
TKT0004807,2025-01-04 04:21:00,2025-01-04 17:16:19,CUST01628,P3,Settlement,General,Merchant Portal,Chat,Engineering,Resolved,0.44,12.92,No,7,No
TKT0004808,2025-05-29 11:21:00,2025-05-30 19:02:00,CUST01952,P4,Payment Failure,Operational,Merchant Portal,Portal,L2 Support,Resolved,0.65,31.68,No,13,No
TKT0004809,2025-10-06 22:39:00,2025-10-08 06:52:13,CUST02500,P4,API,General,Wallet,Chat,Payments Ops,Resolved,1.24,32.22,No,1,No
TKT0004810,2025-12-10 07:26:00,2025-12-12 03:30:00,CUST00589,P4,Settlement,Technical,Settlement API,Chat,Engineering,Resolved,1.33,44.07,No,1,No
TKT0004811,2025-11-12 17:22:00,2025-11-12 20:19:22,CUST01891,P2,Login,Operational,Settlement API,Portal,Payments Ops,Resolved,0.45,2.96,No,5,No
TKT0004812,2025-02-11 15:08:00,2025-02-11 23:57:55,CUST02520,P2,Refund,Operational,Wallet,Portal,Engineering,Resolved,0.7,8.83,Yes,8,Yes
TKT0004813,2025-03-21 06:45:00,2025-03-21 14:08:23,CUST02747,P3,Refund,Operational,Merchant Portal,Email,KYC Ops,Resolved,2.51,7.39,Yes,1,No
TKT0004814,2025-09-20 00:29:00,2025-09-20 04:25:39,CUST00748,P2,Payment Failure,General,KYC Service,Email,L2 Support,Resolved,0.22,3.94,Yes,8,No
TKT0004815,2025-06-01 16:50:00,2025-06-02 01:35:28,CUST00499,P3,Payment Failure,Operational,Payments,Phone,L2 Support,Resolved,3.04,8.76,No,2,No
TKT0004816,2025-06-05 21:48:00,2025-06-06 14:58:13,CUST02149,P4,Payment Failure,Operational,KYC Service,Phone,Engineering,Resolved,0.43,17.17,No,8,No
TKT0004817,2025-07-16 21:53:00,2025-07-18 12:20:14,CUST01196,P4,KYC,General,Settlement API,Email,Payments Ops,Resolved,0.23,38.45,No,25,No
TKT0004818,2025-09-05 08:06:00,2025-09-06 09:54:25,CUST01130,P4,KYC,Operational,Settlement API,Portal,L2 Support,Resolved,0.42,25.81,No,24,No
TKT0004819,2025-04-08 14:56:00,2025-04-09 01:06:58,CUST02461,P3,Payment Failure,Technical,Payments,Phone,Engineering,Resolved,0.57,10.18,No,17,No
TKT0004820,2025-06-03 14:59:00,2025-06-06 11:55:20,CUST01135,P4,Refund,General,Merchant Portal,Phone,Payments Ops,Resolved,0.96,68.94,No,12,Yes
TKT0004821,2025-10-12 21:41:00,2025-10-13 16:12:30,CUST00828,P3,Login,Technical,Settlement API,Portal,Engineering,Resolved,0.41,18.53,No,3,No
TKT0004822,2025-07-14 05:07:00,2025-07-17 03:48:51,CUST01849,P4,API,General,Wallet,Portal,KYC Ops,Resolved,4.45,70.7,No,33,Yes
TKT0004823,2025-11-17 19:44:00,2025-11-18 21:10:54,CUST00910,P3,Refund,Operational,Wallet,Chat,KYC Ops,Resolved,0.38,25.45,No,18,Yes
TKT0004824,2025-05-31 04:31:00,2025-06-01 07:39:47,CUST01790,P4,API,Technical,Payments,Phone,Engineering,Resolved,1.45,27.15,No,7,No
TKT0004825,2025-09-15 12:35:00,2025-09-16 05:10:28,CUST02304,P3,Payment Failure,Technical,KYC Service,Email,L1 Support,Resolved,0.07,16.59,No,13,No
TKT0004826,2025-02-25 04:37:00,2025-02-26 16:30:09,CUST00926,P3,Payment Failure,General,KYC Service,Chat,L2 Support,Resolved,0.79,35.89,No,36,Yes
TKT0004827,2025-04-29 08:30:00,2025-05-02 09:47:06,CUST02787,P4,Login,General,Merchant Portal,Phone,Engineering,Resolved,0.85,73.29,No,2,Yes
TKT0004828,2025-02-27 10:49:00,2025-02-27 22:10:23,CUST02737,P3,Payment Failure,Technical,Payments,Chat,L2 Support,Resolved,0.47,11.36,No,31,No
TKT0004829,2025-07-19 11:47:00,2025-07-21 20:34:21,CUST02724,P4,KYC,Technical,KYC Service,Phone,L1 Support,Resolved,0.97,56.79,No,2,Yes
TKT0004830,2025-07-24 17:52:00,2025-07-25 01:57:02,CUST01385,P3,KYC,Operational,Wallet,Portal,KYC Ops,Resolved,0.64,8.08,No,6,No
TKT0004831,2025-05-05 16:44:00,2025-05-07 03:05:15,CUST00366,P3,KYC,Technical,KYC Service,Email,KYC Ops,Resolved,0.65,34.35,No,23,Yes
TKT0004832,2025-11-10 05:45:00,2025-11-10 17:55:17,CUST01269,P3,Refund,Technical,KYC Service,Phone,Payments Ops,Resolved,5.32,12.17,No,86,No
TKT0004833,2025-04-27 01:51:00,2025-04-27 09:56:58,CUST02177,P3,Payment Failure,Technical,Merchant Portal,Phone,Payments Ops,Resolved,0.68,8.1,No,16,No
TKT0004834,2025-11-22 07:39:00,2025-11-23 06:40:40,CUST00540,P3,API,General,Merchant Portal,Chat,KYC Ops,Resolved,0.22,23.03,No,7,No
TKT0004835,2025-05-19 10:04:00,2025-05-20 06:26:27,CUST01254,P4,Refund,Technical,Merchant Portal,Chat,L1 Support,Resolved,0.34,20.37,No,28,No
TKT0004836,2025-10-28 13:10:00,2025-10-28 22:32:09,CUST01676,P3,Payment Failure,Operational,Settlement API,Email,Payments Ops,Resolved,2.25,9.37,No,6,No
TKT0004837,2025-04-01 05:57:00,2025-04-01 08:11:47,CUST00093,P2,Refund,Operational,KYC Service,Chat,KYC Ops,Resolved,2.24,2.25,Yes,2,No
TKT0004838,2025-03-01 20:09:00,2025-03-02 10:55:15,CUST00981,P3,Refund,General,Payments,Email,Payments Ops,Resolved,0.89,14.77,No,17,No
TKT0004839,2025-12-28 09:16:00,2025-12-28 22:35:14,CUST01843,P3,Payment Failure,General,Merchant Portal,Phone,L2 Support,Resolved,1.69,13.32,No,29,No
TKT0004840,2025-03-22 10:29:00,2025-03-22 18:08:15,CUST02308,P2,KYC,General,Wallet,Chat,L1 Support,Resolved,0.61,7.65,No,7,No
TKT0004841,2025-08-20 01:36:00,2025-08-21 07:56:04,CUST00327,P4,Settlement,Technical,Settlement API,Email,KYC Ops,Resolved,0.5,30.33,No,3,No
TKT0004842,2025-08-22 20:56:00,2025-08-23 05:51:29,CUST02445,P2,Payment Failure,General,Merchant Portal,Phone,KYC Ops,Resolved,1.37,8.92,Yes,4,Yes
TKT0004843,2025-07-25 08:10:00,2025-07-28 18:44:13,CUST01873,P4,Refund,General,Merchant Portal,Portal,KYC Ops,Resolved,0.56,82.57,No,7,Yes
TKT0004844,2025-07-11 14:55:00,2025-07-11 22:03:32,CUST00033,P3,Refund,Operational,Merchant Portal,Email,L1 Support,Resolved,0.7,7.14,Yes,21,No
TKT0004845,2025-11-28 11:57:00,2025-11-28 13:02:45,CUST02399,P1,Refund,General,Settlement API,Email,Engineering,Resolved,1.19,1.1,No,47,No
TKT0004846,2025-05-22 02:14:00,2025-05-25 05:03:37,CUST00344,P4,KYC,General,Merchant Portal,Email,Payments Ops,Resolved,0.54,74.83,No,5,Yes
TKT0004847,2025-09-13 08:26:00,2025-09-13 22:06:30,CUST01380,P4,Settlement,Operational,Merchant Portal,Phone,KYC Ops,Resolved,1.6,13.68,Yes,14,No
TKT0004848,2025-06-12 18:56:00,2025-06-14 08:18:17,CUST01139,P3,Login,Technical,Payments,Phone,L2 Support,Resolved,1.17,37.37,Yes,2,Yes
TKT0004849,2025-01-13 11:16:00,2025-01-13 14:57:34,CUST01544,P2,KYC,General,KYC Service,Email,Payments Ops,Resolved,1.49,3.69,Yes,6,No
TKT0004850,2025-05-20 04:36:00,2025-05-21 16:02:08,CUST01126,P4,Settlement,General,Payments,Email,L1 Support,Resolved,0.69,35.44,No,31,No
TKT0004851,2025-03-07 03:01:00,2025-03-07 18:10:14,CUST01454,P4,KYC,Technical,Wallet,Portal,L1 Support,Resolved,4.92,15.15,No,27,No
TKT0004852,2025-05-02 06:03:00,2025-05-03 01:19:03,CUST00031,P3,API,General,Payments,Chat,Payments Ops,Resolved,2.99,19.27,No,55,No
TKT0004853,2025-07-14 12:56:00,2025-07-15 23:20:55,CUST00908,P4,API,Operational,KYC Service,Phone,Payments Ops,Resolved,0.63,34.42,No,5,No
TKT0004854,2025-07-06 01:01:00,2025-07-06 21:03:05,CUST02986,P4,Refund,Technical,Payments,Phone,L2 Support,Resolved,0.6,20.03,No,5,No
TKT0004855,2025-11-07 05:08:00,2025-11-07 07:47:05,CUST01218,P2,KYC,General,Merchant Portal,Phone,Engineering,Resolved,0.91,2.65,Yes,1,No
TKT0004856,2025-05-02 16:36:00,2025-05-03 21:05:10,CUST00179,P4,Settlement,General,Payments,Chat,L2 Support,Resolved,0.68,28.49,Yes,24,No
TKT0004857,2025-10-07 23:16:00,2025-10-08 01:34:21,CUST00105,P1,KYC,Technical,Payments,Chat,L1 Support,Resolved,0.71,2.31,No,70,No
TKT0004858,2025-05-14 15:43:00,2025-05-15 20:08:16,CUST02299,P3,Login,Operational,KYC Service,Email,KYC Ops,Resolved,0.29,28.42,No,2,Yes
TKT0004859,2025-11-22 05:53:00,2025-11-22 16:01:49,CUST02474,P3,Login,Technical,Payments,Chat,L2 Support,Resolved,2.0,10.15,No,13,No
TKT0004860,2025-11-29 21:01:00,2025-11-30 01:38:22,CUST02190,P2,Refund,General,Wallet,Chat,Engineering,Resolved,1.42,4.62,No,7,No
TKT0004861,2025-04-12 22:02:00,2025-04-13 17:02:12,CUST00570,P3,Payment Failure,Technical,Payments,Email,KYC Ops,Resolved,0.62,19.0,No,31,No
TKT0004862,2025-06-25 02:02:00,2025-06-26 00:35:49,CUST00821,P3,Refund,Technical,Payments,Chat,KYC Ops,Resolved,0.6,22.56,Yes,3,No
TKT0004863,2025-04-28 23:02:00,2025-04-29 10:41:15,CUST00369,P3,KYC,General,KYC Service,Email,KYC Ops,Resolved,0.55,11.65,No,6,No
TKT0004864,2025-06-23 07:48:00,2025-06-24 10:58:42,CUST00053,P3,Payment Failure,General,Settlement API,Portal,Payments Ops,Resolved,0.3,27.18,No,31,Yes
TKT0004865,2025-06-12 15:17:00,2025-06-13 00:23:13,CUST01715,P2,KYC,Technical,Payments,Email,Payments Ops,Resolved,0.84,9.1,Yes,14,Yes
TKT0004866,2025-09-09 17:22:00,2025-09-11 05:27:00,CUST01441,P3,API,Technical,Merchant Portal,Portal,L2 Support,Resolved,0.47,36.08,No,9,Yes
TKT0004867,2025-05-06 13:55:00,2025-05-07 07:10:54,CUST02557,P4,Payment Failure,Operational,Wallet,Phone,KYC Ops,Resolved,1.33,17.27,No,14,No
TKT0004868,2025-11-04 09:32:00,2025-11-04 23:53:49,CUST01774,P2,API,Operational,Wallet,Portal,Engineering,Resolved,1.22,14.36,No,21,Yes
TKT0004869,2025-12-22 06:50:00,2025-12-22 14:29:15,CUST03000,P3,Payment Failure,Operational,Settlement API,Portal,L1 Support,Resolved,0.79,7.65,No,5,No
TKT0004870,2025-10-18 09:22:00,2025-10-18 12:29:14,CUST01271,P1,API,Technical,Merchant Portal,Email,KYC Ops,Resolved,0.62,3.12,Yes,16,No
TKT0004871,2025-08-30 13:40:00,2025-08-30 16:45:19,CUST01987,P1,Login,General,Merchant Portal,Email,L2 Support,Resolved,1.28,3.09,Yes,42,No
TKT0004872,2025-01-23 22:54:00,2025-01-24 07:00:51,CUST01567,P3,KYC,Technical,Wallet,Phone,Payments Ops,Resolved,0.77,8.11,No,5,No
TKT0004873,2025-07-07 19:46:00,2025-07-08 19:24:28,CUST02314,P3,API,General,KYC Service,Portal,L1 Support,Resolved,0.14,23.64,Yes,4,No
TKT0004874,2025-07-17 04:32:00,2025-07-17 20:35:46,CUST00557,P3,Payment Failure,Technical,Settlement API,Phone,L2 Support,Resolved,1.52,16.06,No,2,No
TKT0004875,2025-12-23 18:20:00,2025-12-24 19:15:24,CUST02310,P4,API,Operational,Merchant Portal,Chat,KYC Ops,Resolved,1.97,24.92,No,8,No
TKT0004876,2025-12-04 09:53:00,2025-12-04 17:35:48,CUST01403,P3,Settlement,Operational,Wallet,Chat,KYC Ops,Resolved,1.77,7.71,No,71,No
TKT0004877,2025-12-01 11:03:00,2025-12-01 14:31:40,CUST02478,P3,Login,Operational,Payments,Email,KYC Ops,Resolved,0.4,3.48,No,9,No
TKT0004878,2025-06-16 05:34:00,2025-06-19 15:56:06,CUST01459,P4,Payment Failure,General,Wallet,Email,Engineering,Resolved,0.44,82.37,No,7,Yes
TKT0004879,2025-02-11 13:06:00,2025-02-11 20:17:47,CUST01859,P2,API,General,KYC Service,Portal,Payments Ops,Resolved,1.62,7.2,Yes,8,No
TKT0004880,2025-10-05 23:41:00,2025-10-06 18:44:29,CUST02178,P4,KYC,General,Merchant Portal,Portal,Payments Ops,Resolved,0.31,19.06,No,7,No
TKT0004881,2025-12-06 11:53:00,2025-12-07 05:17:02,CUST01406,P4,Refund,Technical,Wallet,Chat,KYC Ops,Resolved,0.62,17.4,No,15,No
TKT0004882,2025-05-27 12:19:00,2025-05-28 12:04:11,CUST00417,P3,Settlement,General,Settlement API,Chat,L2 Support,Resolved,0.61,23.75,No,2,No
TKT0004883,2025-08-11 19:24:00,2025-08-15 00:20:40,CUST02920,P4,API,Operational,Merchant Portal,Phone,Payments Ops,Resolved,0.55,76.94,No,14,Yes
TKT0004884,2025-02-23 14:19:00,2025-02-24 12:22:00,CUST00205,P3,API,General,Payments,Email,Payments Ops,Resolved,2.39,22.05,No,5,No
TKT0004885,2025-09-15 03:11:00,2025-09-16 06:27:45,CUST01819,P3,KYC,General,Payments,Email,Payments Ops,Resolved,1.73,27.28,No,7,Yes
TKT0004886,2025-02-13 11:10:00,2025-02-14 07:29:29,CUST00609,P3,API,Technical,Payments,Portal,KYC Ops,Resolved,0.39,20.32,No,57,No
TKT0004887,2025-06-23 07:59:00,2025-06-24 05:33:30,CUST00640,P3,API,General,Wallet,Chat,KYC Ops,Resolved,0.36,21.58,No,9,No
TKT0004888,2025-12-03 04:26:00,2025-12-03 21:19:49,CUST01220,P3,KYC,Technical,Merchant Portal,Portal,Engineering,Resolved,0.48,16.9,No,2,No
TKT0004889,2025-06-25 19:58:00,2025-06-26 07:58:04,CUST02244,P2,Login,Technical,Merchant Portal,Email,Engineering,Resolved,0.32,12.0,Yes,19,Yes
TKT0004890,2025-01-07 15:37:00,2025-01-08 10:22:16,CUST00153,P3,Payment Failure,Technical,KYC Service,Chat,L2 Support,Resolved,0.71,18.75,No,21,No
TKT0004891,2025-10-20 17:44:00,2025-10-21 09:22:19,CUST02320,P3,KYC,Technical,Merchant Portal,Email,Payments Ops,Resolved,1.18,15.64,Yes,9,No
TKT0004892,2025-12-18 11:29:00,2025-12-18 15:36:54,CUST00579,P3,Refund,General,Merchant Portal,Chat,Engineering,Resolved,1.03,4.13,No,7,No
TKT0004893,2025-08-18 18:36:00,2025-08-19 12:36:36,CUST02276,P4,Refund,Technical,Payments,Chat,Payments Ops,Resolved,4.52,18.01,No,5,No
TKT0004894,2025-09-24 04:01:00,2025-09-24 13:30:10,CUST00196,P2,Payment Failure,General,Payments,Portal,Engineering,Resolved,0.79,9.49,Yes,20,Yes
TKT0004895,2025-07-29 12:45:00,2025-07-30 05:43:00,CUST01105,P3,API,Operational,KYC Service,Phone,KYC Ops,Resolved,0.41,16.97,No,2,No
TKT0004896,2025-09-03 04:56:00,2025-09-03 20:39:03,CUST01783,P3,Settlement,Technical,Settlement API,Phone,Payments Ops,Resolved,5.9,15.72,No,11,No
TKT0004897,2025-08-14 14:48:00,2025-08-15 20:58:42,CUST01247,P4,Settlement,Operational,Settlement API,Portal,Payments Ops,Resolved,0.74,30.18,Yes,4,No
TKT0004898,2025-01-20 10:14:00,2025-01-21 15:58:31,CUST00439,P4,Refund,Technical,Wallet,Chat,Payments Ops,Resolved,1.54,29.74,No,5,No
TKT0004899,2025-05-02 16:35:00,2025-05-03 13:23:49,CUST02472,P3,KYC,General,KYC Service,Portal,L1 Support,Resolved,0.86,20.81,No,2,No
TKT0004900,2025-11-10 17:57:00,2025-11-11 20:49:23,CUST01864,P3,Login,Technical,Wallet,Portal,KYC Ops,Resolved,0.96,26.87,No,7,Yes
TKT0004901,2025-04-11 15:27:00,2025-04-12 09:59:05,CUST01860,P4,API,Operational,KYC Service,Portal,L1 Support,Resolved,0.41,18.53,No,4,No
TKT0004902,2025-03-02 09:59:00,2025-03-03 09:16:28,CUST00349,P4,KYC,Technical,Settlement API,Email,KYC Ops,Resolved,0.48,23.29,No,8,No
TKT0004903,2025-03-02 06:38:00,2025-03-04 16:43:15,CUST01161,P4,API,Technical,Settlement API,Portal,L2 Support,Resolved,3.16,58.09,No,16,Yes
TKT0004904,2025-04-25 07:18:00,2025-04-26 09:19:16,CUST00309,P3,KYC,Operational,Settlement API,Email,Payments Ops,Resolved,0.57,26.02,No,3,Yes
TKT0004905,2025-11-19 16:33:00,2025-11-20 05:01:06,CUST00186,P3,Refund,Technical,Payments,Email,Payments Ops,Resolved,0.79,12.47,Yes,2,No
TKT0004906,2025-10-13 14:06:00,2025-10-14 04:10:05,CUST02576,P3,Refund,Technical,Wallet,Portal,L2 Support,Resolved,1.29,14.07,No,1,No
TKT0004907,2025-08-09 13:38:00,2025-08-10 13:37:00,CUST00183,P4,Payment Failure,Operational,Payments,Chat,L1 Support,Resolved,1.37,23.98,No,2,No
TKT0004908,2025-03-01 07:01:00,2025-03-01 17:40:26,CUST01569,P3,Payment Failure,General,Wallet,Phone,Engineering,Resolved,1.24,10.66,No,13,No
TKT0004909,2025-03-18 01:20:00,2025-03-18 11:14:30,CUST01198,P3,Settlement,General,Merchant Portal,Portal,Engineering,Resolved,0.4,9.91,No,9,No
TKT0004910,2025-07-09 17:19:00,2025-07-10 15:03:43,CUST00172,P3,Payment Failure,Operational,KYC Service,Email,KYC Ops,Resolved,2.11,21.75,No,10,No
TKT0004911,2025-04-10 17:35:00,2025-04-10 21:49:42,CUST02520,P2,Refund,Technical,KYC Service,Email,Payments Ops,Resolved,0.73,4.25,Yes,1,No
TKT0004912,2025-01-28 22:59:00,2025-01-29 09:26:34,CUST02305,P3,Login,Technical,KYC Service,Email,L1 Support,Resolved,0.12,10.46,No,11,No
TKT0004913,2025-07-23 09:44:00,2025-07-24 09:46:05,CUST02020,P4,Payment Failure,Technical,Merchant Portal,Portal,L1 Support,Resolved,2.94,24.03,No,9,No
TKT0004914,2025-12-08 11:34:00,2025-12-09 03:28:49,CUST01228,P4,Login,Operational,KYC Service,Phone,Engineering,Resolved,2.53,15.91,No,9,No
TKT0004915,2025-07-04 18:26:00,2025-07-05 00:34:24,CUST00928,P3,Settlement,General,KYC Service,Email,KYC Ops,Resolved,1.96,6.14,No,117,No
TKT0004916,2025-10-03 04:57:00,2025-10-04 10:47:39,CUST00581,P3,Payment Failure,General,Merchant Portal,Chat,L2 Support,Resolved,0.82,29.84,No,3,Yes
TKT0004917,2025-05-07 06:23:00,2025-05-07 15:33:42,CUST00001,P3,Payment Failure,Operational,Wallet,Portal,Payments Ops,Resolved,0.66,9.18,Yes,6,No
TKT0004918,2025-06-18 13:35:00,2025-06-20 14:23:34,CUST01565,P3,Payment Failure,Technical,Wallet,Chat,L1 Support,Resolved,1.7,48.81,Yes,7,Yes
TKT0004919,2025-09-05 04:51:00,2025-09-06 17:47:23,CUST01524,P4,Payment Failure,Technical,Merchant Portal,Portal,Engineering,Resolved,1.92,36.94,No,1,No
TKT0004920,2025-08-23 18:04:00,2025-08-24 11:16:04,CUST02881,P4,Payment Failure,Technical,Settlement API,Email,Engineering,Resolved,1.02,17.2,No,8,No
TKT0004921,2025-04-08 07:00:00,2025-04-08 22:25:55,CUST01640,P3,Payment Failure,Operational,Merchant Portal,Chat,L2 Support,Resolved,0.32,15.43,No,23,No
TKT0004922,2025-07-01 12:46:00,2025-07-02 20:41:47,CUST02924,P4,Login,General,KYC Service,Chat,L2 Support,Resolved,1.74,31.93,No,21,No
TKT0004923,2025-08-06 15:26:00,2025-08-07 18:23:01,CUST01231,P3,Settlement,General,Wallet,Portal,KYC Ops,Resolved,0.93,26.95,No,7,Yes
TKT0004924,2025-06-21 12:19:00,2025-06-22 10:42:58,CUST02957,P4,Login,General,Payments,Email,KYC Ops,Resolved,0.78,22.4,No,19,No
TKT0004925,2025-09-20 08:14:00,2025-09-20 11:16:32,CUST00818,P2,API,General,Settlement API,Chat,KYC Ops,Resolved,0.85,3.04,No,2,No
TKT0004926,2025-03-03 05:05:00,2025-03-03 15:33:36,CUST02602,P3,Payment Failure,Operational,Payments,Phone,Engineering,Resolved,0.97,10.48,No,7,No
TKT0004927,2025-08-26 06:52:00,2025-08-26 17:19:16,CUST02025,P3,Payment Failure,General,Settlement API,Phone,L1 Support,Resolved,1.52,10.45,Yes,2,No
TKT0004928,2025-02-08 15:47:00,2025-02-09 12:01:11,CUST00989,P3,Refund,General,Merchant Portal,Email,L2 Support,Resolved,0.65,20.24,Yes,1,No
TKT0004929,2025-05-31 13:17:00,2025-05-31 14:46:57,CUST00032,P2,API,General,KYC Service,Portal,L2 Support,Resolved,0.86,1.5,No,9,No
TKT0004930,2025-11-15 21:04:00,2025-11-16 15:33:25,CUST00580,P4,Refund,General,Payments,Chat,Payments Ops,Resolved,0.26,18.49,No,14,No
TKT0004931,2025-04-30 09:06:00,2025-04-30 13:21:27,CUST01264,P2,API,General,Wallet,Chat,L1 Support,Resolved,0.71,4.26,No,4,No
TKT0004932,2025-12-13 18:02:00,2025-12-14 23:15:00,CUST00499,P4,Refund,Technical,Wallet,Portal,L2 Support,Resolved,1.14,29.22,No,3,No
TKT0004933,2025-10-24 22:31:00,2025-10-26 08:48:26,CUST00470,P4,Login,Technical,Merchant Portal,Email,KYC Ops,Resolved,0.49,34.29,No,6,No
TKT0004934,2025-09-17 07:39:00,2025-09-18 12:51:40,CUST01833,P3,API,Technical,Payments,Chat,KYC Ops,Resolved,1.97,29.21,No,2,Yes
TKT0004935,2025-09-18 08:26:00,2025-09-19 11:02:35,CUST02579,P4,Login,General,Settlement API,Chat,Payments Ops,Resolved,0.72,26.61,No,2,No
TKT0004936,2025-04-05 09:42:00,2025-04-06 02:58:28,CUST01140,P3,Payment Failure,Operational,Payments,Email,KYC Ops,Resolved,2.27,17.27,No,6,No
TKT0004937,2025-03-17 03:29:00,2025-03-18 05:14:48,CUST00920,P3,Refund,Technical,KYC Service,Phone,Engineering,Resolved,1.18,25.76,No,5,Yes
TKT0004938,2025-08-05 20:17:00,2025-08-06 17:30:14,CUST00337,P3,Settlement,General,Wallet,Phone,Payments Ops,Resolved,1.21,21.22,No,9,No
TKT0004939,2025-08-28 10:46:00,2025-08-29 01:54:29,CUST01839,P3,Settlement,General,Payments,Chat,Payments Ops,Resolved,1.24,15.14,No,2,No
TKT0004940,2025-01-29 12:51:00,2025-01-30 16:26:04,CUST00088,P3,Login,General,Wallet,Chat,Payments Ops,Resolved,0.24,27.58,No,9,Yes
TKT0004941,2025-12-25 19:45:00,2025-12-26 04:42:54,CUST02748,P3,Payment Failure,Technical,Wallet,Chat,L1 Support,Resolved,1.98,8.97,No,4,No
TKT0004942,2025-01-19 01:42:00,2025-01-19 22:55:28,CUST01949,P3,API,Technical,Merchant Portal,Chat,Payments Ops,Resolved,1.06,21.22,No,3,No
TKT0004943,2025-04-18 18:18:00,2025-04-19 06:43:32,CUST02888,P3,KYC,Technical,Payments,Chat,L2 Support,Resolved,0.59,12.43,No,12,No
TKT0004944,2025-09-10 06:07:00,2025-09-11 09:22:50,CUST02258,P4,Refund,Technical,Settlement API,Email,KYC Ops,Resolved,0.72,27.26,No,8,No
TKT0004945,2025-10-17 07:18:00,2025-10-17 11:34:55,CUST02015,P2,Payment Failure,Technical,KYC Service,Phone,L1 Support,Resolved,0.35,4.28,Yes,13,No
TKT0004946,2025-01-18 11:00:00,2025-01-18 15:28:09,CUST00184,P2,Refund,General,Payments,Phone,L1 Support,Resolved,0.31,4.47,No,23,No
TKT0004947,2025-04-03 08:38:00,2025-04-05 15:32:11,CUST01510,P4,Payment Failure,Technical,KYC Service,Phone,KYC Ops,Resolved,1.1,54.9,No,70,Yes
TKT0004948,2025-09-19 03:14:00,2025-09-19 15:34:06,CUST01170,P3,Payment Failure,Technical,Merchant Portal,Portal,L1 Support,Resolved,1.46,12.34,No,90,No
TKT0004949,2025-12-07 10:38:00,2025-12-07 15:24:12,CUST01089,P2,Payment Failure,General,Wallet,Phone,KYC Ops,Resolved,6.05,4.77,Yes,70,No
TKT0004950,2025-07-26 09:36:00,2025-07-27 10:12:36,CUST01926,P3,Settlement,General,Wallet,Phone,KYC Ops,Resolved,0.1,24.61,No,3,Yes
TKT0004951,2025-04-21 09:08:00,2025-04-22 13:24:25,CUST02506,P3,Login,Operational,Wallet,Phone,Engineering,Resolved,0.16,28.27,No,10,Yes
TKT0004952,2025-10-09 02:06:00,2025-10-10 05:56:19,CUST01886,P3,KYC,Operational,Payments,Portal,L1 Support,Resolved,2.01,27.84,No,1,Yes
TKT0004953,2025-01-08 16:08:00,2025-01-11 07:31:57,CUST00018,P4,API,General,Settlement API,Chat,Engineering,Resolved,1.24,63.4,No,2,Yes
TKT0004954,2025-07-23 21:07:00,2025-07-25 09:48:41,CUST01937,P4,API,Technical,Wallet,Phone,KYC Ops,Resolved,9.71,36.69,No,1,No
TKT0004955,2025-06-23 13:34:00,2025-06-24 09:47:15,CUST01522,P3,API,Technical,Settlement API,Email,Engineering,Resolved,1.12,20.22,Yes,6,No
TKT0004956,2025-02-09 05:09:00,2025-02-10 05:56:08,CUST02963,P4,KYC,Technical,Merchant Portal,Email,L2 Support,Resolved,1.21,24.79,No,2,No
TKT0004957,2025-12-03 19:37:00,2025-12-04 02:27:05,CUST00439,P2,Payment Failure,Operational,Merchant Portal,Phone,Payments Ops,Resolved,1.43,6.83,No,23,No
TKT0004958,2025-01-02 04:42:00,2025-01-02 16:01:09,CUST02479,P2,Login,Operational,Merchant Portal,Phone,L1 Support,Resolved,1.08,11.32,No,5,Yes
TKT0004959,2025-03-29 21:55:00,2025-03-30 02:35:41,CUST02854,P1,Payment Failure,Operational,Payments,Chat,Engineering,Resolved,0.93,4.68,No,33,Yes
TKT0004960,2025-01-08 16:06:00,2025-01-09 21:34:46,CUST01463,P3,Refund,Operational,Wallet,Phone,Engineering,Resolved,1.99,29.48,No,2,Yes
TKT0004961,2025-02-02 03:50:00,2025-02-02 22:46:23,CUST02411,P3,Payment Failure,Technical,KYC Service,Chat,Payments Ops,Resolved,0.5,18.94,No,7,No
TKT0004962,2025-06-04 09:36:00,2025-06-04 11:27:34,CUST01373,P1,KYC,General,Merchant Portal,Portal,Payments Ops,Resolved,0.37,1.86,No,63,No
TKT0004963,2025-06-13 14:57:00,2025-06-15 01:30:19,CUST02290,P4,Payment Failure,Technical,Settlement API,Phone,L2 Support,Resolved,0.85,34.56,No,43,No
TKT0004964,2025-09-17 08:34:00,2025-09-18 01:31:12,CUST01773,P3,Refund,Operational,Settlement API,Portal,L1 Support,Resolved,1.0,16.95,No,2,No
TKT0004965,2025-11-23 17:38:00,2025-11-25 05:45:47,CUST02284,P3,Payment Failure,General,Settlement API,Phone,Payments Ops,Resolved,0.85,36.13,No,37,Yes
TKT0004966,2025-03-23 08:38:00,2025-03-24 16:18:49,CUST02101,P3,KYC,Technical,Settlement API,Phone,Payments Ops,Resolved,0.59,31.68,No,9,Yes
TKT0004967,2025-02-23 18:38:00,2025-02-23 23:27:59,CUST02249,P2,KYC,Technical,Settlement API,Email,L1 Support,Resolved,1.36,4.83,Yes,15,No
TKT0004968,2025-12-31 12:48:00,2026-01-03 04:55:59,CUST01074,P4,Payment Failure,Technical,Merchant Portal,Portal,Engineering,Resolved,0.41,64.13,No,13,Yes
TKT0004969,2025-12-21 01:26:00,2025-12-21 20:46:22,CUST00702,P3,Payment Failure,Operational,Merchant Portal,Email,Payments Ops,Resolved,0.71,19.34,No,6,No
TKT0004970,2025-04-11 07:09:00,2025-04-11 14:28:38,CUST02025,P3,Refund,Operational,KYC Service,Phone,Engineering,Resolved,0.22,7.33,No,19,No
TKT0004971,2025-04-04 15:27:00,2025-04-04 19:19:46,CUST01605,P2,KYC,General,Wallet,Email,Payments Ops,Resolved,0.81,3.88,No,4,No
TKT0004972,2025-03-02 01:09:00,2025-03-02 20:25:39,CUST02393,P4,Login,Technical,Payments,Portal,L1 Support,Resolved,4.01,19.28,No,17,No
TKT0004973,2025-08-31 00:10:00,2025-08-31 12:16:36,CUST00642,P3,Payment Failure,Operational,Payments,Email,L1 Support,Resolved,1.29,12.11,Yes,1,No
TKT0004974,2025-11-26 01:14:00,2025-11-26 20:31:16,CUST00397,P4,Refund,Technical,Merchant Portal,Email,L2 Support,Resolved,0.17,19.29,No,2,No
TKT0004975,2025-08-09 17:40:00,2025-08-10 02:57:32,CUST02536,P2,API,Technical,KYC Service,Portal,KYC Ops,Resolved,0.38,9.29,No,46,Yes
TKT0004976,2025-07-14 09:05:00,2025-07-14 23:37:12,CUST01097,P3,Settlement,Operational,KYC Service,Portal,Engineering,Resolved,1.83,14.54,No,9,No
TKT0004977,2025-08-03 01:30:00,2025-08-03 19:36:36,CUST01397,P3,Settlement,Technical,Payments,Chat,Engineering,Resolved,3.26,18.11,No,6,No
TKT0004978,2025-04-29 19:15:00,2025-05-02 22:24:08,CUST01165,P3,Login,Operational,Wallet,Phone,Engineering,Resolved,1.57,75.15,No,2,Yes
TKT0004979,2025-08-15 22:20:00,2025-08-16 13:20:57,CUST00054,P4,Login,Technical,Wallet,Email,KYC Ops,Resolved,1.26,15.02,No,24,No
TKT0004980,2025-07-27 22:41:00,2025-07-28 21:52:43,CUST00453,P4,KYC,Technical,Settlement API,Email,Engineering,Resolved,0.82,23.2,No,21,No
TKT0004981,2025-08-30 19:46:00,2025-09-01 00:59:14,CUST01408,P4,Refund,Operational,Payments,Chat,Payments Ops,Resolved,5.49,29.22,No,5,No
TKT0004982,2025-08-31 17:19:00,2025-09-01 16:23:03,CUST00140,P3,Login,Technical,Payments,Portal,KYC Ops,Resolved,0.67,23.07,No,19,No
TKT0004983,2025-05-19 18:07:00,2025-05-20 04:39:19,CUST00019,P3,Payment Failure,General,Wallet,Portal,L1 Support,Resolved,1.21,10.54,Yes,4,No
TKT0004984,2025-08-09 08:25:00,2025-08-13 14:03:37,CUST00272,P4,Payment Failure,General,Payments,Phone,L2 Support,Resolved,0.48,101.64,No,1,Yes
TKT0004985,2025-03-19 17:29:00,2025-03-19 23:05:17,CUST01403,P1,Login,General,Merchant Portal,Chat,Payments Ops,Resolved,1.21,5.6,Yes,50,Yes
TKT0004986,2025-10-28 22:57:00,2025-10-30 21:51:52,CUST01260,P4,Refund,Operational,KYC Service,Chat,Engineering,Resolved,1.55,46.91,No,6,No
TKT0004987,2025-09-08 13:08:00,2025-09-10 02:09:38,CUST02921,P4,Payment Failure,General,Wallet,Chat,Engineering,Resolved,1.25,37.03,No,3,No
TKT0004988,2025-10-12 15:46:00,2025-10-13 21:54:11,CUST00251,P3,API,Operational,Settlement API,Chat,KYC Ops,Resolved,2.38,30.14,No,13,Yes
TKT0004989,2025-03-23 15:17:00,2025-03-23 18:03:55,CUST02189,P2,Settlement,Technical,Wallet,Portal,L2 Support,Resolved,1.57,2.78,No,11,No
TKT0004990,2025-04-14 06:53:00,2025-04-15 11:03:04,CUST02447,P4,API,Operational,Wallet,Chat,KYC Ops,Resolved,1.02,28.17,No,6,No
TKT0004991,2025-02-22 07:25:00,2025-02-24 04:45:23,CUST01788,P4,Settlement,Operational,Settlement API,Phone,L1 Support,Resolved,0.52,45.34,No,1,No
TKT0004992,2025-12-07 03:04:00,2025-12-07 20:53:00,CUST02941,P3,KYC,Technical,Merchant Portal,Email,Payments Ops,Resolved,1.11,17.82,No,8,No
TKT0004993,2025-10-28 11:28:00,2025-10-29 18:27:55,CUST00372,P4,KYC,Technical,Payments,Chat,L2 Support,Resolved,1.61,31.0,No,51,No
TKT0004994,2025-05-03 10:18:00,2025-05-03 14:02:07,CUST00940,P2,Settlement,General,Merchant Portal,Email,L2 Support,Resolved,1.25,3.74,No,9,No
TKT0004995,2025-02-23 07:24:00,2025-02-23 12:47:36,CUST01142,P2,Settlement,Technical,Merchant Portal,Email,L1 Support,Resolved,0.52,5.39,No,29,No
TKT0004996,2025-01-28 03:05:00,2025-01-28 19:37:39,CUST01445,P3,KYC,General,Merchant Portal,Portal,L1 Support,Resolved,0.37,16.54,No,1,No
TKT0004997,2025-03-19 07:27:00,2025-03-19 14:00:43,CUST01074,P2,Refund,General,Settlement API,Email,L1 Support,Resolved,0.25,6.56,No,36,No
TKT0004998,2025-09-29 20:25:00,2025-09-30 09:10:00,CUST00985,P3,Refund,General,Wallet,Chat,L1 Support,Resolved,4.2,12.75,No,18,No
TKT0004999,2025-07-08 03:32:00,2025-07-08 06:48:20,CUST00252,P2,Refund,Operational,Wallet,Portal,KYC Ops,Resolved,0.69,3.27,Yes,2,No
TKT0005000,2025-09-14 23:18:00,2025-09-15 05:47:48,CUST00774,P2,API,Operational,Wallet,Phone,L1 Support,Resolved,0.39,6.5,Yes,7,No
TKT0005001,2025-03-27 16:36:00,2025-03-28 23:28:19,CUST01650,P4,Payment Failure,Technical,Merchant Portal,Email,L1 Support,Resolved,1.19,30.87,No,7,No
TKT0005002,2025-06-30 21:22:00,2025-07-01 12:37:30,CUST01030,P3,Payment Failure,Technical,Wallet,Chat,L1 Support,Resolved,0.68,15.26,No,9,No
TKT0005003,2025-05-06 23:19:00,2025-05-07 20:09:27,CUST00577,P4,Settlement,Operational,KYC Service,Phone,L1 Support,Resolved,0.51,20.84,No,4,No
TKT0005004,2025-09-26 12:55:00,2025-09-27 17:28:27,CUST02651,P4,Refund,Technical,Merchant Portal,Phone,Engineering,Resolved,1.27,28.56,No,7,No
TKT0005005,2025-08-05 06:24:00,2025-08-05 12:05:43,CUST01957,P3,Refund,Technical,Payments,Portal,L1 Support,Resolved,0.2,5.7,No,16,No
TKT0005006,2025-07-31 22:53:00,2025-08-01 13:04:40,CUST02811,P3,Refund,General,KYC Service,Email,Payments Ops,Resolved,1.5,14.19,Yes,3,No
TKT0005007,2025-11-28 17:11:00,2025-11-29 08:00:21,CUST02267,P3,Payment Failure,General,Merchant Portal,Email,L1 Support,Resolved,0.76,14.82,No,43,No
TKT0005008,2025-02-11 10:52:00,2025-02-11 22:49:34,CUST01332,P4,Refund,Technical,Wallet,Email,Engineering,Resolved,1.08,11.96,No,3,No
TKT0005009,2025-03-18 21:42:00,2025-03-19 06:57:45,CUST02631,P4,Settlement,General,Settlement API,Chat,Engineering,Resolved,0.12,9.26,Yes,32,No
TKT0005010,2025-01-01 09:28:00,2025-01-02 12:54:32,CUST02307,P3,Payment Failure,Technical,Wallet,Chat,L1 Support,Resolved,0.59,27.44,No,8,Yes
TKT0005011,2025-12-14 11:27:00,2025-12-14 13:43:47,CUST01783,P2,API,Operational,Settlement API,Phone,L1 Support,Resolved,0.45,2.28,No,8,No
TKT0005012,2025-12-19 22:46:00,2025-12-20 11:55:43,CUST00824,P3,API,Technical,Payments,Chat,KYC Ops,Resolved,1.67,13.16,No,4,No
TKT0005013,2025-11-25 13:02:00,2025-11-25 17:35:42,CUST01893,P3,KYC,Technical,Merchant Portal,Email,KYC Ops,Resolved,0.58,4.56,No,36,No
TKT0005014,2025-11-01 16:56:00,2025-11-02 12:34:35,CUST01667,P3,Refund,Operational,Settlement API,Phone,L1 Support,Resolved,0.62,19.64,No,8,No
TKT0005015,2025-09-16 20:49:00,2025-09-17 11:11:06,CUST00464,P3,Login,General,Payments,Email,L1 Support,Resolved,0.26,14.37,No,29,No
TKT0005016,2025-06-17 01:49:00,2025-06-17 12:20:30,CUST01258,P3,Login,Technical,Payments,Chat,Payments Ops,Resolved,0.38,10.53,No,2,No
TKT0005017,2025-04-19 19:35:00,2025-04-23 08:46:58,CUST00401,P4,API,Operational,KYC Service,Phone,Engineering,Resolved,0.6,85.2,No,80,Yes
TKT0005018,2025-04-30 08:44:00,2025-05-01 03:02:46,CUST00450,P3,Payment Failure,General,Merchant Portal,Portal,Payments Ops,Resolved,0.72,18.31,No,8,No
TKT0005019,2025-03-17 05:10:00,2025-03-17 21:14:40,CUST00158,P3,KYC,General,Payments,Email,L1 Support,Resolved,0.85,16.08,No,12,No
TKT0005020,2025-12-28 07:45:00,2025-12-29 09:54:03,CUST02449,P4,KYC,Operational,Settlement API,Phone,L2 Support,Resolved,0.82,26.15,No,2,No
TKT0005021,2025-10-10 23:29:00,2025-10-11 08:52:08,CUST00931,P3,API,Operational,Merchant Portal,Phone,Engineering,Resolved,7.94,9.39,No,8,No
TKT0005022,2025-06-13 19:14:00,2025-06-14 15:34:14,CUST02920,P3,Settlement,General,KYC Service,Chat,Payments Ops,Resolved,0.29,20.34,Yes,80,No
TKT0005023,2025-07-01 17:12:00,2025-07-03 21:48:01,CUST01856,P4,API,General,Merchant Portal,Email,L1 Support,Resolved,0.85,52.6,No,14,Yes
TKT0005024,2025-03-15 04:58:00,2025-03-17 12:02:19,CUST01845,P4,Login,Operational,Merchant Portal,Email,Engineering,Resolved,0.96,55.07,No,22,Yes
TKT0005025,2025-04-04 07:15:00,2025-04-06 00:56:48,CUST01839,P4,Payment Failure,Technical,KYC Service,Email,L1 Support,Resolved,4.39,41.7,No,13,No
TKT0005026,2025-11-10 00:02:00,2025-11-10 19:54:34,CUST02661,P4,Payment Failure,General,Payments,Phone,Engineering,Resolved,0.38,19.88,No,3,No
TKT0005027,2025-07-13 02:59:00,2025-07-13 08:34:14,CUST01219,P2,KYC,General,Merchant Portal,Portal,Payments Ops,Resolved,2.32,5.59,Yes,5,No
TKT0005028,2025-09-13 03:53:00,2025-09-13 22:57:32,CUST02757,P4,Settlement,Operational,KYC Service,Phone,Payments Ops,Resolved,0.85,19.08,No,7,No
TKT0005029,2025-07-18 11:37:00,2025-07-18 21:19:51,CUST01162,P3,Login,Technical,Wallet,Chat,L2 Support,Resolved,6.74,9.71,No,23,No
TKT0005030,2025-03-27 12:46:00,2025-03-28 06:28:43,CUST01474,P4,Payment Failure,Operational,Payments,Phone,KYC Ops,Resolved,0.84,17.71,Yes,2,No
TKT0005031,2025-06-28 16:45:00,2025-06-30 09:03:53,CUST00531,P4,Payment Failure,General,KYC Service,Email,L1 Support,Resolved,1.72,40.31,No,7,No
TKT0005032,2025-01-10 09:39:00,2025-01-11 09:00:06,CUST01838,P4,Settlement,Technical,KYC Service,Phone,L2 Support,Resolved,1.87,23.35,No,7,No
TKT0005033,2025-11-03 17:13:00,2025-11-05 04:08:21,CUST02699,P3,Payment Failure,General,Merchant Portal,Email,L2 Support,Resolved,0.67,34.92,No,3,Yes
TKT0005034,2025-11-19 12:18:00,2025-11-19 18:01:43,CUST01347,P2,Settlement,Technical,Settlement API,Chat,Engineering,Resolved,0.55,5.73,No,4,No
TKT0005035,2025-08-02 08:18:00,2025-08-04 03:26:49,CUST01667,P4,Payment Failure,General,Wallet,Portal,Payments Ops,Resolved,0.46,43.15,Yes,1,No
TKT0005036,2025-10-26 17:16:00,2025-10-27 13:20:49,CUST02500,P3,Login,Operational,Wallet,Email,L2 Support,Resolved,1.35,20.08,No,1,No
TKT0005037,2025-04-12 17:36:00,2025-04-13 09:20:55,CUST02346,P3,Refund,Operational,Wallet,Chat,KYC Ops,Resolved,1.34,15.75,No,10,No
TKT0005038,2025-04-26 05:03:00,2025-04-27 02:50:50,CUST00106,P3,API,Technical,Settlement API,Email,L1 Support,Resolved,0.77,21.8,No,8,No
TKT0005039,2025-01-27 00:31:00,2025-01-27 15:15:39,CUST00526,P3,Payment Failure,Operational,Settlement API,Phone,Payments Ops,Resolved,0.93,14.74,No,1,No
TKT0005040,2025-03-01 20:52:00,2025-03-02 00:01:45,CUST02073,P2,Refund,Operational,Merchant Portal,Phone,KYC Ops,Resolved,1.57,3.16,No,6,No
TKT0005041,2025-09-23 02:43:00,2025-09-23 11:17:41,CUST00709,P3,Payment Failure,Operational,Wallet,Chat,KYC Ops,Resolved,0.17,8.58,Yes,5,No
TKT0005042,2025-06-27 17:13:00,2025-06-29 14:28:13,CUST00613,P4,Payment Failure,Technical,Payments,Chat,KYC Ops,Resolved,0.51,45.25,No,9,No
TKT0005043,2025-10-20 20:03:00,2025-10-21 21:49:29,CUST02344,P4,Settlement,Operational,KYC Service,Chat,L1 Support,Resolved,1.01,25.77,No,9,No
TKT0005044,2025-10-31 18:12:00,2025-11-03 04:50:07,CUST02322,P4,Settlement,Technical,Wallet,Portal,L2 Support,Resolved,1.19,58.64,No,8,Yes
TKT0005045,2025-07-06 00:54:00,2025-07-08 03:58:53,CUST02540,P3,API,Operational,Wallet,Email,L1 Support,Resolved,0.28,51.08,No,5,Yes
TKT0005046,2025-05-31 14:08:00,2025-05-31 23:03:55,CUST00507,P3,KYC,Operational,Payments,Email,KYC Ops,Resolved,1.31,8.93,No,21,No
TKT0005047,2025-06-01 17:06:00,2025-06-02 01:55:30,CUST00900,P3,Settlement,Operational,Payments,Chat,L1 Support,Resolved,0.87,8.83,No,17,No
TKT0005048,2025-08-29 11:03:00,2025-08-30 08:04:56,CUST02955,P3,Settlement,Operational,Wallet,Portal,Engineering,Resolved,1.02,21.03,Yes,10,No
TKT0005049,2025-01-09 19:27:00,2025-01-10 13:18:56,CUST00831,P3,Payment Failure,General,Payments,Email,KYC Ops,Resolved,0.53,17.87,No,10,No
TKT0005050,2025-12-17 05:32:00,2025-12-17 15:15:42,CUST01956,P3,Login,Operational,Payments,Chat,Payments Ops,Resolved,0.73,9.73,No,4,No
TKT0005051,2025-12-16 07:56:00,2025-12-17 03:28:08,CUST01903,P3,Payment Failure,General,Payments,Email,Engineering,Resolved,0.96,19.54,Yes,1,No
TKT0005052,2025-08-21 11:41:00,2025-08-22 17:40:13,CUST01488,P3,API,General,Merchant Portal,Chat,KYC Ops,Resolved,1.55,29.99,No,1,Yes
TKT0005053,2025-02-20 21:42:00,2025-02-22 15:34:06,CUST02471,P3,Payment Failure,General,Settlement API,Email,Engineering,Resolved,1.9,41.87,No,28,Yes
TKT0005054,2025-02-03 22:18:00,2025-02-05 10:42:49,CUST02174,P4,Refund,Operational,Settlement API,Phone,Payments Ops,Resolved,0.85,36.41,No,13,No
TKT0005055,2025-01-10 11:27:00,2025-01-11 04:20:58,CUST01748,P3,Login,Technical,Payments,Chat,L2 Support,Resolved,1.7,16.9,Yes,1,No
TKT0005056,2025-07-31 01:50:00,2025-07-31 07:03:40,CUST02050,P2,Settlement,Technical,Payments,Phone,KYC Ops,Resolved,0.96,5.23,Yes,39,No
TKT0005057,2025-06-21 17:24:00,2025-06-22 05:05:14,CUST02199,P3,Payment Failure,Operational,Merchant Portal,Phone,L2 Support,Resolved,0.4,11.69,No,5,No
TKT0005058,2025-09-30 15:13:00,2025-10-01 13:03:47,CUST00457,P3,Refund,Technical,Payments,Chat,Engineering,Resolved,0.81,21.85,No,13,No
TKT0005059,2025-10-26 16:47:00,2025-10-27 01:14:40,CUST00682,P3,Settlement,Operational,Merchant Portal,Phone,L1 Support,Resolved,0.61,8.46,No,1,No
TKT0005060,2025-11-29 12:46:00,2025-11-29 16:32:49,CUST02580,P1,Login,General,Payments,Portal,Payments Ops,Resolved,0.43,3.78,No,43,No
TKT0005061,2025-12-01 07:45:00,2025-12-02 04:34:16,CUST00646,P3,Refund,Technical,Payments,Portal,L1 Support,Resolved,1.44,20.82,No,32,No
TKT0005062,2025-09-24 21:36:00,2025-09-25 12:04:09,CUST00378,P4,Payment Failure,General,Payments,Portal,L1 Support,Resolved,2.84,14.47,No,4,No
TKT0005063,2025-11-11 05:38:00,2025-11-11 15:13:59,CUST01959,P3,API,General,Wallet,Email,Payments Ops,Resolved,2.23,9.6,No,13,No
TKT0005064,2025-06-29 22:48:00,2025-06-30 21:15:27,CUST00029,P3,Refund,Operational,KYC Service,Chat,L1 Support,Resolved,1.32,22.46,Yes,5,No
TKT0005065,2025-03-18 17:16:00,2025-03-19 20:04:40,CUST01788,P4,Payment Failure,Operational,Settlement API,Chat,KYC Ops,Resolved,0.37,26.81,No,4,No
TKT0005066,2025-02-23 04:13:00,2025-02-24 16:21:45,CUST00102,P4,Payment Failure,Technical,Payments,Chat,L1 Support,Resolved,1.94,36.15,Yes,3,No
TKT0005067,2025-09-19 01:22:00,2025-09-21 19:23:56,CUST02291,P3,API,General,Merchant Portal,Portal,Engineering,Resolved,1.15,66.03,Yes,10,Yes
TKT0005068,2025-04-10 03:31:00,2025-04-11 15:20:59,CUST02723,P4,API,Operational,Merchant Portal,Phone,Payments Ops,Resolved,1.39,35.83,No,4,No
TKT0005069,2025-12-12 12:08:00,2025-12-13 01:49:19,CUST00870,P2,API,Technical,Settlement API,Portal,L2 Support,Resolved,2.88,13.69,No,5,Yes
TKT0005070,2025-04-27 12:26:00,2025-04-27 14:49:49,CUST01331,P1,KYC,Technical,Settlement API,Chat,Payments Ops,Resolved,1.03,2.4,No,134,No
TKT0005071,2025-12-03 12:41:00,2025-12-03 15:48:52,CUST01593,P3,Payment Failure,Operational,Merchant Portal,Portal,Engineering,Resolved,1.09,3.13,No,1,No
TKT0005072,2025-01-23 05:50:00,2025-01-24 04:29:03,CUST00814,P4,Payment Failure,Technical,Wallet,Chat,Engineering,Resolved,2.01,22.65,No,13,No
TKT0005073,2025-01-21 16:48:00,2025-01-22 21:07:30,CUST02454,P4,Payment Failure,Technical,Merchant Portal,Chat,L1 Support,Resolved,0.7,28.33,No,12,No
TKT0005074,2025-09-18 21:41:00,2025-09-19 02:06:10,CUST02727,P2,Settlement,Technical,Wallet,Portal,L1 Support,Resolved,1.72,4.42,No,9,No
TKT0005075,2025-05-25 11:47:00,2025-05-28 00:54:52,CUST01537,P4,KYC,General,Wallet,Portal,L2 Support,Resolved,1.29,61.13,Yes,5,Yes
TKT0005076,2025-03-01 00:33:00,2025-03-01 07:12:06,CUST01737,P3,Payment Failure,Operational,KYC Service,Phone,L1 Support,Resolved,2.02,6.65,No,3,No
TKT0005077,2025-03-12 23:56:00,2025-03-13 03:33:09,CUST02030,P2,KYC,Technical,Settlement API,Chat,L2 Support,Resolved,0.98,3.62,No,6,No
TKT0005078,2025-04-11 17:33:00,2025-04-12 06:37:30,CUST02821,P3,Login,Technical,KYC Service,Email,Engineering,Resolved,1.26,13.08,No,25,No
TKT0005079,2025-03-28 08:00:00,2025-03-30 00:11:31,CUST01670,P3,KYC,Operational,Wallet,Portal,Engineering,Resolved,2.34,40.19,No,9,Yes
TKT0005080,2025-02-19 02:00:00,2025-02-20 21:18:54,CUST01665,P3,Settlement,Operational,KYC Service,Chat,KYC Ops,Resolved,2.49,43.32,No,3,Yes
TKT0005081,2025-04-07 10:48:00,2025-04-07 19:12:30,CUST02856,P2,Refund,Technical,Payments,Phone,Engineering,Resolved,0.7,8.41,Yes,3,Yes
TKT0005082,2025-03-02 10:46:00,2025-03-03 16:34:41,CUST01502,P3,API,Operational,Settlement API,Chat,KYC Ops,Resolved,2.05,29.81,No,43,Yes
TKT0005083,2025-03-16 15:41:00,2025-03-18 05:01:08,CUST00568,P3,API,Technical,Settlement API,Phone,L1 Support,Resolved,1.88,37.34,No,12,Yes
TKT0005084,2025-12-20 01:50:00,2025-12-20 06:59:07,CUST02463,P2,Login,General,Settlement API,Portal,KYC Ops,Resolved,0.64,5.15,Yes,6,No
TKT0005085,2025-04-28 08:06:00,2025-04-28 15:18:32,CUST01054,P2,Payment Failure,Operational,Settlement API,Phone,Engineering,Resolved,0.25,7.21,Yes,3,No
TKT0005086,2025-02-24 09:16:00,2025-02-24 22:01:11,CUST01137,P3,Refund,General,KYC Service,Chat,L2 Support,Resolved,1.0,12.75,No,2,No
TKT0005087,2025-12-11 18:05:00,2025-12-12 21:27:38,CUST02641,P4,Settlement,Technical,Payments,Email,Payments Ops,Resolved,0.54,27.38,No,8,No
TKT0005088,2025-09-29 02:03:00,2025-10-01 06:04:21,CUST02882,P4,Login,Operational,Payments,Phone,L1 Support,Resolved,1.24,52.02,No,2,Yes
TKT0005089,2025-06-22 11:23:00,2025-06-23 09:01:55,CUST02471,P3,Login,Technical,Payments,Portal,Engineering,Resolved,0.84,21.65,No,5,No
TKT0005090,2025-09-23 19:06:00,2025-09-24 05:33:31,CUST00115,P3,Login,Technical,Wallet,Email,KYC Ops,Resolved,0.88,10.46,No,3,No
TKT0005091,2025-03-01 14:59:00,2025-03-02 06:12:16,CUST01892,P3,Payment Failure,Operational,Settlement API,Chat,Engineering,Resolved,0.93,15.22,No,3,No
TKT0005092,2025-07-08 19:56:00,2025-07-09 03:43:15,CUST00007,P2,Login,General,Wallet,Phone,KYC Ops,Resolved,0.94,7.79,No,1,No
TKT0005093,2025-03-02 16:21:00,2025-03-04 01:17:53,CUST01574,P3,Login,General,Merchant Portal,Email,Payments Ops,Resolved,1.16,32.95,No,7,Yes
TKT0005094,2025-10-20 14:17:00,2025-10-21 03:37:27,CUST00382,P3,KYC,Operational,KYC Service,Portal,KYC Ops,Resolved,0.83,13.34,No,22,No
TKT0005095,2025-09-08 11:46:00,2025-09-08 14:17:38,CUST01572,P2,KYC,Technical,Payments,Portal,L2 Support,Resolved,0.7,2.53,No,1,No
TKT0005096,2025-01-04 15:13:00,2025-01-05 00:38:37,CUST01722,P2,Refund,General,Settlement API,Email,Payments Ops,Resolved,0.41,9.43,Yes,14,Yes
TKT0005097,2025-04-19 03:54:00,2025-04-19 17:43:02,CUST02969,P3,KYC,Technical,KYC Service,Portal,L2 Support,Resolved,0.92,13.82,Yes,8,No
TKT0005098,2025-06-17 18:53:00,2025-06-18 03:00:22,CUST01805,P3,Payment Failure,General,KYC Service,Email,Engineering,Resolved,0.64,8.12,No,12,No
TKT0005099,2025-04-08 01:24:00,2025-04-08 21:58:24,CUST02215,P4,Settlement,Operational,Settlement API,Chat,KYC Ops,Resolved,0.27,20.57,No,1,No
TKT0005100,2025-06-27 20:16:00,2025-06-28 21:53:50,CUST02691,P3,API,Operational,KYC Service,Phone,Engineering,Resolved,2.44,25.63,No,1,Yes
TKT0005101,2025-12-19 02:12:00,2025-12-20 04:18:19,CUST02801,P4,Payment Failure,Operational,KYC Service,Portal,L2 Support,Resolved,2.18,26.11,No,23,No
TKT0005102,2025-08-06 06:49:00,2025-08-07 02:28:20,CUST01325,P4,KYC,Operational,Wallet,Portal,KYC Ops,Resolved,1.27,19.66,No,13,No
TKT0005103,2025-12-17 21:35:00,2025-12-18 06:13:30,CUST00070,P2,Settlement,Operational,Merchant Portal,Portal,L1 Support,Resolved,0.92,8.64,No,29,Yes
TKT0005104,2025-09-26 02:35:00,2025-09-28 21:04:50,CUST02051,P3,API,General,Wallet,Portal,L2 Support,Resolved,1.89,66.5,No,13,Yes
TKT0005105,2025-02-06 05:45:00,2025-02-06 19:14:55,CUST00548,P3,Refund,Technical,Wallet,Chat,L1 Support,Resolved,0.68,13.5,Yes,2,No
TKT0005106,2025-08-02 02:52:00,2025-08-02 20:01:40,CUST02409,P4,Settlement,General,Payments,Phone,KYC Ops,Resolved,1.37,17.16,No,4,No
TKT0005107,2025-12-19 23:25:00,2025-12-20 19:31:52,CUST00606,P4,Refund,Operational,Settlement API,Chat,L2 Support,Resolved,0.68,20.11,No,4,No
TKT0005108,2025-07-13 23:09:00,2025-07-15 11:21:34,CUST01184,P4,Login,Operational,Settlement API,Phone,L1 Support,Resolved,1.12,36.21,No,2,No
TKT0005109,2025-12-28 10:57:00,2025-12-28 21:35:26,CUST00590,P3,API,Technical,Wallet,Phone,Engineering,Resolved,0.76,10.64,Yes,19,No
TKT0005110,2025-03-27 04:46:00,2025-03-27 12:08:16,CUST00319,P4,Settlement,Operational,KYC Service,Email,Payments Ops,Resolved,2.17,7.37,No,7,No
TKT0005111,2025-12-11 17:40:00,2025-12-12 23:00:55,CUST00382,P4,Refund,Technical,Payments,Phone,KYC Ops,Resolved,1.44,29.35,No,3,No
TKT0005112,2025-02-26 13:56:00,2025-02-28 15:39:40,CUST02208,P4,Payment Failure,General,Settlement API,Portal,L1 Support,Resolved,0.57,49.73,No,13,Yes
TKT0005113,2025-06-11 16:30:00,2025-06-12 21:59:50,CUST02019,P3,Login,General,Payments,Portal,KYC Ops,Resolved,1.22,29.5,No,15,Yes
TKT0005114,2025-08-24 23:04:00,2025-08-25 12:29:18,CUST00481,P3,Settlement,General,Merchant Portal,Chat,L1 Support,Resolved,0.89,13.42,No,5,No
TKT0005115,2025-09-13 10:58:00,2025-09-15 20:59:55,CUST02041,P3,API,General,Payments,Phone,L1 Support,Resolved,1.13,58.03,No,7,Yes
TKT0005116,2025-09-07 10:19:00,2025-09-07 23:42:27,CUST02894,P4,KYC,General,Payments,Phone,Payments Ops,Resolved,2.58,13.39,No,17,No
TKT0005117,2025-09-10 09:04:00,2025-09-10 12:25:09,CUST00002,P2,Payment Failure,Operational,Settlement API,Email,L2 Support,Resolved,0.47,3.35,No,2,No
TKT0005118,2025-04-14 03:43:00,2025-04-14 11:31:38,CUST00685,P3,Payment Failure,Operational,Settlement API,Chat,Payments Ops,Resolved,0.11,7.81,No,2,No
TKT0005119,2025-01-03 16:59:00,2025-01-03 18:50:22,CUST02457,P1,Refund,Operational,KYC Service,Portal,KYC Ops,Resolved,0.38,1.86,Yes,26,No
TKT0005120,2025-10-27 00:12:00,2025-10-31 01:47:27,CUST00476,P4,API,Operational,Merchant Portal,Phone,L2 Support,Resolved,0.57,97.59,No,2,Yes
TKT0005121,2025-12-29 14:16:00,2025-12-31 04:19:12,CUST00632,P4,API,Operational,Merchant Portal,Email,L2 Support,Resolved,0.18,38.05,Yes,23,No
TKT0005122,2025-11-27 20:37:00,2025-11-29 00:02:31,CUST01790,P4,Payment Failure,Technical,Payments,Chat,KYC Ops,Resolved,0.34,27.43,No,24,No
TKT0005123,2025-09-22 21:03:00,2025-09-23 14:19:36,CUST02401,P3,Settlement,Operational,Settlement API,Portal,Engineering,Resolved,0.84,17.28,Yes,2,No
TKT0005124,2025-09-22 21:57:00,2025-09-23 15:46:52,CUST00927,P3,Login,Technical,Payments,Chat,L1 Support,Resolved,0.76,17.83,No,2,No
TKT0005125,2025-12-19 23:05:00,2025-12-21 13:13:54,CUST01973,P4,Login,Operational,Payments,Phone,L1 Support,Resolved,1.24,38.15,No,2,No
TKT0005126,2025-04-03 10:14:00,2025-04-04 02:04:14,CUST02720,P3,API,General,Payments,Chat,L2 Support,Resolved,0.81,15.84,No,2,No
TKT0005127,2025-07-05 23:48:00,2025-07-06 13:12:27,CUST01411,P4,API,General,Settlement API,Chat,Payments Ops,Resolved,0.85,13.41,No,7,No
TKT0005128,2025-09-10 15:59:00,2025-09-11 07:18:17,CUST01851,P3,Login,Operational,Settlement API,Portal,L2 Support,Resolved,1.32,15.32,Yes,1,No
TKT0005129,2025-09-23 15:47:00,2025-09-24 11:50:39,CUST02098,P4,Login,Technical,Merchant Portal,Portal,L2 Support,Resolved,0.22,20.06,No,33,No
TKT0005130,2025-12-06 14:23:00,2025-12-07 07:02:30,CUST02403,P4,Refund,General,Settlement API,Portal,L2 Support,Resolved,0.3,16.66,No,9,No
TKT0005131,2025-12-03 13:02:00,2025-12-03 18:18:19,CUST00712,P2,API,Operational,Payments,Chat,Engineering,Resolved,0.31,5.27,Yes,28,No
TKT0005132,2025-11-30 06:56:00,2025-12-02 11:07:34,CUST01662,P4,KYC,Operational,Settlement API,Portal,Payments Ops,Resolved,1.89,52.19,No,21,Yes
TKT0005133,2025-04-04 14:06:00,2025-04-05 14:26:35,CUST01313,P4,Login,General,Payments,Phone,L1 Support,Resolved,0.19,24.34,No,7,No
TKT0005134,2025-04-28 09:02:00,2025-04-28 11:46:53,CUST02722,P1,Settlement,Technical,Merchant Portal,Chat,KYC Ops,Resolved,0.84,2.75,No,86,No
TKT0005135,2025-01-08 02:22:00,2025-01-08 16:06:08,CUST02231,P3,Refund,Technical,Settlement API,Phone,Engineering,Resolved,2.01,13.74,Yes,29,No
TKT0005136,2025-07-23 08:28:00,2025-07-25 08:44:48,CUST01508,P3,Payment Failure,Operational,KYC Service,Chat,Payments Ops,Resolved,0.75,48.28,No,13,Yes
TKT0005137,2025-10-05 00:09:00,2025-10-05 06:51:55,CUST01072,P2,Login,Operational,Settlement API,Chat,Payments Ops,Resolved,1.41,6.72,Yes,9,No
TKT0005138,2025-12-18 06:47:00,2025-12-19 18:19:02,CUST01042,P3,API,Technical,Settlement API,Portal,Payments Ops,Resolved,2.16,35.53,No,1,Yes
TKT0005139,2025-01-22 13:03:00,2025-01-23 05:14:08,CUST00175,P3,Settlement,General,Merchant Portal,Email,Engineering,Resolved,3.8,16.19,No,11,No
TKT0005140,2025-03-23 05:22:00,2025-03-23 18:58:54,CUST01681,P3,Login,Operational,Payments,Portal,KYC Ops,Resolved,1.15,13.62,No,18,No
TKT0005141,2025-04-21 14:03:00,2025-04-22 14:29:49,CUST00007,P3,Settlement,Technical,Settlement API,Portal,KYC Ops,Resolved,0.84,24.45,Yes,16,Yes
TKT0005142,2025-04-02 10:06:00,2025-04-04 14:40:13,CUST01285,P4,Settlement,Technical,Payments,Chat,L2 Support,Resolved,0.61,52.57,Yes,1,Yes
TKT0005143,2025-12-14 23:29:00,2025-12-15 14:21:05,CUST02969,P3,Settlement,Technical,Wallet,Portal,KYC Ops,Resolved,1.04,14.87,No,1,No
TKT0005144,2025-12-25 16:49:00,2025-12-25 18:23:51,CUST02531,P1,Login,Technical,KYC Service,Chat,Payments Ops,Resolved,0.7,1.58,Yes,29,No
TKT0005145,2025-09-21 04:58:00,2025-09-21 16:06:59,CUST00631,P4,KYC,Technical,Settlement API,Email,L1 Support,Resolved,0.53,11.15,No,2,No
TKT0005146,2025-02-11 09:33:00,2025-02-11 23:07:05,CUST01317,P3,Payment Failure,Technical,Settlement API,Email,L1 Support,Resolved,5.05,13.57,No,15,No
TKT0005147,2025-11-23 01:39:00,2025-11-24 02:09:28,CUST02687,P4,API,General,KYC Service,Chat,Payments Ops,Resolved,0.9,24.51,No,19,No
TKT0005148,2025-06-15 01:34:00,2025-06-17 03:29:36,CUST02640,P4,Refund,Operational,Settlement API,Email,Engineering,Resolved,0.31,49.93,No,12,Yes
TKT0005149,2025-08-30 04:20:00,2025-08-30 18:22:06,CUST01630,P3,Payment Failure,Technical,Wallet,Phone,Payments Ops,Resolved,0.94,14.04,Yes,2,No
TKT0005150,2025-04-11 19:32:00,2025-04-11 23:05:12,CUST01747,P2,Login,Operational,Wallet,Portal,L1 Support,Resolved,1.5,3.55,No,23,No
TKT0005151,2025-03-16 11:08:00,2025-03-17 21:23:27,CUST01065,P4,Payment Failure,General,Settlement API,Email,L2 Support,Resolved,2.46,34.26,No,9,No
TKT0005152,2025-07-14 01:02:00,2025-07-15 10:06:52,CUST02022,P3,Payment Failure,Operational,Wallet,Chat,Payments Ops,Resolved,0.19,33.08,No,3,Yes
TKT0005153,2025-01-23 08:09:00,2025-01-24 09:16:54,CUST01281,P4,Login,General,KYC Service,Email,KYC Ops,Resolved,2.19,25.13,No,2,No
TKT0005154,2025-11-27 03:49:00,2025-11-27 09:00:37,CUST00729,P2,KYC,Operational,Wallet,Portal,Payments Ops,Resolved,2.09,5.19,No,39,No
TKT0005155,2025-12-07 04:04:00,2025-12-07 12:16:30,CUST00354,P2,Settlement,General,KYC Service,Chat,Engineering,Resolved,1.3,8.21,Yes,16,Yes
TKT0005156,2025-10-16 10:21:00,2025-10-16 19:43:01,CUST01751,P3,Payment Failure,Operational,Wallet,Chat,Payments Ops,Resolved,2.12,9.37,No,1,No
TKT0005157,2025-01-03 15:22:00,2025-01-03 17:47:40,CUST00678,P2,Payment Failure,Operational,Merchant Portal,Email,KYC Ops,Resolved,1.95,2.43,Yes,13,No
TKT0005158,2025-04-22 12:10:00,2025-04-23 03:57:03,CUST01592,P4,Payment Failure,Operational,Wallet,Phone,L2 Support,Resolved,0.92,15.78,No,5,No
TKT0005159,2025-01-13 16:24:00,2025-01-14 13:53:43,CUST02842,P4,KYC,Operational,Merchant Portal,Chat,KYC Ops,Resolved,0.74,21.5,Yes,6,No
TKT0005160,2025-12-23 23:55:00,2025-12-25 00:09:21,CUST00282,P4,API,General,Payments,Chat,L2 Support,Resolved,0.75,24.24,No,14,No
TKT0005161,2025-10-14 19:56:00,2025-10-15 12:51:23,CUST02947,P3,Login,Operational,Settlement API,Phone,Payments Ops,Resolved,1.44,16.92,No,3,No
TKT0005162,2025-12-09 09:03:00,2025-12-10 11:57:25,CUST01524,P3,API,General,Payments,Chat,L2 Support,Resolved,2.89,26.91,No,27,Yes
TKT0005163,2025-10-11 08:35:00,2025-10-11 09:44:36,CUST01193,P1,Login,Operational,Wallet,Portal,Engineering,Resolved,0.62,1.16,No,3,No
TKT0005164,2025-06-09 11:13:00,2025-06-11 03:03:35,CUST01241,P4,Login,Operational,Payments,Chat,Engineering,Resolved,2.71,39.84,No,2,No
TKT0005165,2025-04-11 17:37:00,2025-04-12 14:48:01,CUST02117,P3,Payment Failure,General,KYC Service,Phone,Engineering,Resolved,1.04,21.18,No,2,No
TKT0005166,2025-12-11 18:51:00,2025-12-12 15:56:07,CUST00370,P3,Payment Failure,General,Payments,Portal,Payments Ops,Resolved,0.5,21.09,No,10,No
TKT0005167,2025-07-26 22:42:00,2025-07-27 05:41:48,CUST00772,P4,Settlement,General,KYC Service,Email,KYC Ops,Resolved,0.57,7.0,No,9,No
TKT0005168,2025-12-08 21:48:00,2025-12-09 21:19:39,CUST00891,P3,Payment Failure,Technical,Wallet,Portal,L2 Support,Resolved,1.17,23.53,Yes,14,No
TKT0005169,2025-10-09 11:32:00,2025-10-09 20:16:01,CUST02228,P3,Refund,Technical,Payments,Portal,L1 Support,Resolved,0.58,8.73,No,9,No
TKT0005170,2025-04-30 17:31:00,2025-04-30 20:32:55,CUST01658,P2,Settlement,General,Wallet,Phone,KYC Ops,Resolved,2.15,3.03,No,4,No
TKT0005171,2025-01-27 19:40:00,2025-01-28 15:04:27,CUST02543,P3,API,General,Merchant Portal,Email,L2 Support,Resolved,0.91,19.41,No,2,No
TKT0005172,2025-10-16 19:32:00,2025-10-17 23:23:14,CUST02239,P3,Refund,Operational,Payments,Chat,KYC Ops,Resolved,0.4,27.85,No,2,Yes
TKT0005173,2025-10-05 07:19:00,2025-10-06 00:02:50,CUST01995,P3,API,General,Settlement API,Email,Payments Ops,Resolved,0.37,16.73,No,2,No
TKT0005174,2025-03-23 00:25:00,2025-03-24 11:22:32,CUST01221,P4,Settlement,General,Merchant Portal,Email,KYC Ops,Resolved,1.95,34.96,No,16,No
TKT0005175,2025-06-28 05:25:00,2025-06-29 01:52:16,CUST00338,P3,KYC,General,Settlement API,Phone,Engineering,Resolved,0.31,20.45,No,10,No
TKT0005176,2025-10-22 15:24:00,2025-10-23 17:01:50,CUST02270,P4,Payment Failure,Operational,Merchant Portal,Phone,KYC Ops,Resolved,0.74,25.63,Yes,14,No
TKT0005177,2025-09-21 20:13:00,2025-09-22 02:44:04,CUST00441,P2,Payment Failure,Technical,Wallet,Email,L1 Support,Resolved,0.99,6.52,No,7,No
TKT0005178,2025-06-22 21:45:00,2025-06-24 04:01:20,CUST01576,P4,Refund,General,Payments,Chat,Payments Ops,Resolved,1.07,30.27,No,1,No
TKT0005179,2025-09-20 20:29:00,2025-09-21 10:20:46,CUST02695,P3,Login,General,Merchant Portal,Phone,L1 Support,Resolved,1.05,13.86,No,33,No
TKT0005180,2025-02-16 00:16:00,2025-02-16 06:24:07,CUST02246,P2,KYC,Operational,Payments,Chat,L2 Support,Resolved,1.24,6.14,No,1,No
TKT0005181,2025-05-22 10:01:00,2025-05-22 11:08:06,CUST01150,P1,Payment Failure,Operational,Settlement API,Email,Engineering,Resolved,1.25,1.12,No,4,No
TKT0005182,2025-09-07 18:16:00,2025-09-07 23:07:43,CUST02714,P2,Settlement,Technical,KYC Service,Portal,Engineering,Resolved,0.29,4.86,Yes,13,No
TKT0005183,2025-03-11 16:28:00,2025-03-12 09:12:38,CUST01528,P4,Refund,Technical,Settlement API,Chat,L1 Support,Resolved,1.57,16.74,No,106,No
TKT0005184,2025-01-06 23:35:00,2025-01-07 15:15:52,CUST02215,P3,Settlement,Technical,Merchant Portal,Chat,L1 Support,Resolved,0.44,15.68,No,15,No
TKT0005185,2025-02-07 16:16:00,2025-02-09 01:36:56,CUST00382,P4,Payment Failure,General,Merchant Portal,Portal,L2 Support,Resolved,1.89,33.35,Yes,5,No
TKT0005186,2025-05-07 05:47:00,2025-05-09 18:51:14,CUST00653,P4,Settlement,General,Settlement API,Portal,L2 Support,Resolved,0.9,61.07,No,22,Yes
TKT0005187,2025-09-29 00:32:00,2025-09-30 06:37:15,CUST00147,P4,Payment Failure,Operational,Merchant Portal,Chat,Payments Ops,Resolved,1.48,30.09,No,18,No
TKT0005188,2025-08-31 19:19:00,2025-09-02 08:08:13,CUST00763,P4,KYC,Operational,Merchant Portal,Email,L1 Support,Resolved,1.1,36.82,No,5,No
TKT0005189,2025-03-17 02:11:00,2025-03-17 05:53:23,CUST00779,P1,Payment Failure,Operational,Settlement API,Portal,Engineering,Resolved,1.68,3.71,Yes,29,No
TKT0005190,2025-04-30 16:25:00,2025-05-02 12:42:49,CUST02624,P4,Payment Failure,General,Wallet,Chat,Payments Ops,Resolved,1.38,44.3,No,10,No
TKT0005191,2025-08-23 14:36:00,2025-08-24 10:39:08,CUST01607,P3,Login,Technical,Merchant Portal,Portal,KYC Ops,Resolved,1.94,20.05,No,15,No
TKT0005192,2025-08-07 05:53:00,2025-08-07 07:08:40,CUST00946,P1,Payment Failure,General,Wallet,Email,KYC Ops,Resolved,0.99,1.26,Yes,41,No
TKT0005193,2025-12-29 13:34:00,2025-12-29 16:36:25,CUST00905,P1,KYC,Operational,Payments,Portal,KYC Ops,Resolved,1.22,3.04,Yes,137,No
TKT0005194,2025-07-06 00:19:00,2025-07-07 12:22:35,CUST02125,P4,Refund,Operational,Settlement API,Email,KYC Ops,Resolved,1.84,36.06,No,13,No
TKT0005195,2025-09-21 06:50:00,2025-09-23 19:08:13,CUST00457,P4,API,General,Settlement API,Portal,L2 Support,Resolved,0.93,60.3,No,12,Yes
TKT0005196,2025-11-15 22:44:00,2025-11-16 14:05:43,CUST01411,P3,Login,Operational,KYC Service,Email,Engineering,Resolved,1.15,15.36,No,1,No
TKT0005197,2025-03-16 02:44:00,2025-03-16 09:37:30,CUST00811,P2,Login,Technical,Wallet,Portal,L1 Support,Resolved,0.82,6.89,No,10,No
TKT0005198,2025-11-16 19:30:00,2025-11-18 03:10:19,CUST02426,P3,Refund,General,KYC Service,Chat,Payments Ops,Resolved,2.24,31.67,Yes,2,Yes
TKT0005199,2025-04-16 16:16:00,2025-04-17 00:36:28,CUST01812,P2,KYC,Technical,KYC Service,Phone,Payments Ops,Resolved,0.84,8.34,Yes,1,Yes
TKT0005200,2025-04-02 20:32:00,2025-04-02 23:37:59,CUST02769,P1,Payment Failure,Technical,Merchant Portal,Email,KYC Ops,Resolved,0.56,3.1,No,218,No
TKT0005201,2025-03-27 03:04:00,2025-03-28 01:39:53,CUST02994,P3,KYC,General,Merchant Portal,Portal,KYC Ops,Resolved,0.47,22.6,No,19,No
TKT0005202,2025-10-07 21:13:00,2025-10-08 07:38:54,CUST00368,P3,Login,Operational,Payments,Phone,Payments Ops,Resolved,0.25,10.43,No,5,No
TKT0005203,2025-11-16 06:31:00,2025-11-18 13:44:31,CUST00589,P4,Refund,Technical,Wallet,Chat,Engineering,Resolved,1.0,55.23,No,9,Yes
TKT0005204,2025-07-13 14:44:00,2025-07-14 20:33:16,CUST01575,P3,Payment Failure,Technical,Payments,Chat,Engineering,Resolved,1.15,29.82,No,1,Yes
TKT0005205,2025-09-09 20:27:00,2025-09-10 11:04:34,CUST00452,P2,Payment Failure,Technical,Merchant Portal,Email,KYC Ops,Resolved,1.5,14.63,No,30,Yes
TKT0005206,2025-12-03 04:11:00,2025-12-03 19:07:06,CUST01552,P3,Payment Failure,General,Settlement API,Phone,Payments Ops,Resolved,4.05,14.94,No,40,No
TKT0005207,2025-11-26 16:15:00,2025-11-26 19:05:23,CUST01033,P1,Payment Failure,Technical,Wallet,Chat,Engineering,Resolved,0.74,2.84,Yes,75,No
TKT0005208,2025-07-25 17:09:00,2025-07-26 02:50:06,CUST02571,P3,Refund,Operational,Merchant Portal,Chat,Engineering,Resolved,2.08,9.69,No,4,No
TKT0005209,2025-04-23 03:47:00,2025-04-23 13:58:16,CUST02539,P3,Settlement,Technical,Payments,Chat,L1 Support,Resolved,2.08,10.19,No,2,No
TKT0005210,2025-05-21 16:08:00,2025-05-22 09:39:34,CUST01912,P3,Settlement,Operational,Merchant Portal,Phone,Engineering,Resolved,0.73,17.53,No,32,No
TKT0005211,2025-06-19 10:16:00,2025-06-19 21:57:17,CUST02584,P3,Login,Operational,Payments,Chat,Engineering,Resolved,1.66,11.69,No,7,No
TKT0005212,2025-11-21 07:58:00,2025-11-22 04:53:50,CUST02240,P3,Payment Failure,Technical,Wallet,Portal,Engineering,Resolved,0.46,20.93,No,2,No
TKT0005213,2025-09-05 12:06:00,2025-09-06 04:32:31,CUST01682,P3,Settlement,General,Merchant Portal,Phone,L2 Support,Resolved,0.72,16.44,No,10,No
TKT0005214,2025-03-20 19:18:00,2025-03-21 09:41:51,CUST00889,P4,API,Technical,Payments,Phone,L2 Support,Resolved,0.38,14.4,No,9,No
TKT0005215,2025-08-25 23:53:00,2025-08-27 08:41:20,CUST02249,P4,Payment Failure,General,Merchant Portal,Phone,Engineering,Resolved,0.24,32.81,No,11,No
TKT0005216,2025-11-03 01:14:00,2025-11-03 05:07:29,CUST01060,P2,KYC,Operational,Wallet,Email,L1 Support,Resolved,0.53,3.89,No,8,No
TKT0005217,2025-02-24 18:41:00,2025-02-26 03:59:54,CUST02501,P3,Settlement,Operational,KYC Service,Portal,Payments Ops,Resolved,1.3,33.32,No,4,Yes
TKT0005218,2025-04-17 22:50:00,2025-04-18 05:35:12,CUST00222,P3,Payment Failure,General,Payments,Portal,Payments Ops,Resolved,1.44,6.75,No,30,No
TKT0005219,2025-03-02 01:30:00,2025-03-02 15:24:38,CUST01980,P3,Refund,Technical,Wallet,Email,L1 Support,Resolved,1.91,13.91,No,4,No
TKT0005220,2025-09-19 13:48:00,2025-09-20 22:10:31,CUST02961,P4,Settlement,Technical,KYC Service,Chat,L1 Support,Resolved,0.98,32.38,No,1,No
TKT0005221,2025-09-23 01:16:00,2025-09-23 13:47:29,CUST02906,P4,API,Operational,Payments,Chat,KYC Ops,Resolved,3.21,12.52,Yes,15,No
TKT0005222,2025-02-12 01:53:00,2025-02-15 13:18:39,CUST02152,P3,API,Technical,Wallet,Email,L1 Support,Resolved,0.67,83.43,No,3,Yes
TKT0005223,2025-06-14 07:48:00,2025-06-14 20:19:06,CUST00385,P3,Login,Technical,Payments,Phone,L2 Support,Resolved,0.27,12.52,No,7,No
TKT0005224,2025-03-26 21:41:00,2025-03-27 21:03:58,CUST02203,P3,Refund,Operational,KYC Service,Phone,KYC Ops,Resolved,0.65,23.38,Yes,3,No
TKT0005225,2025-10-22 21:04:00,2025-10-23 11:17:30,CUST02316,P3,KYC,Technical,KYC Service,Portal,KYC Ops,Resolved,0.2,14.23,Yes,40,No
TKT0005226,2025-10-03 13:20:00,2025-10-04 09:57:26,CUST01289,P4,Login,Technical,Wallet,Portal,Engineering,Resolved,0.92,20.62,No,7,No
TKT0005227,2025-12-16 11:01:00,2025-12-16 17:54:24,CUST00563,P2,Login,Technical,Merchant Portal,Chat,KYC Ops,Resolved,0.75,6.89,No,144,No
TKT0005228,2025-03-11 22:09:00,2025-03-12 15:25:28,CUST02160,P3,Payment Failure,General,KYC Service,Phone,Payments Ops,Resolved,0.71,17.27,No,11,No
TKT0005229,2025-08-23 13:30:00,2025-08-23 20:23:35,CUST00828,P2,Settlement,General,Wallet,Portal,Engineering,Resolved,0.4,6.89,No,17,No
TKT0005230,2025-02-24 10:15:00,2025-02-24 13:09:38,CUST01094,P2,API,Technical,Merchant Portal,Email,L1 Support,Resolved,0.59,2.91,Yes,10,No
TKT0005231,2025-10-09 20:09:00,2025-10-11 11:31:52,CUST02374,P4,Payment Failure,General,KYC Service,Phone,KYC Ops,Resolved,0.88,39.38,No,13,No
TKT0005232,2025-10-02 18:11:00,2025-10-03 23:46:30,CUST00987,P4,Payment Failure,Technical,Wallet,Chat,KYC Ops,Resolved,0.52,29.59,No,15,No
TKT0005233,2025-07-21 02:00:00,2025-07-22 05:06:58,CUST01850,P3,Payment Failure,General,KYC Service,Email,Engineering,Resolved,2.04,27.12,No,2,Yes
TKT0005234,2025-06-26 14:55:00,2025-06-27 10:43:58,CUST01153,P4,Settlement,Technical,KYC Service,Chat,KYC Ops,Resolved,3.22,19.82,No,63,No
TKT0005235,2025-12-28 00:52:00,2025-12-29 11:21:18,CUST01329,P3,Payment Failure,General,Payments,Portal,Payments Ops,Resolved,4.47,34.49,No,17,Yes
TKT0005236,2025-05-05 08:54:00,2025-05-05 23:49:16,CUST00096,P3,Login,General,Merchant Portal,Chat,KYC Ops,Resolved,1.56,14.92,No,6,No
TKT0005237,2025-07-16 08:11:00,2025-07-17 20:56:04,CUST00651,P4,Login,Technical,Settlement API,Email,Payments Ops,Resolved,2.94,36.75,No,22,No
TKT0005238,2025-11-03 23:15:00,2025-11-04 15:04:24,CUST02786,P3,Login,Technical,Settlement API,Chat,Payments Ops,Resolved,0.11,15.82,No,26,No
TKT0005239,2025-09-22 13:11:00,2025-09-24 11:59:25,CUST01729,P3,API,Technical,Payments,Portal,Engineering,Resolved,1.0,46.81,No,2,Yes
TKT0005240,2025-03-13 10:46:00,2025-03-13 17:56:54,CUST02411,P2,Settlement,General,Settlement API,Email,Payments Ops,Resolved,1.42,7.18,No,6,No
TKT0005241,2025-04-06 21:53:00,2025-04-07 11:19:02,CUST02995,P3,KYC,Operational,KYC Service,Portal,KYC Ops,Resolved,0.59,13.43,No,1,No
TKT0005242,2025-03-09 15:01:00,2025-03-10 09:24:18,CUST01813,P4,Login,General,Settlement API,Chat,L2 Support,Resolved,0.21,18.39,No,3,No
TKT0005243,2025-07-14 20:24:00,2025-07-14 23:00:52,CUST01349,P2,Payment Failure,General,Merchant Portal,Portal,Payments Ops,Resolved,3.11,2.61,No,1,No
TKT0005244,2025-09-10 16:29:00,2025-09-11 12:27:56,CUST00957,P4,Refund,General,Payments,Portal,L1 Support,Resolved,0.88,19.98,No,3,No
TKT0005245,2025-09-10 06:11:00,2025-09-10 09:49:30,CUST01332,P2,Payment Failure,Technical,KYC Service,Email,L2 Support,Resolved,1.14,3.64,Yes,3,No
TKT0005246,2025-11-18 03:27:00,2025-11-19 00:11:26,CUST02275,P4,Login,Technical,Settlement API,Chat,Payments Ops,Resolved,4.78,20.74,No,116,No
TKT0005247,2025-08-03 23:12:00,2025-08-04 14:13:04,CUST00562,P4,Login,Technical,Payments,Email,L2 Support,Resolved,0.94,15.02,No,1,No
TKT0005248,2025-10-07 15:06:00,2025-10-08 14:03:50,CUST02022,P4,API,Operational,Merchant Portal,Email,KYC Ops,Resolved,1.05,22.96,No,7,No
TKT0005249,2025-07-08 21:46:00,2025-07-09 13:27:39,CUST02767,P2,API,Operational,Payments,Portal,Engineering,Resolved,1.22,15.69,No,1,Yes
TKT0005250,2025-02-05 12:07:00,2025-02-05 15:07:19,CUST00958,P2,Settlement,Operational,Payments,Phone,KYC Ops,Resolved,1.13,3.01,Yes,14,No
TKT0005251,2025-03-12 06:58:00,2025-03-14 00:06:49,CUST00624,P4,Refund,Operational,KYC Service,Email,L1 Support,Resolved,1.05,41.15,No,10,No
TKT0005252,2025-06-20 06:10:00,2025-06-20 22:00:07,CUST00390,P3,API,Technical,Settlement API,Portal,L1 Support,Resolved,1.23,15.84,No,1,No
TKT0005253,2025-08-06 02:59:00,2025-08-06 08:16:53,CUST00519,P2,Payment Failure,General,KYC Service,Email,KYC Ops,Resolved,0.3,5.3,No,7,No
TKT0005254,2025-12-17 12:03:00,2025-12-18 02:08:26,CUST01075,P3,API,Technical,Wallet,Email,L1 Support,Resolved,0.75,14.09,No,16,No
TKT0005255,2025-02-16 08:50:00,2025-02-16 16:32:10,CUST01031,P3,Refund,Technical,KYC Service,Chat,KYC Ops,Resolved,0.5,7.7,No,11,No
TKT0005256,2025-08-16 11:30:00,2025-08-17 00:50:42,CUST02514,P4,Login,General,KYC Service,Portal,Payments Ops,Resolved,0.75,13.35,No,5,No
TKT0005257,2025-04-14 13:13:00,2025-04-15 07:24:48,CUST00331,P3,Refund,General,Settlement API,Portal,L1 Support,Resolved,9.32,18.2,No,24,No
TKT0005258,2025-09-29 05:50:00,2025-09-29 22:26:55,CUST01571,P4,Refund,Operational,KYC Service,Chat,Payments Ops,Resolved,0.18,16.62,No,20,No
TKT0005259,2025-10-19 12:26:00,2025-10-21 05:57:49,CUST00732,P4,Payment Failure,Operational,KYC Service,Email,Engineering,Resolved,1.32,41.53,No,1,No
TKT0005260,2025-09-17 23:16:00,2025-09-18 08:39:30,CUST01410,P3,Settlement,Operational,Settlement API,Phone,L2 Support,Resolved,1.07,9.39,No,2,No
TKT0005261,2025-02-12 02:24:00,2025-02-13 11:33:39,CUST01891,P4,Payment Failure,Operational,Payments,Chat,L2 Support,Resolved,3.09,33.16,No,3,No
TKT0005262,2025-08-06 02:07:00,2025-08-06 09:29:18,CUST00062,P3,Refund,Operational,Payments,Phone,Engineering,Resolved,0.67,7.37,No,9,No
TKT0005263,2025-01-29 08:10:00,2025-02-01 05:31:42,CUST00450,P4,Payment Failure,Operational,Payments,Email,L1 Support,Resolved,1.42,69.36,No,1,Yes
TKT0005264,2025-01-19 18:52:00,2025-01-20 01:34:29,CUST00204,P2,Login,Operational,Payments,Chat,Engineering,Resolved,0.18,6.71,No,6,No
TKT0005265,2025-04-12 18:28:00,2025-04-13 13:49:26,CUST01765,P3,API,General,Merchant Portal,Portal,L2 Support,Resolved,0.38,19.36,No,5,No
TKT0005266,2025-07-20 03:49:00,2025-07-22 01:36:14,CUST02608,P4,KYC,Technical,Payments,Phone,L2 Support,Resolved,0.54,45.79,Yes,16,No
TKT0005267,2025-06-15 15:50:00,2025-06-15 20:57:24,CUST00590,P1,KYC,Operational,Wallet,Chat,L2 Support,Resolved,0.35,5.12,Yes,5,Yes
TKT0005268,2025-06-02 23:34:00,2025-06-03 04:02:09,CUST00978,P3,Payment Failure,General,Wallet,Phone,L1 Support,Resolved,1.14,4.47,No,9,No
TKT0005269,2025-12-18 23:08:00,2025-12-20 14:24:20,CUST01656,P4,Payment Failure,Technical,Settlement API,Chat,L2 Support,Resolved,2.66,39.27,No,13,No
TKT0005270,2025-06-07 07:30:00,2025-06-09 05:32:37,CUST02620,P4,KYC,Technical,KYC Service,Portal,L2 Support,Resolved,1.44,46.04,No,19,No
TKT0005271,2025-01-20 12:53:00,2025-01-23 00:40:35,CUST01301,P3,API,Operational,Merchant Portal,Phone,KYC Ops,Resolved,0.69,59.79,No,7,Yes
TKT0005272,2025-12-21 12:03:00,2025-12-21 19:15:45,CUST01842,P2,KYC,Operational,Merchant Portal,Portal,KYC Ops,Resolved,0.44,7.21,Yes,9,No
TKT0005273,2025-07-07 12:43:00,2025-07-08 15:02:24,CUST02021,P3,KYC,General,Merchant Portal,Email,L1 Support,Resolved,1.12,26.32,No,2,Yes
TKT0005274,2025-05-17 01:19:00,2025-05-18 19:18:46,CUST02201,P4,Payment Failure,General,KYC Service,Email,L1 Support,Resolved,0.31,42.0,No,11,No
TKT0005275,2025-12-01 22:56:00,2025-12-05 14:45:56,CUST02369,P4,Payment Failure,Technical,Payments,Phone,L2 Support,Resolved,0.44,87.83,No,21,Yes
TKT0005276,2025-12-26 12:22:00,2025-12-26 23:20:09,CUST01665,P3,Payment Failure,Operational,KYC Service,Chat,Payments Ops,Resolved,0.68,10.97,No,58,No
TKT0005277,2025-03-10 12:23:00,2025-03-11 11:16:41,CUST02718,P3,API,Technical,Merchant Portal,Portal,Engineering,Resolved,1.18,22.89,No,10,No
TKT0005278,2025-08-09 15:59:00,2025-08-10 01:38:11,CUST01004,P2,KYC,Operational,Payments,Email,KYC Ops,Resolved,0.88,9.65,Yes,4,Yes
TKT0005279,2025-08-07 21:31:00,2025-08-08 00:01:11,CUST01569,P1,API,Operational,Settlement API,Chat,Engineering,Resolved,0.41,2.5,Yes,29,No
TKT0005280,2025-08-06 23:33:00,2025-08-07 02:56:30,CUST02109,P2,KYC,Operational,Wallet,Phone,Engineering,Resolved,0.39,3.39,No,4,No
TKT0005281,2025-11-03 23:21:00,2025-11-04 15:42:29,CUST00448,P3,Refund,Operational,Merchant Portal,Portal,L2 Support,Resolved,0.43,16.36,No,15,No
TKT0005282,2025-10-28 20:35:00,2025-10-29 03:57:14,CUST01668,P3,Refund,Technical,Merchant Portal,Phone,L1 Support,Resolved,1.03,7.37,No,43,No
TKT0005283,2025-10-03 03:32:00,2025-10-03 13:36:31,CUST02487,P3,KYC,Operational,KYC Service,Chat,Engineering,Resolved,0.73,10.08,No,1,No
TKT0005284,2025-02-26 11:33:00,2025-02-26 22:55:47,CUST00044,P2,Refund,Technical,Settlement API,Chat,Payments Ops,Resolved,0.41,11.38,No,4,Yes
TKT0005285,2025-01-21 18:48:00,2025-01-22 10:40:08,CUST01749,P3,KYC,General,Wallet,Chat,L1 Support,Resolved,0.85,15.87,No,2,No
TKT0005286,2025-07-21 09:30:00,2025-07-22 03:59:43,CUST00874,P3,Refund,Operational,Payments,Portal,Engineering,Resolved,0.56,18.5,No,3,No
TKT0005287,2025-02-10 07:46:00,2025-02-10 13:43:02,CUST00936,P2,API,Operational,Payments,Chat,L1 Support,Resolved,1.02,5.95,No,23,No
TKT0005288,2025-10-23 17:37:00,2025-10-23 20:43:59,CUST02775,P2,Settlement,General,Wallet,Chat,L2 Support,Resolved,0.63,3.12,No,23,No
TKT0005289,2025-05-11 21:04:00,2025-05-13 15:21:37,CUST00022,P4,Refund,General,Payments,Email,L1 Support,Resolved,5.08,42.29,No,1,No
TKT0005290,2025-05-12 00:26:00,2025-05-12 20:05:38,CUST00803,P3,KYC,Technical,Payments,Phone,L2 Support,Resolved,6.11,19.66,No,5,No
TKT0005291,2025-01-13 19:21:00,2025-01-14 18:22:31,CUST02307,P4,Payment Failure,Technical,Payments,Chat,Engineering,Resolved,1.14,23.03,No,10,No
TKT0005292,2025-10-29 16:49:00,2025-10-30 01:00:14,CUST01677,P3,Login,Technical,Wallet,Phone,L1 Support,Resolved,0.43,8.19,No,11,No
TKT0005293,2025-12-23 04:29:00,2025-12-23 09:30:37,CUST02637,P2,Payment Failure,Operational,Payments,Phone,Engineering,Resolved,3.25,5.03,No,78,No
TKT0005294,2025-10-31 13:57:00,2025-11-01 12:57:47,CUST00437,P3,KYC,Operational,Merchant Portal,Phone,L2 Support,Resolved,0.59,23.01,No,3,No
TKT0005295,2025-04-21 03:46:00,2025-04-22 01:41:28,CUST02013,P3,API,General,Wallet,Chat,L2 Support,Resolved,0.86,21.92,No,17,No
TKT0005296,2025-06-29 07:45:00,2025-06-29 19:45:20,CUST02052,P3,Refund,Operational,Merchant Portal,Portal,Engineering,Resolved,0.53,12.01,No,15,No
TKT0005297,2025-07-16 13:18:00,2025-07-17 21:31:56,CUST02306,P4,Payment Failure,Operational,Payments,Chat,L1 Support,Resolved,0.3,32.23,No,6,No
TKT0005298,2025-11-11 20:42:00,2025-11-13 06:28:11,CUST01545,P3,Payment Failure,Operational,Wallet,Phone,L2 Support,Resolved,0.27,33.77,No,6,Yes
TKT0005299,2025-07-04 22:04:00,2025-07-05 23:16:27,CUST01009,P4,Payment Failure,Technical,KYC Service,Portal,L2 Support,Resolved,1.09,25.21,No,23,No
TKT0005300,2025-11-11 19:40:00,2025-11-13 02:03:20,CUST02141,P4,Payment Failure,General,KYC Service,Email,Engineering,Resolved,0.74,30.39,Yes,1,No
TKT0005301,2025-08-14 09:48:00,2025-08-14 23:31:18,CUST00532,P2,Payment Failure,Technical,Payments,Phone,Payments Ops,Resolved,1.86,13.72,Yes,46,Yes
TKT0005302,2025-02-27 15:04:00,2025-03-01 05:36:12,CUST00861,P4,Login,Operational,Settlement API,Chat,Payments Ops,Resolved,0.43,38.54,No,2,No
TKT0005303,2025-03-03 06:12:00,2025-03-03 20:36:29,CUST01181,P3,Settlement,Technical,Wallet,Chat,KYC Ops,Resolved,7.61,14.41,Yes,4,No
TKT0005304,2025-11-29 06:51:00,2025-11-29 21:08:02,CUST01571,P3,API,General,Payments,Chat,L1 Support,Resolved,1.53,14.28,No,4,No
TKT0005305,2025-02-11 22:18:00,2025-02-12 15:06:00,CUST00241,P3,Login,Operational,Settlement API,Portal,Payments Ops,Resolved,0.61,16.8,Yes,20,No
TKT0005306,2025-07-03 09:52:00,2025-07-04 04:27:25,CUST01217,P4,Payment Failure,Operational,KYC Service,Portal,L2 Support,Resolved,1.95,18.59,No,13,No
TKT0005307,2025-07-26 21:19:00,2025-07-27 16:16:09,CUST02113,P3,Refund,General,Merchant Portal,Phone,Payments Ops,Resolved,0.65,18.95,No,22,No
TKT0005308,2025-06-05 20:58:00,2025-06-06 09:45:42,CUST00696,P3,Payment Failure,Operational,Merchant Portal,Chat,Engineering,Resolved,0.46,12.8,No,6,No
TKT0005309,2025-09-14 22:45:00,2025-09-15 16:07:17,CUST00226,P3,Refund,General,Settlement API,Email,L1 Support,Resolved,0.23,17.37,Yes,4,No
TKT0005310,2025-04-24 13:59:00,2025-04-24 22:09:14,CUST01988,P4,Payment Failure,Operational,Settlement API,Chat,Payments Ops,Resolved,1.39,8.17,Yes,4,No
TKT0005311,2025-04-19 08:35:00,2025-04-19 18:51:22,CUST00489,P3,KYC,Technical,Merchant Portal,Portal,Engineering,Resolved,0.28,10.27,No,37,No
TKT0005312,2025-12-30 12:19:00,2025-12-31 22:00:33,CUST02547,P4,KYC,Operational,Settlement API,Phone,Payments Ops,Resolved,1.33,33.69,No,6,No
TKT0005313,2025-03-18 02:32:00,2025-03-18 19:14:35,CUST01796,P2,Payment Failure,Operational,Wallet,Phone,Payments Ops,Resolved,0.74,16.71,No,18,Yes
TKT0005314,2025-03-22 07:27:00,2025-03-22 20:20:43,CUST02880,P3,KYC,Technical,Merchant Portal,Portal,L2 Support,Resolved,0.31,12.9,Yes,2,No
TKT0005315,2025-07-06 03:23:00,2025-07-06 10:45:20,CUST00324,P2,Payment Failure,General,Wallet,Email,Payments Ops,Resolved,1.08,7.37,No,3,No
TKT0005316,2025-12-19 13:23:00,2025-12-20 05:33:15,CUST01418,P3,Payment Failure,General,Wallet,Email,L2 Support,Resolved,0.94,16.17,No,10,No
TKT0005317,2025-07-05 07:08:00,2025-07-06 13:22:32,CUST02254,P4,API,Operational,Merchant Portal,Portal,L1 Support,Resolved,0.69,30.24,No,4,No
TKT0005318,2025-07-25 16:13:00,2025-07-25 20:51:12,CUST01126,P2,Payment Failure,Technical,Payments,Portal,Payments Ops,Resolved,0.25,4.64,No,28,No
TKT0005319,2025-04-08 03:55:00,2025-04-09 09:42:32,CUST00796,P4,Refund,General,Payments,Email,KYC Ops,Resolved,3.75,29.79,No,2,No
TKT0005320,2025-04-24 14:41:00,2025-04-25 18:00:42,CUST02552,P4,KYC,Technical,Settlement API,Chat,KYC Ops,Resolved,0.44,27.33,No,34,No
TKT0005321,2025-07-25 01:35:00,2025-07-25 11:07:46,CUST00175,P3,Refund,General,KYC Service,Email,L1 Support,Resolved,0.13,9.55,No,1,No
TKT0005322,2025-03-11 22:45:00,2025-03-12 16:15:14,CUST00519,P2,Login,General,Payments,Email,Engineering,Resolved,1.22,17.5,No,14,Yes
TKT0005323,2025-10-01 23:43:00,2025-10-02 09:50:13,CUST01217,P4,Settlement,Operational,KYC Service,Chat,L1 Support,Resolved,1.03,10.12,No,3,No
TKT0005324,2025-10-24 12:14:00,2025-10-24 17:57:54,CUST02278,P2,Payment Failure,Technical,KYC Service,Chat,L1 Support,Resolved,0.08,5.73,No,5,No
TKT0005325,2025-11-03 06:50:00,2025-11-03 10:13:04,CUST00334,P2,Refund,Technical,Payments,Phone,L1 Support,Resolved,1.37,3.38,No,37,No
TKT0005326,2025-05-31 09:51:00,2025-05-31 21:37:36,CUST00222,P3,API,General,Wallet,Chat,L2 Support,Resolved,0.33,11.78,No,8,No
TKT0005327,2025-11-16 17:42:00,2025-11-17 13:26:27,CUST02789,P3,API,General,Merchant Portal,Email,Payments Ops,Resolved,0.67,19.74,No,1,No
TKT0005328,2025-09-27 11:02:00,2025-09-28 00:26:39,CUST00680,P3,API,General,KYC Service,Email,L1 Support,Resolved,0.51,13.41,Yes,1,No
TKT0005329,2025-07-08 23:32:00,2025-07-09 02:45:51,CUST01702,P2,Login,General,KYC Service,Portal,Engineering,Resolved,0.52,3.23,Yes,7,No
TKT0005330,2025-08-14 06:49:00,2025-08-15 05:03:30,CUST00452,P4,Login,Technical,Merchant Portal,Chat,KYC Ops,Resolved,2.63,22.24,No,6,No
TKT0005331,2025-01-25 04:48:00,2025-01-25 09:58:27,CUST02482,P1,KYC,Technical,Wallet,Portal,Payments Ops,Resolved,0.57,5.17,Yes,21,Yes
TKT0005332,2025-11-19 23:04:00,2025-11-20 21:12:57,CUST00572,P4,Payment Failure,Operational,KYC Service,Portal,Engineering,Resolved,1.22,22.15,No,14,No
TKT0005333,2025-07-23 20:25:00,2025-07-25 00:40:25,CUST01120,P3,Settlement,Operational,KYC Service,Phone,KYC Ops,Resolved,1.33,28.26,No,6,Yes
TKT0005334,2025-08-14 23:45:00,2025-08-15 01:18:43,CUST01515,P1,Payment Failure,General,Merchant Portal,Phone,Payments Ops,Resolved,0.36,1.56,No,7,No
TKT0005335,2025-11-20 16:14:00,2025-11-21 06:29:03,CUST01171,P4,Login,Operational,Settlement API,Portal,Engineering,Resolved,1.67,14.25,No,6,No
TKT0005336,2025-06-18 22:12:00,2025-06-21 03:31:16,CUST01285,P3,KYC,General,Wallet,Email,L2 Support,Resolved,0.48,53.32,No,1,Yes
TKT0005337,2025-07-03 15:51:00,2025-07-04 04:05:59,CUST00598,P3,API,Technical,KYC Service,Phone,L2 Support,Resolved,0.42,12.25,No,19,No
TKT0005338,2025-04-22 11:53:00,2025-04-24 01:41:47,CUST01874,P3,Payment Failure,Operational,KYC Service,Phone,L2 Support,Resolved,1.03,37.81,No,11,Yes
TKT0005339,2025-04-20 05:35:00,2025-04-20 14:38:44,CUST01484,P3,Settlement,Technical,KYC Service,Email,L2 Support,Resolved,1.17,9.06,No,4,No
TKT0005340,2025-09-11 16:53:00,2025-09-13 00:47:55,CUST01118,P3,Payment Failure,General,Wallet,Phone,Payments Ops,Resolved,1.46,31.92,No,4,Yes
TKT0005341,2025-01-28 04:14:00,2025-01-28 20:12:07,CUST01683,P3,API,General,Wallet,Phone,L2 Support,Resolved,1.1,15.97,No,60,No
TKT0005342,2025-06-10 18:18:00,2025-06-11 21:29:33,CUST01321,P3,KYC,Operational,KYC Service,Chat,L2 Support,Resolved,0.96,27.19,No,33,Yes
TKT0005343,2025-02-16 19:35:00,2025-02-17 06:26:40,CUST01174,P3,Login,General,KYC Service,Phone,L2 Support,Resolved,0.13,10.86,No,23,No
TKT0005344,2025-10-22 03:52:00,2025-10-24 02:15:20,CUST00937,P3,Payment Failure,General,Wallet,Email,Payments Ops,Resolved,0.94,46.39,No,7,Yes
TKT0005345,2025-10-27 06:06:00,2025-10-27 22:59:55,CUST00230,P3,Payment Failure,Technical,Payments,Phone,Engineering,Resolved,0.52,16.9,No,5,No
TKT0005346,2025-03-06 21:32:00,2025-03-07 05:52:57,CUST00765,P2,KYC,Technical,KYC Service,Phone,Engineering,Resolved,2.52,8.35,No,14,Yes
TKT0005347,2025-03-05 07:35:00,2025-03-06 04:22:15,CUST02880,P4,Login,Technical,Payments,Portal,Payments Ops,Resolved,0.67,20.79,No,12,No
TKT0005348,2025-01-28 11:10:00,2025-01-30 13:32:04,CUST01244,P4,Login,Operational,Settlement API,Chat,Engineering,Resolved,0.9,50.37,No,4,Yes
TKT0005349,2025-10-19 15:00:00,2025-10-20 14:31:12,CUST02792,P3,Settlement,Operational,Payments,Chat,L2 Support,Resolved,2.78,23.52,No,16,No
TKT0005350,2025-02-18 02:06:00,2025-02-18 19:01:41,CUST02381,P3,Refund,Technical,Wallet,Phone,Payments Ops,Resolved,0.48,16.93,Yes,5,No
TKT0005351,2025-04-30 05:21:00,2025-05-01 22:23:14,CUST00222,P4,Payment Failure,Technical,Wallet,Chat,L1 Support,Resolved,0.62,41.04,No,8,No
TKT0005352,2025-08-05 02:50:00,2025-08-05 22:29:14,CUST02774,P3,Payment Failure,General,Wallet,Phone,KYC Ops,Resolved,1.84,19.65,No,1,No
TKT0005353,2025-09-02 17:28:00,2025-09-03 16:01:18,CUST00636,P3,KYC,Technical,KYC Service,Chat,KYC Ops,Resolved,1.58,22.56,No,1,No
TKT0005354,2025-11-12 19:05:00,2025-11-13 14:55:01,CUST02755,P4,Refund,Operational,KYC Service,Chat,Payments Ops,Resolved,1.06,19.83,No,1,No
TKT0005355,2025-09-19 10:42:00,2025-09-19 16:33:23,CUST01641,P2,Payment Failure,General,Payments,Email,L1 Support,Resolved,1.32,5.86,Yes,11,No
TKT0005356,2025-11-20 02:52:00,2025-11-20 20:13:07,CUST02119,P2,Payment Failure,Operational,Merchant Portal,Chat,Engineering,Resolved,1.51,17.35,Yes,4,Yes
TKT0005357,2025-02-09 19:40:00,2025-02-10 21:41:59,CUST00406,P3,Login,Technical,Payments,Email,KYC Ops,Resolved,0.47,26.03,No,29,Yes
TKT0005358,2025-01-14 16:07:00,2025-01-15 16:53:54,CUST02447,P3,Refund,General,Payments,Portal,Payments Ops,Resolved,1.2,24.78,Yes,29,Yes
TKT0005359,2025-10-15 15:10:00,2025-10-16 10:27:57,CUST02766,P4,Refund,Operational,Settlement API,Chat,Engineering,Resolved,0.37,19.3,No,45,No
TKT0005360,2025-04-30 23:27:00,2025-05-01 00:56:10,CUST00483,P1,KYC,General,Payments,Chat,KYC Ops,Resolved,0.31,1.49,Yes,22,No
TKT0005361,2025-01-25 11:13:00,2025-01-25 12:48:15,CUST01854,P1,Login,Operational,KYC Service,Phone,L1 Support,Resolved,0.54,1.59,No,7,No
TKT0005362,2025-03-10 00:55:00,2025-03-11 00:18:03,CUST01500,P3,Settlement,Operational,KYC Service,Phone,KYC Ops,Resolved,0.75,23.38,Yes,5,No
TKT0005363,2025-12-25 20:14:00,2025-12-27 23:35:10,CUST01573,P4,Login,Technical,Payments,Phone,Engineering,Resolved,3.34,51.35,No,10,Yes
TKT0005364,2025-07-25 17:30:00,2025-07-26 15:04:26,CUST00753,P3,Refund,Technical,KYC Service,Chat,L1 Support,Resolved,0.95,21.57,Yes,9,No
TKT0005365,2025-11-30 01:09:00,2025-11-30 12:52:08,CUST02809,P3,KYC,General,KYC Service,Phone,Engineering,Resolved,2.25,11.72,No,5,No
TKT0005366,2025-09-06 10:18:00,2025-09-07 19:03:51,CUST00290,P3,API,Technical,Wallet,Portal,KYC Ops,Resolved,0.49,32.76,No,3,Yes
TKT0005367,2025-01-09 02:08:00,2025-01-09 07:00:30,CUST01371,P2,Payment Failure,General,Payments,Chat,KYC Ops,Resolved,0.58,4.88,No,6,No
TKT0005368,2025-12-14 16:28:00,2025-12-17 07:45:02,CUST02737,P4,Refund,General,Payments,Phone,L2 Support,Resolved,0.79,63.28,No,4,Yes
TKT0005369,2025-07-13 09:46:00,2025-07-17 03:02:47,CUST02245,P4,Payment Failure,Technical,KYC Service,Chat,KYC Ops,Resolved,3.7,89.28,No,5,Yes
TKT0005370,2025-06-18 14:12:00,2025-06-23 03:47:43,CUST02843,P4,KYC,Operational,KYC Service,Email,L1 Support,Resolved,0.14,109.6,No,12,Yes
TKT0005371,2025-03-18 23:27:00,2025-03-19 07:15:06,CUST01163,P3,API,Technical,Payments,Chat,L1 Support,Resolved,0.46,7.8,No,6,No
TKT0005372,2025-09-10 09:22:00,2025-09-10 17:28:13,CUST00794,P2,Login,Operational,Wallet,Chat,L2 Support,Resolved,0.9,8.1,No,30,Yes
TKT0005373,2025-12-16 03:51:00,2025-12-19 00:09:05,CUST01877,P4,KYC,Operational,Wallet,Phone,Payments Ops,Resolved,4.99,68.3,No,16,Yes
TKT0005374,2025-12-21 08:23:00,2025-12-22 01:42:03,CUST01956,P3,Payment Failure,Operational,Settlement API,Email,Engineering,Resolved,0.54,17.32,No,12,No
TKT0005375,2025-12-31 00:00:00,2026-01-02 07:38:48,CUST01533,P4,API,Operational,Merchant Portal,Phone,Engineering,Resolved,0.78,55.65,No,1,Yes
TKT0005376,2025-04-05 04:09:00,2025-04-05 14:31:42,CUST00730,P4,KYC,Operational,Settlement API,Phone,L2 Support,Resolved,0.34,10.38,Yes,9,No
TKT0005377,2025-11-05 22:55:00,2025-11-06 13:00:49,CUST02556,P4,Refund,General,Wallet,Chat,L2 Support,Resolved,0.77,14.1,No,7,No
TKT0005378,2025-07-22 14:58:00,2025-07-23 05:14:37,CUST00682,P3,API,General,Payments,Phone,L2 Support,Resolved,0.78,14.28,No,1,No
TKT0005379,2025-08-10 15:08:00,2025-08-11 06:33:41,CUST01560,P4,KYC,General,Wallet,Phone,Payments Ops,Resolved,1.13,15.43,No,8,No
TKT0005380,2025-04-01 07:08:00,2025-04-01 23:18:43,CUST02733,P3,Payment Failure,Technical,Payments,Portal,Engineering,Resolved,2.68,16.18,No,1,No
TKT0005381,2025-02-05 20:29:00,2025-02-06 04:59:12,CUST01852,P3,Login,General,Payments,Portal,KYC Ops,Resolved,0.51,8.5,No,8,No
TKT0005382,2025-05-24 23:27:00,2025-05-25 16:49:43,CUST01783,P3,Payment Failure,Technical,Merchant Portal,Chat,Engineering,Resolved,0.63,17.38,No,3,No
TKT0005383,2025-11-11 04:05:00,2025-11-11 17:23:36,CUST01881,P3,KYC,Technical,Wallet,Email,L1 Support,Resolved,2.51,13.31,No,38,No
TKT0005384,2025-04-16 09:08:00,2025-04-17 12:56:49,CUST02505,P4,Login,Technical,Merchant Portal,Phone,Payments Ops,Resolved,0.79,27.81,No,13,No
TKT0005385,2025-04-28 02:44:00,2025-04-29 17:02:00,CUST01623,P3,API,Technical,Wallet,Chat,Engineering,Resolved,1.17,38.3,No,4,Yes
TKT0005386,2025-11-06 08:07:00,2025-11-08 00:11:18,CUST01510,P4,API,Operational,Payments,Chat,L2 Support,Resolved,0.39,40.07,No,3,No
TKT0005387,2025-07-02 21:56:00,2025-07-03 06:31:24,CUST01500,P3,KYC,Operational,Payments,Phone,Payments Ops,Resolved,1.76,8.59,No,20,No
TKT0005388,2025-03-02 00:45:00,2025-03-02 18:09:38,CUST00893,P4,Settlement,General,Payments,Portal,L2 Support,Resolved,4.06,17.41,No,3,No
TKT0005389,2025-01-16 06:26:00,2025-01-17 01:16:08,CUST01328,P4,Settlement,Operational,Payments,Chat,KYC Ops,Resolved,1.07,18.84,No,3,No
TKT0005390,2025-07-24 14:58:00,2025-07-25 20:24:42,CUST02960,P3,KYC,Operational,Settlement API,Phone,Payments Ops,Resolved,0.33,29.45,Yes,5,Yes
TKT0005391,2025-09-10 23:48:00,2025-09-11 18:01:49,CUST00081,P4,Login,Technical,Settlement API,Chat,KYC Ops,Resolved,1.08,18.23,No,9,No
TKT0005392,2025-11-08 06:09:00,2025-11-09 03:39:06,CUST01833,P4,Payment Failure,General,KYC Service,Email,L2 Support,Resolved,2.36,21.5,No,4,No
TKT0005393,2025-08-01 06:28:00,2025-08-01 21:59:18,CUST00525,P4,API,General,Payments,Email,KYC Ops,Resolved,1.4,15.52,No,2,No
TKT0005394,2025-09-20 09:46:00,2025-09-20 14:11:28,CUST00912,P1,Payment Failure,General,Wallet,Phone,KYC Ops,Resolved,0.31,4.42,No,15,Yes
TKT0005395,2025-05-27 01:15:00,2025-05-27 06:23:20,CUST01531,P2,Payment Failure,Technical,KYC Service,Chat,Payments Ops,Resolved,4.42,5.14,No,9,No
TKT0005396,2025-02-23 14:01:00,2025-02-26 14:52:35,CUST01732,P4,KYC,Technical,KYC Service,Chat,L1 Support,Resolved,1.04,72.86,No,14,Yes
TKT0005397,2025-10-16 01:52:00,2025-10-16 07:59:17,CUST02390,P3,KYC,General,Wallet,Phone,Payments Ops,Resolved,1.2,6.12,Yes,1,No
TKT0005398,2025-09-26 16:53:00,2025-09-27 09:27:51,CUST02345,P3,KYC,General,Merchant Portal,Chat,KYC Ops,Resolved,0.55,16.58,No,55,No
TKT0005399,2025-06-21 15:16:00,2025-06-21 18:32:50,CUST01906,P2,Login,Operational,Merchant Portal,Email,Payments Ops,Resolved,0.47,3.28,Yes,1,No
TKT0005400,2025-02-16 02:30:00,2025-02-17 05:32:03,CUST02641,P4,API,General,Wallet,Phone,KYC Ops,Resolved,1.44,27.03,No,32,No
TKT0005401,2025-01-04 02:40:00,2025-01-04 12:32:22,CUST01045,P3,Settlement,Operational,KYC Service,Chat,KYC Ops,Resolved,0.94,9.87,No,17,No
TKT0005402,2025-07-23 17:15:00,2025-07-23 21:45:30,CUST00031,P2,Settlement,General,Merchant Portal,Phone,KYC Ops,Resolved,2.29,4.51,Yes,7,No
TKT0005403,2025-08-19 08:41:00,2025-08-21 23:42:11,CUST02847,P3,API,General,Settlement API,Portal,L1 Support,Resolved,1.07,63.02,No,6,Yes
TKT0005404,2025-09-17 11:25:00,2025-09-18 09:01:06,CUST01455,P3,Settlement,Operational,Merchant Portal,Email,KYC Ops,Resolved,0.45,21.6,No,14,No
TKT0005405,2025-04-11 01:59:00,2025-04-11 07:55:27,CUST00674,P3,Payment Failure,General,KYC Service,Email,L2 Support,Resolved,0.66,5.94,No,11,No
TKT0005406,2025-09-21 11:35:00,2025-09-21 17:30:01,CUST01599,P2,API,Operational,Merchant Portal,Email,L1 Support,Resolved,1.89,5.92,No,4,No
TKT0005407,2025-06-22 22:30:00,2025-06-23 02:45:30,CUST01713,P2,Payment Failure,General,KYC Service,Phone,Engineering,Resolved,0.25,4.26,Yes,22,No
TKT0005408,2025-02-24 17:44:00,2025-02-25 01:52:58,CUST02832,P3,Payment Failure,Technical,Wallet,Email,Payments Ops,Resolved,1.7,8.15,No,2,No
TKT0005409,2025-09-03 23:05:00,2025-09-05 14:32:48,CUST02970,P4,Payment Failure,General,Settlement API,Email,L1 Support,Resolved,1.35,39.46,No,4,No
TKT0005410,2025-04-07 20:10:00,2025-04-08 16:42:44,CUST01574,P4,Refund,General,Wallet,Phone,L2 Support,Resolved,0.96,20.55,No,12,No
TKT0005411,2025-01-04 06:14:00,2025-01-04 20:12:24,CUST02409,P3,KYC,General,Wallet,Portal,Engineering,Resolved,1.33,13.97,Yes,4,No
TKT0005412,2025-08-30 23:40:00,2025-09-01 15:02:11,CUST02123,P4,API,Technical,KYC Service,Chat,L2 Support,Resolved,1.86,39.37,No,9,No
TKT0005413,2025-08-25 06:42:00,2025-08-25 15:28:23,CUST00139,P3,Refund,Operational,Wallet,Portal,L1 Support,Resolved,0.86,8.77,No,14,No
TKT0005414,2025-08-23 15:54:00,2025-08-24 17:56:40,CUST00083,P3,Payment Failure,General,Payments,Email,L1 Support,Resolved,0.81,26.04,No,11,Yes
TKT0005415,2025-11-12 01:45:00,2025-11-12 07:44:21,CUST01688,P2,Payment Failure,General,KYC Service,Chat,KYC Ops,Resolved,0.46,5.99,No,2,No
TKT0005416,2025-01-29 08:27:00,2025-01-29 23:57:05,CUST01509,P3,KYC,Operational,Payments,Phone,Payments Ops,Resolved,1.26,15.5,No,3,No
TKT0005417,2025-05-12 17:45:00,2025-05-13 08:27:43,CUST00035,P3,KYC,General,KYC Service,Phone,KYC Ops,Resolved,0.36,14.71,No,10,No
TKT0005418,2025-12-14 03:16:00,2025-12-14 04:41:31,CUST01823,P1,Login,Technical,Payments,Chat,L1 Support,Resolved,4.56,1.43,Yes,175,No
TKT0005419,2025-03-25 10:55:00,2025-03-25 15:31:18,CUST02365,P2,API,Operational,Wallet,Portal,Engineering,Resolved,2.31,4.61,No,6,No
TKT0005420,2025-05-08 19:20:00,2025-05-08 21:58:01,CUST02201,P1,KYC,Operational,KYC Service,Portal,Engineering,Resolved,0.23,2.63,No,93,No
TKT0005421,2025-06-10 23:50:00,2025-06-12 06:14:43,CUST01631,P4,Refund,General,Merchant Portal,Phone,KYC Ops,Resolved,0.67,30.41,No,3,No
TKT0005422,2025-10-20 13:45:00,2025-10-21 05:39:32,CUST01729,P3,API,Technical,Settlement API,Phone,Payments Ops,Resolved,1.14,15.91,No,1,No
TKT0005423,2025-10-28 11:00:00,2025-10-29 17:30:47,CUST01731,P4,Payment Failure,Technical,Settlement API,Email,Payments Ops,Resolved,2.25,30.51,No,5,No
TKT0005424,2025-11-03 19:54:00,2025-11-04 21:13:59,CUST02397,P3,Payment Failure,Operational,Merchant Portal,Phone,Engineering,Resolved,1.96,25.33,No,3,Yes
TKT0005425,2025-06-18 19:46:00,2025-06-21 05:47:29,CUST00124,P4,Settlement,Operational,Merchant Portal,Email,L1 Support,Resolved,0.52,58.02,No,7,Yes
TKT0005426,2025-10-29 14:32:00,2025-10-30 01:30:12,CUST02323,P2,Settlement,Operational,Payments,Email,Engineering,Resolved,1.23,10.97,No,2,Yes
TKT0005427,2025-12-21 16:01:00,2025-12-22 14:43:25,CUST01526,P3,API,Operational,Payments,Phone,L2 Support,Resolved,0.59,22.71,No,19,No
TKT0005428,2025-01-17 11:26:00,2025-01-18 01:05:19,CUST01470,P3,KYC,General,Settlement API,Email,L2 Support,Resolved,1.08,13.66,No,6,No
TKT0005429,2025-12-06 19:27:00,2025-12-07 16:26:17,CUST01483,P4,Refund,General,KYC Service,Phone,Payments Ops,Resolved,1.1,20.99,No,1,No
TKT0005430,2025-07-15 00:53:00,2025-07-17 23:18:10,CUST02081,P4,Refund,General,Wallet,Email,Payments Ops,Resolved,0.84,70.42,No,2,Yes
TKT0005431,2025-06-11 12:09:00,2025-06-11 18:20:36,CUST02347,P2,Payment Failure,Operational,Payments,Portal,Payments Ops,Resolved,2.21,6.19,Yes,1,No
TKT0005432,2025-01-11 12:55:00,2025-01-13 07:02:41,CUST00243,P4,KYC,Technical,Settlement API,Portal,L1 Support,Resolved,0.6,42.13,No,1,No
TKT0005433,2025-09-05 01:04:00,2025-09-05 12:11:52,CUST02134,P3,Settlement,Operational,Merchant Portal,Chat,Engineering,Resolved,0.39,11.13,No,8,No
TKT0005434,2025-06-30 17:53:00,2025-07-01 01:33:49,CUST00825,P2,Settlement,General,Settlement API,Phone,L1 Support,Resolved,0.51,7.68,No,27,No
TKT0005435,2025-12-26 20:25:00,2025-12-28 00:33:31,CUST02112,P3,Refund,General,Wallet,Portal,KYC Ops,Resolved,7.38,28.14,No,6,Yes
TKT0005436,2025-03-05 14:15:00,2025-03-05 15:02:02,CUST02259,P1,Settlement,Technical,Settlement API,Chat,Engineering,Resolved,1.24,0.78,No,34,No
TKT0005437,2025-11-25 02:09:00,2025-11-25 08:23:05,CUST01799,P2,Payment Failure,Technical,Wallet,Chat,L2 Support,Resolved,1.21,6.23,Yes,6,No
TKT0005438,2025-01-27 10:58:00,2025-01-28 07:50:39,CUST02647,P4,Login,Technical,Merchant Portal,Chat,Payments Ops,Resolved,1.81,20.88,No,2,No
TKT0005439,2025-01-23 01:37:00,2025-01-24 09:57:04,CUST01283,P3,Settlement,Operational,Merchant Portal,Email,L2 Support,Resolved,0.49,32.33,No,21,Yes
TKT0005440,2025-04-18 03:55:00,2025-04-18 08:48:47,CUST00983,P2,Settlement,Operational,Wallet,Chat,Engineering,Resolved,0.37,4.9,Yes,3,No
TKT0005441,2025-05-05 00:49:00,2025-05-06 01:18:47,CUST02288,P3,Payment Failure,General,KYC Service,Chat,L1 Support,Resolved,0.2,24.5,No,4,Yes
TKT0005442,2025-10-24 01:36:00,2025-10-26 11:02:31,CUST00405,P4,Settlement,General,Settlement API,Phone,L1 Support,Resolved,1.64,57.44,No,11,Yes
TKT0005443,2025-03-07 09:03:00,2025-03-08 15:10:05,CUST00384,P3,API,General,Settlement API,Phone,KYC Ops,Resolved,0.86,30.12,No,4,Yes
TKT0005444,2025-10-09 10:06:00,2025-10-09 20:28:49,CUST00267,P3,Payment Failure,Operational,Payments,Chat,Engineering,Resolved,0.78,10.38,No,78,No
TKT0005445,2025-03-28 16:11:00,2025-03-29 10:10:05,CUST01413,P3,KYC,Operational,KYC Service,Chat,L2 Support,Resolved,1.85,17.98,No,13,No
TKT0005446,2025-02-15 11:34:00,2025-02-16 09:12:38,CUST01552,P3,Settlement,General,KYC Service,Email,Engineering,Resolved,0.48,21.64,No,1,No
TKT0005447,2025-03-28 06:35:00,2025-03-28 09:56:45,CUST00463,P2,Payment Failure,General,KYC Service,Phone,L1 Support,Resolved,2.18,3.36,No,5,No
TKT0005448,2025-03-31 21:35:00,2025-04-01 01:16:04,CUST02520,P2,KYC,Operational,Merchant Portal,Portal,L2 Support,Resolved,0.84,3.68,No,2,No
TKT0005449,2025-01-11 17:58:00,2025-01-12 15:41:42,CUST02508,P4,API,General,Merchant Portal,Phone,L1 Support,Resolved,0.99,21.73,No,12,No
TKT0005450,2025-01-25 02:26:00,2025-01-28 15:33:06,CUST02037,P4,Refund,General,KYC Service,Portal,L1 Support,Resolved,0.65,85.12,No,40,Yes
TKT0005451,2025-06-27 11:40:00,2025-06-28 21:50:15,CUST01703,P4,Login,Technical,Wallet,Phone,Payments Ops,Resolved,0.38,34.17,No,1,No
TKT0005452,2025-09-10 02:05:00,2025-09-11 08:45:40,CUST01000,P4,API,General,KYC Service,Email,Engineering,Resolved,0.62,30.68,Yes,2,No
TKT0005453,2025-09-10 00:43:00,2025-09-10 21:50:20,CUST00226,P3,Refund,General,Wallet,Phone,KYC Ops,Resolved,0.38,21.12,No,6,No
TKT0005454,2025-06-01 20:37:00,2025-06-03 15:36:06,CUST00622,P4,Payment Failure,General,KYC Service,Email,KYC Ops,Resolved,3.14,42.99,No,5,No
TKT0005455,2025-08-09 22:32:00,2025-08-10 12:35:19,CUST02510,P3,Payment Failure,Technical,Wallet,Email,KYC Ops,Resolved,5.43,14.06,No,7,No
TKT0005456,2025-11-11 15:52:00,2025-11-12 16:53:37,CUST02862,P3,Settlement,Technical,Payments,Chat,L2 Support,Resolved,0.23,25.03,No,4,Yes
TKT0005457,2025-08-17 04:08:00,2025-08-17 13:18:08,CUST02306,P3,API,Technical,Merchant Portal,Portal,KYC Ops,Resolved,0.29,9.17,No,13,No
TKT0005458,2025-02-12 13:00:00,2025-02-15 14:56:07,CUST01723,P4,Payment Failure,Operational,Merchant Portal,Portal,Payments Ops,Resolved,2.32,73.94,No,20,Yes
TKT0005459,2025-02-14 06:42:00,2025-02-14 13:44:30,CUST02767,P2,Settlement,Technical,KYC Service,Portal,L1 Support,Resolved,0.42,7.04,Yes,18,No
TKT0005460,2025-04-30 18:34:00,2025-05-01 22:52:48,CUST00701,P3,Refund,Operational,Merchant Portal,Portal,Payments Ops,Resolved,1.78,28.31,No,4,Yes
TKT0005461,2025-10-19 21:39:00,2025-10-21 01:23:20,CUST01327,P3,Login,General,Settlement API,Phone,L1 Support,Resolved,1.03,27.74,No,4,Yes
TKT0005462,2025-04-19 06:20:00,2025-04-19 22:37:29,CUST00348,P4,KYC,Technical,Payments,Phone,L2 Support,Resolved,0.19,16.29,Yes,6,No
TKT0005463,2025-03-14 10:33:00,2025-03-16 06:01:39,CUST00238,P4,Login,General,Payments,Chat,L2 Support,Resolved,0.17,43.48,No,8,No
TKT0005464,2025-08-02 12:05:00,2025-08-03 05:19:43,CUST02931,P3,Refund,Technical,Payments,Phone,L2 Support,Resolved,1.68,17.25,No,7,No
TKT0005465,2025-07-04 07:01:00,2025-07-07 01:37:34,CUST01239,P4,API,Technical,Wallet,Phone,Engineering,Resolved,1.16,66.61,No,7,Yes
TKT0005466,2025-10-04 06:33:00,2025-10-04 23:25:19,CUST02811,P3,Payment Failure,Technical,Settlement API,Chat,L2 Support,Resolved,4.71,16.87,No,6,No
TKT0005467,2025-05-25 11:10:00,2025-05-27 11:06:54,CUST00317,P3,Settlement,Operational,Merchant Portal,Portal,L2 Support,Resolved,0.99,47.95,Yes,1,Yes
TKT0005468,2025-02-17 09:57:00,2025-02-19 05:14:18,CUST02960,P4,Settlement,Technical,Settlement API,Phone,L1 Support,Resolved,2.91,43.29,No,54,No
TKT0005469,2025-02-07 15:05:00,2025-02-08 07:30:24,CUST00701,P3,KYC,Technical,Wallet,Phone,Engineering,Resolved,2.8,16.42,No,2,No
TKT0005470,2025-07-04 19:54:00,2025-07-05 01:46:42,CUST02747,P2,Refund,Operational,Settlement API,Phone,Engineering,Resolved,2.08,5.88,No,2,No
TKT0005471,2025-08-14 06:05:00,2025-08-14 13:22:29,CUST01590,P3,Payment Failure,Operational,KYC Service,Phone,Payments Ops,Resolved,0.35,7.29,No,15,No
TKT0005472,2025-05-18 19:19:00,2025-05-19 01:48:52,CUST02790,P2,Login,Technical,Payments,Email,Engineering,Resolved,1.45,6.5,Yes,3,No
TKT0005473,2025-04-17 12:51:00,2025-04-18 10:57:24,CUST00536,P3,Payment Failure,Operational,Settlement API,Chat,Payments Ops,Resolved,0.98,22.11,No,10,No
TKT0005474,2025-03-04 14:20:00,2025-03-04 18:11:16,CUST01103,P2,Login,Operational,KYC Service,Phone,L1 Support,Resolved,4.19,3.85,No,2,No
TKT0005475,2025-08-20 12:07:00,2025-08-21 10:48:19,CUST02265,P3,API,Technical,Settlement API,Chat,L2 Support,Resolved,0.54,22.69,Yes,3,No
TKT0005476,2025-09-08 07:30:00,2025-09-09 08:05:39,CUST01051,P4,Settlement,Technical,Settlement API,Phone,L2 Support,Resolved,2.66,24.59,No,12,No
TKT0005477,2025-05-10 04:22:00,2025-05-12 14:31:09,CUST01956,P4,Refund,General,Payments,Chat,Engineering,Resolved,1.63,58.15,No,13,Yes
TKT0005478,2025-09-01 21:49:00,2025-09-04 00:13:13,CUST00272,P4,KYC,General,Wallet,Portal,L2 Support,Resolved,0.99,50.4,No,6,Yes
TKT0005479,2025-11-08 02:30:00,2025-11-09 22:59:46,CUST02013,P4,KYC,Operational,Merchant Portal,Portal,Engineering,Resolved,0.65,44.5,No,22,No
TKT0005480,2025-06-28 03:38:00,2025-06-28 17:36:28,CUST00468,P2,API,Technical,Merchant Portal,Email,Payments Ops,Resolved,2.5,13.97,No,25,Yes
TKT0005481,2025-09-27 13:02:00,2025-09-28 13:11:44,CUST01967,P4,Login,Operational,Merchant Portal,Email,L2 Support,Resolved,0.71,24.16,No,13,No
TKT0005482,2025-03-14 15:38:00,2025-03-14 23:22:11,CUST01805,P3,Settlement,General,KYC Service,Portal,Payments Ops,Resolved,0.94,7.74,No,20,No
TKT0005483,2025-03-01 19:23:00,2025-03-04 21:13:05,CUST02924,P4,API,Technical,Payments,Chat,Payments Ops,Resolved,1.78,73.83,No,27,Yes
TKT0005484,2025-02-27 04:00:00,2025-02-27 16:20:50,CUST01926,P2,Settlement,Operational,Payments,Email,L2 Support,Resolved,0.99,12.35,Yes,23,Yes
TKT0005485,2025-11-30 03:20:00,2025-12-02 11:40:29,CUST01566,P3,Login,General,Payments,Portal,KYC Ops,Resolved,0.19,56.34,No,2,Yes
TKT0005486,2025-08-31 11:57:00,2025-09-02 05:14:56,CUST00759,P3,KYC,General,Payments,Email,Engineering,Resolved,2.2,41.3,No,9,Yes
TKT0005487,2025-08-26 19:56:00,2025-08-27 15:11:14,CUST02760,P4,Payment Failure,Technical,Merchant Portal,Portal,L1 Support,Resolved,1.79,19.25,No,20,No
TKT0005488,2025-08-18 14:40:00,2025-08-19 07:29:32,CUST01602,P3,Login,General,Wallet,Phone,KYC Ops,Resolved,0.35,16.83,Yes,87,No
TKT0005489,2025-04-19 13:53:00,2025-04-20 12:05:07,CUST02090,P3,Payment Failure,Technical,Payments,Phone,Engineering,Resolved,0.38,22.2,No,12,No
TKT0005490,2025-12-24 00:54:00,2025-12-24 09:53:00,CUST00552,P2,API,Technical,Merchant Portal,Phone,Payments Ops,Resolved,1.98,8.98,No,2,Yes
TKT0005491,2025-10-01 12:24:00,2025-10-02 03:00:26,CUST00334,P3,Refund,Operational,Settlement API,Phone,L1 Support,Resolved,1.29,14.61,No,8,No
TKT0005492,2025-10-19 19:14:00,2025-10-20 13:56:05,CUST02570,P4,Payment Failure,Technical,Payments,Email,KYC Ops,Resolved,0.64,18.7,No,6,No
TKT0005493,2025-04-26 00:03:00,2025-04-26 05:41:37,CUST01793,P2,Settlement,Operational,KYC Service,Email,L1 Support,Resolved,1.3,5.64,No,2,No
TKT0005494,2025-01-09 01:16:00,2025-01-09 14:16:28,CUST01052,P3,KYC,Technical,Payments,Email,KYC Ops,Resolved,0.63,13.01,No,10,No
TKT0005495,2025-03-13 15:24:00,2025-03-17 15:15:29,CUST01319,P4,KYC,General,Wallet,Phone,L2 Support,Resolved,1.14,95.86,No,44,Yes
TKT0005496,2025-12-05 03:07:00,2025-12-06 05:22:29,CUST01053,P4,Refund,Technical,Payments,Portal,Engineering,Resolved,1.44,26.26,No,1,No
TKT0005497,2025-10-25 03:09:00,2025-10-26 00:02:10,CUST00546,P3,Payment Failure,Operational,Merchant Portal,Email,KYC Ops,Resolved,0.34,20.89,No,2,No
TKT0005498,2025-02-28 20:58:00,2025-03-01 19:17:44,CUST02953,P4,Login,General,Merchant Portal,Portal,KYC Ops,Resolved,2.21,22.33,No,1,No
TKT0005499,2025-01-20 04:31:00,2025-01-21 09:13:52,CUST00883,P4,Payment Failure,General,KYC Service,Portal,L2 Support,Resolved,1.15,28.71,No,5,No
TKT0005500,2025-01-08 07:19:00,2025-01-09 00:33:57,CUST00930,P4,API,General,Merchant Portal,Phone,Engineering,Resolved,2.18,17.25,No,12,No
TKT0005501,2025-03-15 05:01:00,2025-03-15 14:12:31,CUST01008,P3,Refund,Operational,Settlement API,Portal,L2 Support,Resolved,0.9,9.19,No,5,No
TKT0005502,2025-04-02 19:21:00,2025-04-03 13:25:32,CUST02075,P3,KYC,Operational,Settlement API,Email,L1 Support,Resolved,1.01,18.08,No,46,No
TKT0005503,2025-08-10 07:01:00,2025-08-11 18:54:52,CUST02201,P4,API,General,Settlement API,Phone,Engineering,Resolved,2.51,35.9,No,3,No
TKT0005504,2025-12-02 10:13:00,2025-12-04 02:52:16,CUST00026,P4,API,Technical,KYC Service,Phone,L1 Support,Resolved,0.8,40.65,Yes,8,No
TKT0005505,2025-08-25 05:32:00,2025-08-25 13:43:06,CUST01518,P4,Payment Failure,Operational,KYC Service,Portal,KYC Ops,Resolved,1.01,8.19,No,5,No
TKT0005506,2025-10-25 15:41:00,2025-10-28 21:32:06,CUST01455,P4,API,Operational,Wallet,Phone,KYC Ops,Resolved,0.97,77.85,No,4,Yes
TKT0005507,2025-06-11 09:20:00,2025-06-11 22:00:44,CUST02118,P3,API,Technical,Settlement API,Chat,Payments Ops,Resolved,12.98,12.68,No,30,No
TKT0005508,2025-09-24 00:17:00,2025-09-25 08:41:07,CUST00632,P4,Payment Failure,Operational,Payments,Portal,Payments Ops,Resolved,0.54,32.4,No,20,No
TKT0005509,2025-12-24 17:42:00,2025-12-26 04:09:11,CUST01698,P4,KYC,Technical,Merchant Portal,Phone,Payments Ops,Resolved,1.76,34.45,No,8,No
TKT0005510,2025-08-17 09:56:00,2025-08-18 11:17:49,CUST01609,P4,Settlement,Technical,Settlement API,Portal,Engineering,Resolved,4.77,25.36,No,6,No
TKT0005511,2025-04-28 14:11:00,2025-04-29 03:15:47,CUST01253,P3,Payment Failure,Operational,Merchant Portal,Email,KYC Ops,Resolved,1.84,13.08,No,28,No
TKT0005512,2025-05-06 07:43:00,2025-05-06 08:27:50,CUST02584,P1,Payment Failure,General,Merchant Portal,Chat,L1 Support,Resolved,6.39,0.75,Yes,24,No
TKT0005513,2025-06-20 21:07:00,2025-06-21 14:05:49,CUST00854,P3,Login,General,Settlement API,Email,KYC Ops,Resolved,0.9,16.98,No,2,No
TKT0005514,2025-05-25 10:16:00,2025-05-26 03:03:41,CUST00127,P3,API,Operational,Merchant Portal,Chat,Payments Ops,Resolved,0.84,16.79,No,13,No
TKT0005515,2025-05-14 17:48:00,2025-05-15 13:52:13,CUST02008,P3,Settlement,Technical,Payments,Phone,L2 Support,Resolved,0.38,20.07,No,11,No
TKT0005516,2025-05-14 23:00:00,2025-05-15 05:48:58,CUST02429,P2,Refund,Operational,KYC Service,Phone,Payments Ops,Resolved,1.23,6.82,No,5,No
TKT0005517,2025-10-12 09:10:00,2025-10-14 04:31:50,CUST00894,P4,KYC,Technical,Wallet,Portal,KYC Ops,Resolved,2.74,43.36,No,8,No
TKT0005518,2025-04-06 05:01:00,2025-04-06 09:40:26,CUST01876,P2,API,General,Payments,Chat,Engineering,Resolved,1.12,4.66,No,7,No
TKT0005519,2025-03-17 11:06:00,2025-03-19 15:26:26,CUST00787,P3,Payment Failure,Operational,Wallet,Portal,L1 Support,Resolved,0.56,52.34,No,10,Yes
TKT0005520,2025-07-09 22:57:00,2025-07-10 18:15:57,CUST01659,P3,Refund,Operational,Settlement API,Email,Payments Ops,Resolved,0.67,19.32,No,5,No
TKT0005521,2025-12-22 07:21:00,2025-12-24 07:03:17,CUST00597,P4,KYC,General,Settlement API,Phone,KYC Ops,Resolved,0.8,47.7,No,38,No
TKT0005522,2025-12-04 15:41:00,2025-12-06 00:26:28,CUST01324,P3,Login,Technical,KYC Service,Email,Payments Ops,Resolved,0.68,32.76,No,13,Yes
TKT0005523,2025-06-12 17:50:00,2025-06-12 19:55:13,CUST01462,P1,Refund,Operational,KYC Service,Portal,L2 Support,Resolved,0.6,2.09,No,65,No
TKT0005524,2025-10-10 16:37:00,2025-10-11 16:26:52,CUST01311,P4,Settlement,General,Settlement API,Portal,L1 Support,Resolved,0.79,23.83,No,3,No
TKT0005525,2025-04-25 14:00:00,2025-04-27 05:30:14,CUST00828,P3,Settlement,General,Merchant Portal,Phone,Payments Ops,Resolved,2.14,39.5,Yes,3,Yes
TKT0005526,2025-11-19 03:02:00,2025-11-20 06:41:44,CUST01277,P3,Payment Failure,Operational,Payments,Email,L1 Support,Resolved,1.82,27.66,No,12,Yes
TKT0005527,2025-04-25 16:41:00,2025-04-26 01:40:58,CUST01105,P3,Settlement,Operational,KYC Service,Email,L2 Support,Resolved,0.54,9.0,No,2,No
TKT0005528,2025-12-12 21:37:00,2025-12-13 08:45:53,CUST02843,P3,Payment Failure,General,Wallet,Portal,L2 Support,Resolved,1.27,11.15,No,8,No
TKT0005529,2025-06-23 05:54:00,2025-06-24 14:27:08,CUST00676,P3,KYC,General,Wallet,Portal,KYC Ops,Resolved,0.18,32.55,No,16,Yes
TKT0005530,2025-12-20 06:51:00,2025-12-20 17:34:26,CUST02450,P3,KYC,General,KYC Service,Chat,KYC Ops,Resolved,0.45,10.72,No,3,No
TKT0005531,2025-09-26 07:36:00,2025-09-27 22:03:25,CUST02187,P4,API,General,Merchant Portal,Email,Payments Ops,Resolved,0.72,38.46,No,10,No
TKT0005532,2025-12-02 04:56:00,2025-12-02 14:28:48,CUST02395,P3,Payment Failure,Technical,Wallet,Portal,L1 Support,Resolved,1.69,9.55,No,1,No
TKT0005533,2025-12-24 00:31:00,2025-12-24 12:55:50,CUST02810,P2,Payment Failure,General,KYC Service,Portal,L2 Support,Resolved,0.47,12.41,No,13,Yes
TKT0005534,2025-04-16 11:02:00,2025-04-17 04:22:14,CUST01344,P4,Payment Failure,Operational,Settlement API,Chat,L2 Support,Resolved,0.13,17.34,No,43,No
TKT0005535,2025-03-22 18:49:00,2025-03-23 12:17:05,CUST01577,P3,Payment Failure,General,KYC Service,Chat,Payments Ops,Resolved,0.71,17.47,Yes,16,No
TKT0005536,2025-06-20 05:07:00,2025-06-22 07:17:39,CUST00621,P4,KYC,Technical,Merchant Portal,Chat,Engineering,Resolved,0.73,50.18,No,25,Yes
TKT0005537,2025-04-03 19:49:00,2025-04-04 06:43:23,CUST00097,P3,Settlement,General,Wallet,Email,Engineering,Resolved,0.77,10.91,No,5,No
TKT0005538,2025-11-05 17:14:00,2025-11-07 22:21:51,CUST00213,P4,API,General,Payments,Chat,Engineering,Resolved,0.43,53.13,No,3,Yes
TKT0005539,2025-12-06 13:54:00,2025-12-07 07:30:08,CUST02884,P3,Payment Failure,Operational,Wallet,Email,L2 Support,Resolved,1.99,17.6,No,2,No
TKT0005540,2025-10-23 18:10:00,2025-10-23 22:05:39,CUST00710,P1,API,Operational,Settlement API,Email,KYC Ops,Resolved,0.25,3.93,No,10,No
TKT0005541,2025-11-05 01:53:00,2025-11-05 08:14:58,CUST01471,P3,Payment Failure,Operational,KYC Service,Phone,L1 Support,Resolved,0.27,6.37,No,2,No
TKT0005542,2025-03-07 04:49:00,2025-03-09 03:05:59,CUST02954,P4,Login,Technical,Payments,Email,L1 Support,Resolved,0.55,46.28,No,21,No
TKT0005543,2025-06-05 23:11:00,2025-06-07 00:51:32,CUST00509,P3,Payment Failure,Operational,Settlement API,Chat,KYC Ops,Resolved,1.42,25.68,No,24,Yes
TKT0005544,2025-12-23 09:18:00,2025-12-24 15:10:48,CUST02312,P4,API,Technical,Wallet,Phone,Engineering,Resolved,0.53,29.88,No,24,No
TKT0005545,2025-05-17 22:44:00,2025-05-18 09:14:57,CUST01068,P4,Payment Failure,General,KYC Service,Email,L1 Support,Resolved,0.35,10.52,No,3,No
TKT0005546,2025-06-04 04:27:00,2025-06-05 22:31:52,CUST00069,P4,KYC,Technical,Merchant Portal,Chat,Payments Ops,Resolved,1.02,42.08,No,12,No
TKT0005547,2025-04-27 06:15:00,2025-04-28 05:18:03,CUST02665,P3,KYC,General,Merchant Portal,Portal,Engineering,Resolved,0.71,23.05,No,8,No
TKT0005548,2025-10-13 21:12:00,2025-10-14 05:05:36,CUST00114,P3,Login,General,Payments,Email,L1 Support,Resolved,1.93,7.89,No,15,No
TKT0005549,2025-12-24 16:42:00,2025-12-25 10:42:31,CUST02111,P3,Settlement,Technical,KYC Service,Phone,L2 Support,Resolved,0.54,18.01,No,9,No
TKT0005550,2025-06-15 09:43:00,2025-06-16 05:14:55,CUST02520,P4,Payment Failure,General,Merchant Portal,Portal,KYC Ops,Resolved,0.4,19.53,Yes,9,No
TKT0005551,2025-10-22 13:08:00,2025-10-22 18:13:43,CUST00670,P1,API,Operational,Settlement API,Chat,L1 Support,Resolved,1.57,5.1,No,56,Yes
TKT0005552,2025-11-26 09:46:00,2025-11-27 00:02:57,CUST01041,P3,API,Technical,Settlement API,Phone,Engineering,Resolved,1.09,14.28,No,7,No
TKT0005553,2025-10-04 02:34:00,2025-10-04 12:20:54,CUST02805,P3,API,General,Settlement API,Portal,Engineering,Resolved,2.96,9.78,No,13,No
TKT0005554,2025-05-19 04:07:00,2025-05-19 06:18:57,CUST01032,P1,Payment Failure,Technical,Payments,Phone,Payments Ops,Resolved,0.55,2.2,Yes,103,No
TKT0005555,2025-09-06 09:31:00,2025-09-07 14:58:16,CUST02757,P4,KYC,General,Payments,Chat,Payments Ops,Resolved,0.62,29.45,No,7,No
TKT0005556,2025-04-21 19:56:00,2025-04-22 13:03:37,CUST00262,P3,Payment Failure,Operational,KYC Service,Phone,L2 Support,Resolved,0.22,17.13,No,15,No
TKT0005557,2025-12-20 01:16:00,2025-12-21 16:42:18,CUST02101,P3,Refund,Technical,KYC Service,Email,KYC Ops,Resolved,0.87,39.44,Yes,42,Yes
TKT0005558,2025-10-10 00:12:00,2025-10-10 19:19:12,CUST00792,P4,Refund,Operational,Wallet,Phone,KYC Ops,Resolved,1.52,19.12,Yes,7,No
TKT0005559,2025-08-09 18:22:00,2025-08-10 01:25:37,CUST00662,P3,Payment Failure,Operational,Wallet,Portal,L1 Support,Resolved,1.13,7.06,No,11,No
TKT0005560,2025-02-07 17:41:00,2025-02-09 08:06:14,CUST02653,P3,KYC,Technical,KYC Service,Portal,KYC Ops,Resolved,0.41,38.42,No,4,Yes
TKT0005561,2025-09-19 14:51:00,2025-09-20 03:37:45,CUST01045,P3,Settlement,Technical,Wallet,Chat,L2 Support,Resolved,0.19,12.78,No,1,No
TKT0005562,2025-10-07 21:11:00,2025-10-08 03:02:41,CUST00363,P3,Refund,Operational,Merchant Portal,Chat,L1 Support,Resolved,0.15,5.86,No,11,No
TKT0005563,2025-06-30 02:40:00,2025-06-30 19:11:54,CUST01128,P3,Payment Failure,Technical,KYC Service,Phone,L2 Support,Resolved,4.07,16.53,No,7,No
TKT0005564,2025-05-24 19:38:00,2025-05-25 03:31:17,CUST02770,P3,Payment Failure,General,Settlement API,Email,L2 Support,Resolved,1.51,7.89,No,2,No
TKT0005565,2025-06-18 21:41:00,2025-06-19 17:25:46,CUST00199,P3,Settlement,Technical,Wallet,Chat,L2 Support,Resolved,3.69,19.75,No,3,No
TKT0005566,2025-05-14 15:28:00,2025-05-15 01:17:32,CUST01839,P3,Payment Failure,Operational,Wallet,Chat,KYC Ops,Resolved,0.13,9.83,No,23,No
TKT0005567,2025-05-24 05:37:00,2025-05-24 15:42:02,CUST01321,P3,Refund,Operational,Wallet,Email,KYC Ops,Resolved,1.28,10.08,No,9,No
TKT0005568,2025-10-19 05:45:00,2025-10-19 18:02:42,CUST00884,P3,Login,Technical,KYC Service,Chat,L2 Support,Resolved,1.43,12.3,No,5,No
TKT0005569,2025-03-02 10:15:00,2025-03-04 01:58:59,CUST02159,P4,KYC,Operational,KYC Service,Phone,L1 Support,Resolved,1.44,39.73,No,7,No
TKT0005570,2025-03-07 22:29:00,2025-03-08 00:13:21,CUST00195,P1,Payment Failure,Operational,Payments,Chat,L1 Support,Resolved,1.73,1.74,Yes,6,No
TKT0005571,2025-08-25 15:26:00,2025-08-26 09:09:08,CUST02397,P4,Login,Technical,Settlement API,Portal,L1 Support,Resolved,1.69,17.72,No,6,No
TKT0005572,2025-02-01 15:12:00,2025-02-03 10:30:51,CUST01400,P4,Payment Failure,General,Merchant Portal,Phone,KYC Ops,Resolved,0.71,43.31,No,4,No
TKT0005573,2025-03-21 19:22:00,2025-03-22 12:22:10,CUST01116,P3,Payment Failure,General,KYC Service,Chat,Payments Ops,Resolved,1.18,17.0,Yes,2,No
TKT0005574,2025-07-31 12:12:00,2025-08-01 07:46:02,CUST02042,P4,Payment Failure,General,Payments,Portal,L2 Support,Resolved,2.52,19.57,No,5,No
TKT0005575,2025-06-26 11:37:00,2025-06-28 17:11:53,CUST00796,P4,Login,Operational,Wallet,Email,L2 Support,Resolved,0.43,53.58,No,6,Yes
TKT0005576,2025-03-17 21:46:00,2025-03-20 08:48:41,CUST00337,P4,API,General,Settlement API,Phone,Engineering,Resolved,0.91,59.04,No,74,Yes
TKT0005577,2025-06-03 05:44:00,2025-06-04 05:16:56,CUST01546,P4,Login,Operational,Payments,Phone,Payments Ops,Resolved,1.06,23.55,No,30,No
TKT0005578,2025-12-02 02:50:00,2025-12-02 14:27:31,CUST00263,P3,Payment Failure,General,Payments,Chat,L1 Support,Resolved,1.06,11.63,No,4,No
TKT0005579,2025-03-13 03:27:00,2025-03-13 14:46:04,CUST02791,P4,Settlement,General,Merchant Portal,Chat,Engineering,Resolved,0.33,11.32,No,4,No
TKT0005580,2025-02-14 08:25:00,2025-02-16 15:15:24,CUST01671,P4,API,Operational,Payments,Portal,KYC Ops,Resolved,1.07,54.84,No,16,Yes
TKT0005581,2025-10-02 15:49:00,2025-10-05 00:27:24,CUST02647,P4,Payment Failure,Technical,Merchant Portal,Email,Engineering,Resolved,0.55,56.64,No,26,Yes
TKT0005582,2025-07-28 17:43:00,2025-07-29 15:45:30,CUST00187,P3,Settlement,General,Payments,Phone,L2 Support,Resolved,3.01,22.04,No,2,No
TKT0005583,2025-05-09 01:47:00,2025-05-09 13:29:26,CUST00524,P3,Refund,Technical,Payments,Portal,Engineering,Resolved,0.49,11.71,No,3,No
TKT0005584,2025-07-22 14:42:00,2025-07-23 19:55:03,CUST00787,P4,KYC,General,KYC Service,Chat,KYC Ops,Resolved,1.2,29.22,No,7,No
TKT0005585,2025-01-09 00:24:00,2025-01-09 04:02:06,CUST01545,P2,API,Operational,Settlement API,Chat,KYC Ops,Resolved,0.92,3.64,No,8,No
TKT0005586,2025-08-22 11:31:00,2025-08-23 19:11:33,CUST02102,P3,Payment Failure,Operational,Payments,Email,L1 Support,Resolved,0.43,31.68,No,1,Yes
TKT0005587,2025-05-29 21:08:00,2025-05-29 23:13:03,CUST01236,P1,Refund,General,Merchant Portal,Phone,KYC Ops,Resolved,0.33,2.08,No,12,No
TKT0005588,2025-10-06 12:30:00,2025-10-06 20:19:53,CUST01979,P2,Settlement,Operational,Wallet,Phone,KYC Ops,Resolved,2.08,7.83,Yes,12,No
TKT0005589,2025-06-15 13:55:00,2025-06-16 03:04:31,CUST02610,P3,Refund,Operational,KYC Service,Chat,KYC Ops,Resolved,0.47,13.16,No,2,No
TKT0005590,2025-08-13 14:37:00,2025-08-13 18:35:20,CUST01447,P3,Payment Failure,General,Payments,Portal,L1 Support,Resolved,0.34,3.97,Yes,16,No
TKT0005591,2025-04-06 20:49:00,2025-04-11 18:24:56,CUST02171,P4,API,Operational,KYC Service,Chat,L2 Support,Resolved,0.92,117.6,No,4,Yes
TKT0005592,2025-11-12 09:43:00,2025-11-14 02:21:52,CUST02037,P3,API,Technical,Payments,Email,Engineering,Resolved,0.4,40.65,No,19,Yes
TKT0005593,2025-04-11 18:50:00,2025-04-12 22:27:18,CUST01704,P3,API,General,Payments,Email,L1 Support,Resolved,0.39,27.62,No,10,Yes
TKT0005594,2025-06-10 12:51:00,2025-06-10 19:40:03,CUST02021,P3,Refund,Operational,Settlement API,Email,KYC Ops,Resolved,0.35,6.82,No,3,No
TKT0005595,2025-07-14 09:42:00,2025-07-15 09:12:37,CUST02181,P3,Settlement,Technical,Settlement API,Email,Payments Ops,Resolved,1.61,23.51,No,20,No
TKT0005596,2025-03-06 16:47:00,2025-03-07 23:23:44,CUST02104,P3,API,Technical,Settlement API,Phone,L1 Support,Resolved,2.97,30.61,No,2,Yes
TKT0005597,2025-04-08 19:02:00,2025-04-09 21:33:21,CUST00482,P4,Settlement,Technical,Settlement API,Chat,Engineering,Resolved,1.75,26.52,No,12,No
TKT0005598,2025-06-25 08:29:00,2025-06-26 05:23:24,CUST02044,P3,Payment Failure,Operational,Payments,Portal,L1 Support,Resolved,1.25,20.91,Yes,1,No
TKT0005599,2025-07-16 11:51:00,2025-07-17 01:43:24,CUST00029,P3,Login,Technical,Settlement API,Email,L1 Support,Resolved,0.32,13.87,No,16,No
TKT0005600,2025-04-21 21:56:00,2025-04-22 02:32:13,CUST00159,P2,KYC,Operational,Settlement API,Phone,KYC Ops,Resolved,2.42,4.6,No,3,No
TKT0005601,2025-03-06 11:55:00,2025-03-07 02:50:27,CUST01855,P2,Settlement,Technical,Settlement API,Chat,L2 Support,Resolved,0.34,14.92,Yes,15,Yes
TKT0005602,2025-10-15 06:47:00,2025-10-15 08:52:31,CUST01690,P2,Settlement,Technical,Payments,Chat,Payments Ops,Resolved,0.37,2.09,No,9,No
TKT0005603,2025-04-10 20:54:00,2025-04-12 22:17:03,CUST00980,P4,Login,Technical,Settlement API,Phone,Engineering,Resolved,1.57,49.38,No,13,Yes
TKT0005604,2025-09-02 23:06:00,2025-09-04 01:21:58,CUST02442,P3,Refund,General,KYC Service,Chat,L1 Support,Resolved,1.42,26.27,No,6,Yes
TKT0005605,2025-02-21 19:34:00,2025-02-23 05:58:42,CUST02002,P3,Refund,Technical,Payments,Portal,KYC Ops,Resolved,0.24,34.41,No,17,Yes
TKT0005606,2025-10-10 05:31:00,2025-10-11 02:51:43,CUST02114,P4,Payment Failure,General,Payments,Portal,Payments Ops,Resolved,1.25,21.35,No,7,No
TKT0005607,2025-11-16 07:31:00,2025-11-17 11:06:56,CUST01297,P3,KYC,Operational,Settlement API,Portal,KYC Ops,Resolved,4.53,27.6,No,3,Yes
TKT0005608,2025-05-31 15:26:00,2025-05-31 20:13:55,CUST02172,P2,API,Technical,Merchant Portal,Portal,Payments Ops,Resolved,0.29,4.8,No,5,No
TKT0005609,2025-02-02 08:03:00,2025-02-04 22:46:44,CUST00550,P4,Settlement,Operational,Merchant Portal,Portal,KYC Ops,Resolved,1.18,62.73,No,2,Yes
TKT0005610,2025-11-27 11:36:00,2025-11-27 14:18:56,CUST00788,P2,Refund,Operational,Merchant Portal,Chat,L2 Support,Resolved,1.66,2.72,Yes,8,No
TKT0005611,2025-10-18 01:42:00,2025-10-18 22:48:44,CUST00015,P3,Settlement,General,Settlement API,Phone,L2 Support,Resolved,0.83,21.11,No,9,No
TKT0005612,2025-07-08 09:07:00,2025-07-08 18:25:42,CUST00062,P3,Settlement,Technical,KYC Service,Portal,L1 Support,Resolved,2.32,9.31,No,15,No
TKT0005613,2025-11-29 11:44:00,2025-11-30 13:11:15,CUST00570,P4,API,Operational,Merchant Portal,Chat,L2 Support,Resolved,3.18,25.45,No,8,No
TKT0005614,2025-10-11 18:38:00,2025-10-13 10:19:55,CUST01196,P3,Payment Failure,Operational,Merchant Portal,Portal,L2 Support,Resolved,8.95,39.7,No,3,Yes
TKT0005615,2025-02-24 06:41:00,2025-02-24 16:40:17,CUST02034,P4,Settlement,Technical,Merchant Portal,Email,Payments Ops,Resolved,1.23,9.99,No,3,No
TKT0005616,2025-12-17 17:18:00,2025-12-18 19:37:51,CUST00663,P4,Settlement,Operational,KYC Service,Email,KYC Ops,Resolved,1.1,26.33,Yes,1,No
TKT0005617,2025-08-15 17:39:00,2025-08-17 09:04:39,CUST01848,P4,Refund,Operational,Settlement API,Phone,L2 Support,Resolved,1.45,39.43,No,11,No
TKT0005618,2025-12-04 19:58:00,2025-12-05 13:42:36,CUST00575,P3,KYC,Technical,Merchant Portal,Chat,Payments Ops,Resolved,1.91,17.74,Yes,6,No
TKT0005619,2025-07-12 20:42:00,2025-07-13 05:14:01,CUST01393,P3,KYC,Technical,Payments,Portal,KYC Ops,Resolved,4.08,8.53,Yes,2,No
TKT0005620,2025-06-28 10:00:00,2025-06-28 19:30:05,CUST02438,P3,Payment Failure,Operational,Settlement API,Portal,L2 Support,Resolved,0.78,9.5,No,12,No
TKT0005621,2025-12-13 15:26:00,2025-12-13 19:05:11,CUST02494,P1,API,Operational,Merchant Portal,Portal,Payments Ops,Resolved,1.74,3.65,Yes,9,No
TKT0005622,2025-07-23 05:18:00,2025-07-23 15:25:50,CUST00197,P3,API,General,Payments,Portal,KYC Ops,Resolved,0.5,10.13,No,24,No
TKT0005623,2025-05-26 05:51:00,2025-05-27 20:32:55,CUST02054,P4,Payment Failure,Operational,Payments,Chat,Payments Ops,Resolved,2.04,38.7,No,19,No
TKT0005624,2025-07-19 01:20:00,2025-07-21 00:16:43,CUST01469,P4,Login,General,Settlement API,Phone,KYC Ops,Resolved,1.9,46.95,No,1,No
TKT0005625,2025-02-19 14:42:00,2025-02-20 13:45:50,CUST02995,P4,KYC,Technical,Merchant Portal,Chat,KYC Ops,Resolved,1.45,23.06,No,2,No
TKT0005626,2025-02-14 06:33:00,2025-02-14 08:04:20,CUST01330,P1,Refund,Technical,Wallet,Portal,L2 Support,Resolved,1.13,1.52,No,109,No
TKT0005627,2025-01-21 08:14:00,2025-01-21 13:38:40,CUST01726,P3,Payment Failure,Technical,Settlement API,Email,Engineering,Resolved,0.82,5.41,No,11,No
TKT0005628,2025-10-13 08:06:00,2025-10-15 00:21:25,CUST01200,P4,Refund,Operational,Settlement API,Chat,Payments Ops,Resolved,0.85,40.26,Yes,28,No
TKT0005629,2025-06-23 06:35:00,2025-06-23 23:54:14,CUST01334,P3,Payment Failure,Technical,Settlement API,Portal,Payments Ops,Resolved,0.55,17.32,No,8,No
TKT0005630,2025-07-26 17:18:00,2025-07-29 00:26:22,CUST01188,P4,Settlement,Technical,Settlement API,Phone,L1 Support,Resolved,2.2,55.14,No,10,Yes
TKT0005631,2025-09-17 02:41:00,2025-09-17 05:39:35,CUST01079,P2,Payment Failure,Technical,Wallet,Email,L1 Support,Resolved,0.74,2.98,No,14,No
TKT0005632,2025-06-23 01:32:00,2025-06-25 21:23:22,CUST01609,P4,Payment Failure,General,Merchant Portal,Email,L2 Support,Resolved,0.52,67.86,No,13,Yes
TKT0005633,2025-08-17 09:04:00,2025-08-18 02:33:51,CUST01616,P3,KYC,General,Settlement API,Portal,KYC Ops,Resolved,0.45,17.5,No,1,No
TKT0005634,2025-03-25 18:08:00,2025-03-26 12:47:38,CUST00956,P4,Login,Technical,Settlement API,Email,Engineering,Resolved,0.52,18.66,No,14,No
TKT0005635,2025-12-11 14:03:00,2025-12-11 16:46:03,CUST00083,P1,KYC,General,KYC Service,Portal,KYC Ops,Resolved,0.72,2.72,No,18,No
TKT0005636,2025-11-12 10:24:00,2025-11-12 13:09:17,CUST00405,P1,Refund,Technical,Merchant Portal,Phone,L1 Support,Resolved,1.85,2.75,Yes,12,No
TKT0005637,2025-01-16 04:02:00,2025-01-16 23:34:52,CUST00579,P4,API,General,Payments,Phone,KYC Ops,Resolved,4.0,19.55,No,18,No
TKT0005638,2025-03-17 09:16:00,2025-03-17 21:20:11,CUST00538,P4,API,Operational,Payments,Portal,Engineering,Resolved,1.82,12.07,No,11,No
TKT0005639,2025-05-16 07:23:00,2025-05-17 04:58:14,CUST02325,P4,Refund,General,Settlement API,Portal,L2 Support,Resolved,3.54,21.59,No,15,No
TKT0005640,2025-01-06 03:13:00,2025-01-06 21:46:31,CUST00979,P3,Settlement,General,Settlement API,Email,KYC Ops,Resolved,1.24,18.56,No,9,No
TKT0005641,2025-01-10 12:00:00,2025-01-10 21:50:35,CUST02897,P3,Login,Technical,Merchant Portal,Chat,L2 Support,Resolved,0.34,9.84,No,116,No
TKT0005642,2025-01-23 23:27:00,2025-01-24 05:00:46,CUST01800,P2,KYC,General,Merchant Portal,Email,Payments Ops,Resolved,1.39,5.56,No,12,No
TKT0005643,2025-11-26 15:38:00,2025-11-26 17:56:59,CUST01071,P1,Payment Failure,Technical,Payments,Chat,Payments Ops,Resolved,2.33,2.32,No,55,No
TKT0005644,2025-05-01 13:09:00,2025-05-01 21:45:04,CUST01624,P3,Payment Failure,Operational,Payments,Portal,Payments Ops,Resolved,5.88,8.6,No,2,No
TKT0005645,2025-08-14 08:30:00,2025-08-14 17:09:52,CUST00996,P2,Refund,Operational,Merchant Portal,Chat,KYC Ops,Resolved,0.15,8.66,No,4,Yes
TKT0005646,2025-06-08 10:10:00,2025-06-10 01:21:19,CUST02455,P3,Login,General,Settlement API,Chat,L1 Support,Resolved,1.83,39.19,No,9,Yes
TKT0005647,2025-12-26 04:02:00,2025-12-26 06:54:49,CUST01129,P1,Payment Failure,Technical,Wallet,Phone,Payments Ops,Resolved,1.0,2.88,Yes,66,No
TKT0005648,2025-09-02 17:29:00,2025-09-03 21:47:27,CUST02485,P4,Login,Operational,Wallet,Portal,KYC Ops,Resolved,1.38,28.31,No,1,No
TKT0005649,2025-10-26 07:30:00,2025-10-26 19:42:54,CUST00608,P4,KYC,General,Wallet,Chat,Engineering,Resolved,0.37,12.22,No,17,No
TKT0005650,2025-11-23 07:11:00,2025-11-25 07:39:28,CUST02230,P4,API,General,Settlement API,Phone,KYC Ops,Resolved,0.66,48.47,No,2,Yes
TKT0005651,2025-08-16 16:47:00,2025-08-17 22:15:28,CUST00105,P4,Settlement,General,Payments,Chat,KYC Ops,Resolved,4.13,29.47,No,5,No
TKT0005652,2025-11-19 23:11:00,2025-11-20 02:33:24,CUST01345,P1,API,Technical,KYC Service,Chat,KYC Ops,Resolved,0.5,3.37,No,20,No
TKT0005653,2025-12-29 12:51:00,2025-12-30 09:58:37,CUST00701,P3,Settlement,General,Settlement API,Email,L1 Support,Resolved,1.03,21.13,No,1,No
TKT0005654,2025-07-27 07:17:00,2025-07-27 15:00:12,CUST02734,P4,KYC,General,KYC Service,Chat,KYC Ops,Resolved,1.1,7.72,No,1,No
TKT0005655,2025-09-21 14:30:00,2025-09-21 18:40:03,CUST02317,P1,Settlement,General,Settlement API,Phone,Payments Ops,Resolved,0.82,4.17,No,53,Yes
TKT0005656,2025-12-31 12:40:00,2025-12-31 23:51:21,CUST02954,P3,Settlement,Technical,Settlement API,Chat,Payments Ops,Resolved,3.06,11.19,No,13,No
TKT0005657,2025-03-16 06:11:00,2025-03-16 14:51:25,CUST02815,P3,Refund,Operational,KYC Service,Chat,L2 Support,Resolved,0.84,8.67,No,18,No
TKT0005658,2025-07-18 14:29:00,2025-07-18 21:43:48,CUST00405,P2,KYC,General,Merchant Portal,Chat,L1 Support,Resolved,0.09,7.25,No,5,No
TKT0005659,2025-01-04 09:15:00,2025-01-06 11:14:11,CUST00780,P3,Payment Failure,General,Merchant Portal,Email,L1 Support,Resolved,1.65,49.99,No,2,Yes
TKT0005660,2025-11-25 14:27:00,2025-11-25 22:45:11,CUST02947,P3,Payment Failure,Operational,Wallet,Chat,Engineering,Resolved,1.0,8.3,No,6,No
TKT0005661,2025-04-19 01:12:00,2025-04-20 08:12:52,CUST01260,P3,Payment Failure,Operational,Payments,Portal,L2 Support,Resolved,0.49,31.01,No,8,Yes
TKT0005662,2025-05-13 18:00:00,2025-05-15 10:45:02,CUST01778,P4,Payment Failure,Operational,Wallet,Chat,KYC Ops,Resolved,1.16,40.75,Yes,20,No
TKT0005663,2025-06-06 11:44:00,2025-06-06 15:31:45,CUST01040,P1,Refund,Technical,Settlement API,Portal,Engineering,Resolved,0.25,3.8,No,158,No
TKT0005664,2025-08-06 13:12:00,2025-08-07 10:37:45,CUST02265,P3,Refund,General,Settlement API,Portal,KYC Ops,Resolved,0.59,21.43,No,3,No
TKT0005665,2025-06-15 01:18:00,2025-06-15 16:51:28,CUST02969,P4,Login,Operational,Settlement API,Email,Payments Ops,Resolved,0.24,15.56,No,2,No
TKT0005666,2025-06-20 08:13:00,2025-06-21 10:29:48,CUST01806,P4,API,General,Merchant Portal,Email,L1 Support,Resolved,0.46,26.28,No,1,No
TKT0005667,2025-08-11 22:08:00,2025-08-13 09:06:38,CUST00374,P4,API,Operational,Merchant Portal,Chat,Payments Ops,Resolved,0.7,34.98,Yes,16,No
TKT0005668,2025-01-10 03:44:00,2025-01-10 06:53:35,CUST02856,P2,Refund,Technical,Settlement API,Phone,Engineering,Resolved,0.92,3.16,No,21,No
TKT0005669,2025-09-05 07:08:00,2025-09-05 09:43:55,CUST02507,P2,Payment Failure,General,Wallet,Portal,Payments Ops,Resolved,0.55,2.6,No,23,No
TKT0005670,2025-05-08 20:27:00,2025-05-09 09:37:16,CUST00272,P3,Payment Failure,Operational,Wallet,Email,L2 Support,Resolved,1.21,13.17,No,7,No
TKT0005671,2025-09-20 07:15:00,2025-09-20 11:35:46,CUST01022,P2,KYC,Operational,Settlement API,Portal,L1 Support,Resolved,3.17,4.35,No,6,No
TKT0005672,2025-03-10 01:41:00,2025-03-10 05:29:42,CUST01167,P2,Refund,General,Payments,Email,L1 Support,Resolved,2.82,3.81,Yes,23,No
TKT0005673,2025-03-20 16:43:00,2025-03-22 06:39:14,CUST02100,P4,Refund,Technical,KYC Service,Phone,KYC Ops,Resolved,0.9,37.94,No,7,No
TKT0005674,2025-06-21 05:03:00,2025-06-23 04:42:52,CUST01827,P4,KYC,Operational,Merchant Portal,Phone,L1 Support,Resolved,0.6,47.66,Yes,8,No
TKT0005675,2025-06-04 17:09:00,2025-06-05 01:51:51,CUST02446,P3,Payment Failure,Technical,KYC Service,Email,L1 Support,Resolved,0.46,8.71,No,6,No
TKT0005676,2025-01-05 03:43:00,2025-01-05 12:40:02,CUST02829,P3,KYC,General,KYC Service,Phone,KYC Ops,Resolved,0.86,8.95,No,3,No
TKT0005677,2025-01-15 05:32:00,2025-01-16 11:32:30,CUST00637,P4,Settlement,Technical,Merchant Portal,Portal,KYC Ops,Resolved,0.78,30.01,Yes,20,No
TKT0005678,2025-12-03 23:04:00,2025-12-04 04:11:12,CUST00675,P3,Payment Failure,Technical,Payments,Phone,Payments Ops,Resolved,1.0,5.12,Yes,6,No
TKT0005679,2025-06-01 22:42:00,2025-06-02 14:17:40,CUST02643,P3,KYC,Operational,KYC Service,Portal,Engineering,Resolved,1.55,15.59,No,13,No
TKT0005680,2025-04-21 04:09:00,2025-04-22 06:01:01,CUST00537,P4,API,General,Payments,Chat,Payments Ops,Resolved,2.47,25.87,No,17,No
TKT0005681,2025-06-03 16:19:00,2025-06-03 22:31:31,CUST00058,P2,KYC,Operational,Settlement API,Portal,L1 Support,Resolved,1.62,6.21,No,21,No
TKT0005682,2025-08-17 05:43:00,2025-08-17 15:49:42,CUST02999,P3,Payment Failure,Technical,Merchant Portal,Portal,Payments Ops,Resolved,5.82,10.11,No,34,No
TKT0005683,2025-04-22 11:02:00,2025-04-22 15:28:27,CUST00908,P3,Payment Failure,Technical,KYC Service,Email,Engineering,Resolved,0.45,4.44,No,1,No
TKT0005684,2025-11-07 21:09:00,2025-11-08 12:21:53,CUST02446,P4,Payment Failure,General,Merchant Portal,Portal,L1 Support,Resolved,0.56,15.21,Yes,9,No
TKT0005685,2025-11-11 02:08:00,2025-11-12 03:48:31,CUST00176,P3,API,General,Merchant Portal,Chat,Engineering,Resolved,2.94,25.68,No,10,Yes
TKT0005686,2025-05-03 02:21:00,2025-05-03 06:09:21,CUST00991,P2,Payment Failure,Operational,Payments,Portal,L2 Support,Resolved,0.33,3.81,Yes,16,No
TKT0005687,2025-12-18 18:01:00,2025-12-18 19:50:53,CUST01346,P1,Payment Failure,Operational,KYC Service,Phone,Payments Ops,Resolved,0.75,1.83,No,13,No
TKT0005688,2025-11-21 01:30:00,2025-11-21 03:21:42,CUST00130,P2,Payment Failure,Technical,Settlement API,Phone,Engineering,Resolved,1.26,1.86,No,19,No
TKT0005689,2025-05-12 09:21:00,2025-05-12 20:29:08,CUST00516,P3,Settlement,Operational,Merchant Portal,Email,Engineering,Resolved,0.25,11.14,No,12,No
TKT0005690,2025-04-13 16:00:00,2025-04-14 04:38:49,CUST02901,P4,Refund,Technical,Payments,Chat,L2 Support,Resolved,0.19,12.65,No,28,No
TKT0005691,2025-02-24 23:05:00,2025-02-25 06:05:15,CUST00493,P2,Payment Failure,Technical,KYC Service,Portal,Payments Ops,Resolved,2.23,7.0,No,3,No
TKT0005692,2025-06-06 17:00:00,2025-06-06 20:12:28,CUST02435,P1,Login,Technical,KYC Service,Phone,KYC Ops,Resolved,0.38,3.21,Yes,107,No
TKT0005693,2025-12-22 07:55:00,2025-12-23 01:41:03,CUST01159,P3,KYC,Operational,KYC Service,Portal,Payments Ops,Resolved,2.34,17.77,No,129,No
TKT0005694,2025-11-20 15:12:00,2025-11-22 16:24:05,CUST02093,P4,Settlement,Technical,Payments,Chat,Payments Ops,Resolved,0.56,49.2,No,8,Yes
TKT0005695,2025-10-11 06:43:00,2025-10-11 17:18:40,CUST02462,P2,API,Technical,Merchant Portal,Phone,Engineering,Resolved,0.47,10.59,Yes,7,Yes
TKT0005696,2025-01-12 01:51:00,2025-01-12 03:02:48,CUST01042,P1,KYC,Technical,Settlement API,Chat,Engineering,Resolved,0.76,1.2,Yes,50,No
TKT0005697,2025-05-14 00:32:00,2025-05-14 05:13:25,CUST02230,P2,API,Technical,Payments,Portal,KYC Ops,Resolved,1.48,4.69,Yes,1,No
TKT0005698,2025-02-01 23:28:00,2025-02-03 02:18:44,CUST01997,P4,Settlement,Technical,Settlement API,Chat,Engineering,Resolved,0.39,26.85,Yes,6,No
TKT0005699,2025-11-02 10:07:00,2025-11-02 21:13:07,CUST02023,P3,Settlement,Technical,Payments,Email,KYC Ops,Resolved,0.81,11.1,No,7,No
TKT0005700,2025-01-26 20:27:00,2025-01-28 17:48:44,CUST01885,P4,Payment Failure,Technical,Wallet,Chat,L2 Support,Resolved,1.06,45.36,No,12,No
TKT0005701,2025-12-09 04:44:00,2025-12-10 19:41:34,CUST02483,P4,KYC,Technical,Settlement API,Email,Engineering,Resolved,0.78,38.96,No,1,No
TKT0005702,2025-08-27 13:02:00,2025-08-27 22:56:50,CUST01342,P3,Settlement,Technical,Payments,Portal,L2 Support,Resolved,0.3,9.91,No,6,No
TKT0005703,2025-12-06 10:55:00,2025-12-08 06:35:30,CUST02024,P4,Settlement,General,KYC Service,Portal,KYC Ops,Resolved,1.79,43.68,Yes,25,No
TKT0005704,2025-01-26 22:10:00,2025-01-27 03:59:59,CUST02376,P2,Settlement,Operational,Merchant Portal,Email,L1 Support,Resolved,1.49,5.83,Yes,19,No
TKT0005705,2025-06-21 09:29:00,2025-06-21 21:19:56,CUST00689,P3,Payment Failure,Operational,Settlement API,Phone,Engineering,Resolved,0.49,11.85,No,3,No
TKT0005706,2025-01-12 05:33:00,2025-01-13 05:48:40,CUST01994,P3,KYC,Technical,KYC Service,Portal,L2 Support,Resolved,0.58,24.26,No,71,Yes
TKT0005707,2025-07-15 23:27:00,2025-07-17 02:44:34,CUST02149,P3,KYC,Operational,Payments,Portal,Payments Ops,Resolved,1.4,27.29,Yes,2,Yes
TKT0005708,2025-03-29 13:40:00,2025-03-30 15:03:54,CUST02480,P4,Payment Failure,Operational,Merchant Portal,Chat,Engineering,Resolved,1.08,25.4,No,2,No
TKT0005709,2025-06-20 15:25:00,2025-06-22 07:45:40,CUST01088,P4,Payment Failure,Operational,Payments,Email,Payments Ops,Resolved,1.0,40.34,No,8,No
TKT0005710,2025-07-31 11:25:00,2025-08-02 01:05:45,CUST02861,P3,Settlement,Operational,Wallet,Phone,KYC Ops,Resolved,1.19,37.68,No,11,Yes
TKT0005711,2025-03-22 12:16:00,2025-03-23 08:47:08,CUST00679,P3,Settlement,Operational,KYC Service,Email,L2 Support,Resolved,0.7,20.52,No,1,No
TKT0005712,2025-03-28 18:48:00,2025-03-30 16:59:53,CUST01005,P4,Payment Failure,Operational,Merchant Portal,Portal,L2 Support,Resolved,1.1,46.2,No,2,No
TKT0005713,2025-05-27 19:27:00,2025-05-29 18:29:57,CUST00637,P4,API,General,Payments,Chat,KYC Ops,Resolved,0.26,47.05,No,8,No
TKT0005714,2025-01-11 09:28:00,2025-01-12 23:12:31,CUST00900,P4,API,Operational,Settlement API,Email,KYC Ops,Resolved,2.09,37.74,No,17,No
TKT0005715,2025-05-17 02:39:00,2025-05-17 08:42:33,CUST01636,P2,Settlement,Technical,KYC Service,Phone,Engineering,Resolved,0.27,6.06,Yes,7,No
TKT0005716,2025-10-31 10:10:00,2025-11-01 02:46:36,CUST00244,P3,KYC,Technical,Payments,Chat,KYC Ops,Resolved,1.89,16.61,No,14,No
TKT0005717,2025-03-16 13:11:00,2025-03-18 10:51:17,CUST02355,P4,KYC,Technical,KYC Service,Phone,Payments Ops,Resolved,12.48,45.67,No,16,No
TKT0005718,2025-09-27 00:17:00,2025-09-27 16:12:54,CUST00157,P3,Refund,General,Merchant Portal,Email,L2 Support,Resolved,1.06,15.93,No,1,No
TKT0005719,2025-01-11 19:52:00,2025-01-12 07:07:46,CUST01313,P3,Settlement,Operational,Wallet,Phone,KYC Ops,Resolved,0.49,11.26,No,5,No
TKT0005720,2025-09-02 15:40:00,2025-09-03 17:37:40,CUST02210,P3,Payment Failure,Operational,Settlement API,Portal,Payments Ops,Resolved,0.85,25.96,No,4,Yes
TKT0005721,2025-03-11 11:54:00,2025-03-11 17:46:34,CUST01847,P1,Payment Failure,Operational,Payments,Phone,L1 Support,Resolved,0.53,5.88,No,12,Yes
TKT0005722,2025-01-01 19:49:00,2025-01-01 22:17:59,CUST02839,P1,Refund,Operational,Merchant Portal,Chat,KYC Ops,Resolved,2.7,2.48,No,49,No
TKT0005723,2025-12-14 12:36:00,2025-12-15 22:24:23,CUST01288,P4,Login,General,KYC Service,Portal,L1 Support,Resolved,0.81,33.81,No,2,No
TKT0005724,2025-04-26 19:40:00,2025-04-27 12:10:33,CUST01926,P3,KYC,Operational,KYC Service,Portal,L2 Support,Resolved,1.12,16.51,No,8,No
TKT0005725,2025-02-27 02:32:00,2025-02-27 20:58:10,CUST02192,P4,Payment Failure,Technical,Merchant Portal,Phone,Engineering,Resolved,1.06,18.44,No,1,No
TKT0005726,2025-03-11 11:39:00,2025-03-11 23:37:17,CUST01370,P3,Refund,General,Merchant Portal,Phone,Engineering,Resolved,1.97,11.97,No,7,No
TKT0005727,2025-08-01 08:36:00,2025-08-01 20:24:38,CUST01356,P3,Refund,Operational,Settlement API,Phone,L1 Support,Resolved,0.22,11.81,No,8,No
TKT0005728,2025-07-18 09:13:00,2025-07-18 15:36:30,CUST01578,P2,Payment Failure,General,Merchant Portal,Chat,L2 Support,Resolved,0.81,6.39,Yes,8,No
TKT0005729,2025-09-04 17:42:00,2025-09-05 05:28:53,CUST02356,P3,Refund,Technical,Merchant Portal,Phone,L1 Support,Resolved,1.76,11.78,No,33,No
TKT0005730,2025-01-01 04:06:00,2025-01-02 01:35:44,CUST00097,P3,Refund,Operational,Merchant Portal,Chat,L1 Support,Resolved,0.33,21.5,No,2,No
TKT0005731,2025-12-15 08:19:00,2025-12-16 04:37:27,CUST00900,P3,Payment Failure,Technical,Settlement API,Email,L2 Support,Resolved,3.17,20.31,No,15,No
TKT0005732,2025-07-29 13:54:00,2025-07-30 13:48:52,CUST01427,P4,Refund,General,Wallet,Email,KYC Ops,Resolved,0.58,23.91,No,7,No
TKT0005733,2025-08-31 08:54:00,2025-09-01 02:23:29,CUST00770,P3,API,Technical,Merchant Portal,Email,L2 Support,Resolved,0.62,17.49,No,13,No
TKT0005734,2025-02-22 02:50:00,2025-02-23 02:34:10,CUST00929,P4,Payment Failure,Operational,Merchant Portal,Phone,Payments Ops,Resolved,0.85,23.74,No,1,No
TKT0005735,2025-11-15 21:03:00,2025-11-16 18:05:00,CUST00562,P4,Settlement,General,Wallet,Chat,Payments Ops,Resolved,0.3,21.03,No,2,No
TKT0005736,2025-02-19 16:53:00,2025-02-20 14:41:37,CUST00462,P3,API,Technical,Payments,Phone,Payments Ops,Resolved,0.3,21.81,No,16,No
TKT0005737,2025-09-07 09:02:00,2025-09-07 17:36:13,CUST00813,P4,Login,Operational,Settlement API,Chat,KYC Ops,Resolved,2.1,8.57,No,5,No
TKT0005738,2025-08-10 20:21:00,2025-08-11 04:23:02,CUST00352,P2,Settlement,Operational,Merchant Portal,Email,KYC Ops,Resolved,0.8,8.03,No,6,Yes
TKT0005739,2025-10-19 22:39:00,2025-10-20 15:04:58,CUST00336,P3,Payment Failure,Technical,Settlement API,Phone,KYC Ops,Resolved,0.62,16.43,Yes,20,No
TKT0005740,2025-04-09 15:56:00,2025-04-10 02:11:37,CUST02771,P3,KYC,Technical,Payments,Portal,KYC Ops,Resolved,0.83,10.26,No,8,No
TKT0005741,2025-06-16 20:02:00,2025-06-17 18:34:23,CUST01137,P4,API,Technical,Settlement API,Email,Payments Ops,Resolved,0.64,22.54,No,2,No
TKT0005742,2025-01-04 14:44:00,2025-01-05 17:51:30,CUST02440,P3,API,Technical,Wallet,Phone,L2 Support,Resolved,1.83,27.13,No,2,Yes
TKT0005743,2025-01-31 19:34:00,2025-02-01 07:03:09,CUST01104,P3,Refund,Technical,Settlement API,Email,KYC Ops,Resolved,0.8,11.49,No,6,No
TKT0005744,2025-07-04 22:04:00,2025-07-05 09:07:59,CUST00467,P3,Payment Failure,Technical,Payments,Email,L1 Support,Resolved,0.99,11.07,Yes,11,No
TKT0005745,2025-01-30 11:53:00,2025-01-31 07:16:06,CUST02858,P3,API,Technical,Payments,Chat,L1 Support,Resolved,0.15,19.39,Yes,12,No
TKT0005746,2025-02-05 00:02:00,2025-02-05 16:27:46,CUST02366,P4,API,General,Wallet,Email,Engineering,Resolved,0.09,16.43,No,3,No
TKT0005747,2025-07-14 23:27:00,2025-07-15 10:47:58,CUST01720,P3,Login,Operational,Merchant Portal,Portal,Engineering,Resolved,0.54,11.35,Yes,1,No
TKT0005748,2025-01-13 22:21:00,2025-01-14 22:14:20,CUST00158,P3,API,Operational,Payments,Phone,L1 Support,Resolved,0.97,23.89,No,4,No
TKT0005749,2025-03-14 19:20:00,2025-03-15 02:57:18,CUST01711,P3,Settlement,General,Merchant Portal,Phone,L1 Support,Resolved,0.55,7.62,No,13,No
TKT0005750,2025-02-14 17:06:00,2025-02-14 20:45:51,CUST01965,P2,API,Operational,Wallet,Chat,Payments Ops,Resolved,0.51,3.66,No,15,No
TKT0005751,2025-07-05 00:14:00,2025-07-05 16:39:51,CUST01634,P3,Payment Failure,Technical,KYC Service,Email,L1 Support,Resolved,0.57,16.43,Yes,1,No
TKT0005752,2025-04-09 20:15:00,2025-04-10 05:36:54,CUST02193,P4,Settlement,General,Settlement API,Phone,Payments Ops,Resolved,1.33,9.37,Yes,1,No
TKT0005753,2025-12-07 07:29:00,2025-12-07 22:39:12,CUST00642,P3,Settlement,General,Payments,Chat,Payments Ops,Resolved,1.51,15.17,No,10,No
TKT0005754,2025-07-16 01:19:00,2025-07-16 18:34:18,CUST01976,P4,Payment Failure,General,Wallet,Phone,L1 Support,Resolved,0.93,17.26,No,6,No
TKT0005755,2025-09-10 23:42:00,2025-09-11 03:50:50,CUST02145,P2,Payment Failure,Operational,KYC Service,Portal,Engineering,Resolved,1.61,4.15,Yes,13,No
TKT0005756,2025-10-06 01:06:00,2025-10-06 17:55:46,CUST02944,P3,Settlement,Operational,Payments,Email,L1 Support,Resolved,1.56,16.83,No,2,No
TKT0005757,2025-01-07 18:01:00,2025-01-08 20:22:20,CUST01901,P4,Refund,Operational,Payments,Chat,L2 Support,Resolved,7.18,26.36,No,3,No
TKT0005758,2025-07-05 16:11:00,2025-07-06 13:00:36,CUST02569,P3,Refund,Operational,Merchant Portal,Chat,Engineering,Resolved,0.71,20.83,No,10,No
TKT0005759,2025-11-28 13:47:00,2025-11-28 15:31:12,CUST02629,P1,Settlement,Technical,Payments,Phone,Payments Ops,Resolved,0.45,1.74,No,36,No
TKT0005760,2025-10-14 15:21:00,2025-10-16 11:29:23,CUST02086,P4,Refund,Technical,Merchant Portal,Phone,Payments Ops,Resolved,1.69,44.14,No,31,No
TKT0005761,2025-01-22 02:36:00,2025-01-22 10:57:36,CUST00963,P3,Login,General,Merchant Portal,Portal,Engineering,Resolved,1.57,8.36,No,33,No
TKT0005762,2025-04-27 23:12:00,2025-04-28 18:15:48,CUST00698,P3,Login,Technical,Wallet,Chat,L2 Support,Resolved,0.76,19.06,No,4,No
TKT0005763,2025-05-09 00:34:00,2025-05-09 10:32:41,CUST02751,P3,Login,General,Merchant Portal,Email,L2 Support,Resolved,1.29,9.98,No,76,No
TKT0005764,2025-08-20 22:11:00,2025-08-21 23:38:10,CUST01209,P3,Payment Failure,Technical,Settlement API,Chat,Engineering,Resolved,0.38,25.45,No,12,Yes
TKT0005765,2025-01-27 00:06:00,2025-01-27 22:28:05,CUST00642,P3,Refund,General,Payments,Portal,L1 Support,Resolved,1.8,22.37,No,4,No
TKT0005766,2025-08-12 07:13:00,2025-08-13 02:20:40,CUST01818,P4,KYC,Operational,Wallet,Chat,KYC Ops,Resolved,1.45,19.13,No,35,No
TKT0005767,2025-10-16 10:32:00,2025-10-16 19:16:56,CUST01886,P3,Refund,Operational,Settlement API,Phone,Engineering,Resolved,5.64,8.75,No,12,No
TKT0005768,2025-08-18 16:21:00,2025-08-19 11:13:38,CUST02941,P2,API,General,Payments,Chat,L2 Support,Resolved,1.83,18.88,No,15,Yes
TKT0005769,2025-03-21 06:26:00,2025-03-21 19:57:19,CUST01515,P2,API,Technical,Merchant Portal,Email,L2 Support,Resolved,1.02,13.52,Yes,19,Yes
TKT0005770,2025-07-25 07:10:00,2025-07-25 08:37:05,CUST00845,P1,Login,General,KYC Service,Portal,L2 Support,Resolved,0.69,1.45,No,414,No
TKT0005771,2025-07-16 21:34:00,2025-07-17 11:26:14,CUST01055,P3,Payment Failure,General,Merchant Portal,Email,KYC Ops,Resolved,1.11,13.87,No,9,No
TKT0005772,2025-04-06 08:55:00,2025-04-06 16:44:37,CUST00602,P3,Payment Failure,Operational,Merchant Portal,Phone,KYC Ops,Resolved,0.87,7.83,No,4,No
TKT0005773,2025-10-19 19:04:00,2025-10-21 21:35:57,CUST02693,P4,Login,General,Payments,Chat,L1 Support,Resolved,0.76,50.53,No,2,Yes
TKT0005774,2025-06-12 14:51:00,2025-06-13 06:35:26,CUST01181,P4,Payment Failure,Operational,Payments,Portal,KYC Ops,Resolved,0.37,15.74,Yes,23,No
TKT0005775,2025-03-14 10:53:00,2025-03-14 18:06:16,CUST00246,P2,Payment Failure,Operational,Wallet,Phone,Payments Ops,Resolved,0.33,7.22,Yes,3,No
TKT0005776,2025-01-22 20:45:00,2025-01-23 07:23:24,CUST00573,P3,Settlement,Technical,Payments,Email,L2 Support,Resolved,0.36,10.64,Yes,2,No
TKT0005777,2025-04-30 15:30:00,2025-05-01 17:45:47,CUST00989,P3,Payment Failure,Technical,Wallet,Email,L2 Support,Resolved,19.86,26.26,No,33,Yes
TKT0005778,2025-10-09 23:58:00,2025-10-10 16:05:04,CUST01807,P4,Payment Failure,Technical,Settlement API,Chat,L1 Support,Resolved,0.31,16.12,Yes,4,No
TKT0005779,2025-10-22 02:06:00,2025-10-23 18:56:14,CUST00286,P3,Payment Failure,Technical,Settlement API,Phone,L2 Support,Resolved,0.91,40.84,Yes,8,Yes
TKT0005780,2025-02-11 01:38:00,2025-02-11 02:52:44,CUST01269,P1,Refund,Operational,Settlement API,Phone,Engineering,Resolved,0.75,1.25,Yes,68,No
TKT0005781,2025-09-20 12:53:00,2025-09-23 09:02:28,CUST02041,P4,API,Operational,Settlement API,Email,L1 Support,Resolved,1.29,68.16,Yes,13,Yes
TKT0005782,2025-07-11 02:55:00,2025-07-11 11:29:56,CUST01443,P3,Payment Failure,Operational,KYC Service,Email,Payments Ops,Resolved,1.7,8.58,No,12,No
TKT0005783,2025-03-30 19:54:00,2025-04-01 00:23:43,CUST01027,P4,Payment Failure,Operational,Settlement API,Portal,KYC Ops,Resolved,1.93,28.5,Yes,9,No
TKT0005784,2025-07-14 12:05:00,2025-07-14 13:44:05,CUST00834,P1,Payment Failure,General,Payments,Phone,L2 Support,Resolved,0.55,1.65,Yes,35,No
TKT0005785,2025-02-21 12:04:00,2025-02-22 18:38:37,CUST00725,P3,KYC,Technical,Wallet,Portal,L1 Support,Resolved,0.53,30.58,No,12,Yes
TKT0005786,2025-06-11 11:35:00,2025-06-12 07:34:22,CUST00562,P4,KYC,General,KYC Service,Phone,KYC Ops,Resolved,2.19,19.99,No,17,No
TKT0005787,2025-04-23 17:41:00,2025-04-23 20:44:52,CUST02567,P2,API,Operational,Wallet,Phone,Payments Ops,Resolved,0.45,3.06,Yes,5,No
TKT0005788,2025-11-14 18:03:00,2025-11-15 01:28:04,CUST02334,P3,Payment Failure,Operational,Settlement API,Email,L1 Support,Resolved,2.37,7.42,No,11,No
TKT0005789,2025-06-17 18:37:00,2025-06-17 23:05:41,CUST02035,P2,Settlement,Technical,KYC Service,Chat,Engineering,Resolved,0.74,4.48,No,16,No
TKT0005790,2025-05-05 14:39:00,2025-05-06 17:20:54,CUST01372,P3,KYC,Technical,Merchant Portal,Portal,L1 Support,Resolved,0.62,26.7,Yes,5,Yes
TKT0005791,2025-03-11 11:44:00,2025-03-11 22:29:24,CUST01174,P3,API,General,Merchant Portal,Chat,L2 Support,Resolved,1.69,10.76,No,6,No
TKT0005792,2025-09-06 22:29:00,2025-09-07 09:54:54,CUST02449,P2,Payment Failure,General,Wallet,Email,Engineering,Resolved,1.3,11.43,No,3,Yes
TKT0005793,2025-11-28 05:07:00,2025-11-30 08:57:39,CUST01678,P4,Login,General,Settlement API,Phone,Payments Ops,Resolved,0.46,51.84,No,6,Yes
TKT0005794,2025-11-04 05:22:00,2025-11-05 00:13:49,CUST01223,P3,API,Technical,Wallet,Chat,L1 Support,Resolved,1.5,18.86,Yes,2,No
TKT0005795,2025-08-07 14:49:00,2025-08-08 08:58:26,CUST00421,P4,Refund,Operational,Wallet,Chat,L2 Support,Resolved,1.07,18.16,No,2,No
TKT0005796,2025-12-07 04:32:00,2025-12-07 15:02:55,CUST00818,P2,Refund,General,Settlement API,Phone,L1 Support,Resolved,0.48,10.52,No,31,Yes
TKT0005797,2025-10-19 12:44:00,2025-10-21 00:27:53,CUST02349,P4,Payment Failure,General,Payments,Email,Engineering,Resolved,0.52,35.73,No,4,No
TKT0005798,2025-09-19 11:25:00,2025-09-19 14:18:51,CUST02167,P1,Payment Failure,Technical,KYC Service,Phone,KYC Ops,Resolved,2.02,2.9,Yes,17,No
TKT0005799,2025-12-18 15:49:00,2025-12-20 21:04:55,CUST01167,P4,Payment Failure,General,KYC Service,Portal,Engineering,Resolved,0.41,53.27,Yes,7,Yes
TKT0005800,2025-11-28 17:26:00,2025-12-01 01:49:39,CUST00736,P4,Payment Failure,Operational,KYC Service,Portal,Engineering,Resolved,1.48,56.39,No,3,Yes
TKT0005801,2025-03-03 15:32:00,2025-03-03 20:21:27,CUST02389,P1,Payment Failure,General,KYC Service,Email,L2 Support,Resolved,0.24,4.82,No,16,Yes
TKT0005802,2025-11-03 07:36:00,2025-11-03 19:02:30,CUST00781,P4,Payment Failure,Technical,Merchant Portal,Phone,Engineering,Resolved,3.72,11.44,No,7,No
TKT0005803,2025-08-18 01:58:00,2025-08-21 07:27:51,CUST02343,P4,Settlement,Technical,KYC Service,Phone,L2 Support,Resolved,0.27,77.5,No,17,Yes
TKT0005804,2025-04-07 07:46:00,2025-04-07 15:29:50,CUST01415,P2,Settlement,Operational,KYC Service,Phone,L2 Support,Resolved,0.75,7.73,Yes,15,No
TKT0005805,2025-01-25 12:42:00,2025-01-25 20:03:27,CUST00151,P3,API,General,Merchant Portal,Phone,L1 Support,Resolved,0.99,7.36,No,6,No
TKT0005806,2025-05-24 21:09:00,2025-05-26 19:09:41,CUST02168,P4,Login,Operational,Payments,Phone,Payments Ops,Resolved,0.6,46.01,Yes,1,No
TKT0005807,2025-01-12 15:51:00,2025-01-13 23:38:35,CUST01164,P3,Login,General,Merchant Portal,Portal,L2 Support,Resolved,2.05,31.79,No,26,Yes
TKT0005808,2025-09-09 19:25:00,2025-09-10 05:56:19,CUST02201,P3,API,General,Merchant Portal,Chat,L2 Support,Resolved,0.16,10.52,No,21,No
TKT0005809,2025-10-23 14:57:00,2025-10-24 18:38:52,CUST00542,P4,API,Operational,Wallet,Phone,KYC Ops,Resolved,1.35,27.7,No,1,No
TKT0005810,2025-12-07 13:46:00,2025-12-10 11:29:31,CUST01132,P4,Login,Technical,Settlement API,Phone,Engineering,Resolved,0.69,69.73,No,6,Yes
TKT0005811,2025-04-22 09:38:00,2025-04-22 14:13:59,CUST00928,P3,Refund,General,Payments,Email,KYC Ops,Resolved,1.88,4.6,No,22,No
TKT0005812,2025-11-01 12:26:00,2025-11-03 22:11:59,CUST01271,P3,KYC,Operational,KYC Service,Portal,KYC Ops,Resolved,0.5,57.77,No,9,Yes
TKT0005813,2025-02-19 07:12:00,2025-02-20 17:30:30,CUST02162,P3,Payment Failure,Operational,KYC Service,Email,Payments Ops,Resolved,0.67,34.31,No,1,Yes
TKT0005814,2025-10-28 19:31:00,2025-10-29 14:10:57,CUST01900,P3,Refund,Operational,Settlement API,Portal,KYC Ops,Resolved,0.68,18.67,No,15,No
TKT0005815,2025-08-26 07:48:00,2025-08-28 10:03:25,CUST00071,P4,Payment Failure,Technical,Wallet,Phone,KYC Ops,Resolved,0.41,50.26,Yes,7,Yes
TKT0005816,2025-06-19 13:14:00,2025-06-19 18:42:42,CUST02427,P3,Payment Failure,Operational,Wallet,Email,Engineering,Resolved,0.88,5.48,No,1,No
TKT0005817,2025-10-24 19:35:00,2025-10-25 05:51:12,CUST01237,P3,Payment Failure,Operational,Settlement API,Email,Payments Ops,Resolved,0.81,10.27,No,3,No
TKT0005818,2025-05-08 18:58:00,2025-05-09 01:39:23,CUST00494,P3,Login,Operational,Settlement API,Email,L1 Support,Resolved,1.48,6.69,No,1,No
TKT0005819,2025-12-02 22:19:00,2025-12-05 10:37:51,CUST01164,P4,Refund,Technical,KYC Service,Phone,KYC Ops,Resolved,0.31,60.31,No,4,Yes
TKT0005820,2025-05-19 01:20:00,2025-05-19 07:54:47,CUST00585,P2,Refund,General,Payments,Portal,Engineering,Resolved,1.16,6.58,No,3,No
TKT0005821,2025-11-18 10:17:00,2025-11-19 21:13:31,CUST00023,P4,Login,Operational,Settlement API,Phone,L2 Support,Resolved,0.63,34.94,No,1,No
TKT0005822,2025-08-04 03:15:00,2025-08-04 21:42:56,CUST02854,P4,Payment Failure,General,Merchant Portal,Chat,L2 Support,Resolved,1.5,18.47,No,7,No
TKT0005823,2025-09-18 21:08:00,2025-09-19 21:52:46,CUST00099,P4,KYC,General,Payments,Email,L1 Support,Resolved,2.07,24.75,Yes,17,No
TKT0005824,2025-11-01 20:59:00,2025-11-02 09:14:33,CUST02403,P3,Login,Technical,Settlement API,Chat,L2 Support,Resolved,0.52,12.26,No,31,No
TKT0005825,2025-04-16 14:49:00,2025-04-17 14:34:41,CUST00975,P4,Refund,Technical,Payments,Email,KYC Ops,Resolved,0.88,23.76,No,2,No
TKT0005826,2025-02-14 01:27:00,2025-02-14 13:37:58,CUST01906,P3,Payment Failure,General,Merchant Portal,Portal,Engineering,Resolved,1.78,12.18,No,16,No
TKT0005827,2025-05-27 13:17:00,2025-05-27 23:32:57,CUST02435,P2,API,General,Merchant Portal,Phone,Engineering,Resolved,2.43,10.27,Yes,7,Yes
TKT0005828,2025-11-23 00:01:00,2025-11-23 19:32:42,CUST01906,P3,Payment Failure,General,Wallet,Phone,L2 Support,Resolved,0.6,19.53,No,4,No
TKT0005829,2025-07-25 03:27:00,2025-07-26 06:15:04,CUST02428,P3,Login,Operational,KYC Service,Portal,Engineering,Resolved,1.46,26.8,No,6,Yes
TKT0005830,2025-12-28 02:29:00,2025-12-28 06:36:36,CUST02367,P2,Refund,General,Settlement API,Phone,Payments Ops,Resolved,1.65,4.13,Yes,11,No
TKT0005831,2025-06-12 16:38:00,2025-06-15 17:23:36,CUST02805,P4,API,General,Settlement API,Phone,L1 Support,Resolved,0.64,72.76,Yes,8,Yes
TKT0005832,2025-02-22 01:30:00,2025-02-23 12:21:07,CUST00665,P4,Settlement,Operational,Merchant Portal,Phone,L1 Support,Resolved,1.53,34.85,No,16,No
TKT0005833,2025-03-29 16:01:00,2025-03-30 18:54:40,CUST02759,P4,Login,General,Settlement API,Email,L1 Support,Resolved,0.79,26.89,No,9,No
TKT0005834,2025-04-05 08:33:00,2025-04-05 16:09:19,CUST01272,P3,Refund,General,Payments,Portal,KYC Ops,Resolved,1.03,7.61,No,4,No
TKT0005835,2025-04-27 02:58:00,2025-04-29 00:50:02,CUST00990,P3,API,Technical,Merchant Portal,Phone,L2 Support,Resolved,0.79,45.87,No,56,Yes
TKT0005836,2025-11-25 09:33:00,2025-11-26 00:28:48,CUST01230,P3,Settlement,Technical,Payments,Portal,Engineering,Resolved,0.44,14.93,No,5,No
TKT0005837,2025-06-23 03:22:00,2025-06-24 11:46:53,CUST01646,P4,Settlement,Operational,KYC Service,Phone,Engineering,Resolved,0.99,32.41,Yes,3,No
TKT0005838,2025-07-29 20:13:00,2025-07-30 00:26:10,CUST00347,P1,API,Operational,Settlement API,Phone,Engineering,Resolved,0.25,4.22,Yes,20,Yes
TKT0005839,2025-01-22 22:35:00,2025-01-23 15:41:22,CUST00996,P3,Settlement,General,Wallet,Email,Engineering,Resolved,0.51,17.11,No,2,No
TKT0005840,2025-02-20 05:22:00,2025-02-20 20:39:24,CUST02561,P3,Settlement,Technical,Settlement API,Portal,Engineering,Resolved,1.01,15.29,No,30,No
TKT0005841,2025-09-28 04:47:00,2025-09-28 08:14:51,CUST02745,P2,Payment Failure,General,Payments,Phone,L1 Support,Resolved,1.07,3.46,Yes,8,No
TKT0005842,2025-09-10 18:15:00,2025-09-12 02:05:50,CUST02960,P4,Settlement,Operational,Settlement API,Phone,Engineering,Resolved,0.93,31.85,No,2,No
TKT0005843,2025-09-18 00:27:00,2025-09-18 03:52:49,CUST00900,P3,Payment Failure,General,Payments,Email,L2 Support,Resolved,0.42,3.43,No,11,No
TKT0005844,2025-02-23 13:34:00,2025-02-25 06:39:41,CUST02217,P4,Login,General,Payments,Phone,L1 Support,Resolved,1.11,41.09,Yes,2,No
TKT0005845,2025-05-20 09:04:00,2025-05-20 18:11:43,CUST02768,P3,Settlement,Technical,Wallet,Chat,L1 Support,Resolved,0.69,9.13,No,5,No
TKT0005846,2025-10-15 19:33:00,2025-10-16 18:25:06,CUST01957,P3,Settlement,General,Merchant Portal,Phone,KYC Ops,Resolved,1.2,22.87,Yes,16,No
TKT0005847,2025-11-02 17:05:00,2025-11-03 12:51:28,CUST00778,P3,API,Operational,KYC Service,Portal,L2 Support,Resolved,2.29,19.77,No,1,No
TKT0005848,2025-10-18 13:28:00,2025-10-18 16:50:16,CUST02727,P2,KYC,Technical,Wallet,Email,Payments Ops,Resolved,1.13,3.37,No,3,No
TKT0005849,2025-07-06 11:18:00,2025-07-06 15:39:58,CUST01174,P2,API,Operational,Merchant Portal,Phone,L1 Support,Resolved,5.83,4.37,No,3,No
TKT0005850,2025-10-25 22:51:00,2025-10-27 03:13:30,CUST01437,P3,Settlement,General,Settlement API,Phone,L2 Support,Resolved,1.01,28.38,No,13,Yes
TKT0005851,2025-02-19 06:45:00,2025-02-19 12:37:53,CUST02881,P2,Settlement,Technical,KYC Service,Email,L2 Support,Resolved,0.59,5.88,No,19,No
TKT0005852,2025-09-26 00:28:00,2025-09-27 14:53:40,CUST00333,P4,Login,General,Payments,Portal,L1 Support,Resolved,1.3,38.43,No,3,No
TKT0005853,2025-09-04 10:48:00,2025-09-04 15:31:53,CUST02978,P2,Refund,Technical,Payments,Portal,L2 Support,Resolved,0.28,4.73,Yes,5,No
TKT0005854,2025-10-11 04:34:00,2025-10-12 03:18:38,CUST00126,P4,KYC,Operational,Settlement API,Email,KYC Ops,Resolved,0.67,22.74,No,18,No
TKT0005855,2025-03-03 15:39:00,2025-03-04 16:12:27,CUST02843,P2,API,General,Settlement API,Email,L2 Support,Resolved,1.92,24.56,No,1,Yes
TKT0005856,2025-02-06 18:01:00,2025-02-07 10:31:34,CUST02567,P3,Payment Failure,Technical,Merchant Portal,Email,Engineering,Resolved,1.22,16.51,Yes,6,No
TKT0005857,2025-05-13 21:17:00,2025-05-14 20:50:46,CUST02309,P3,Payment Failure,Technical,Settlement API,Chat,Engineering,Resolved,1.07,23.56,No,6,No
TKT0005858,2025-05-20 04:49:00,2025-05-21 09:48:19,CUST01382,P3,API,Operational,Wallet,Phone,Engineering,Resolved,0.71,28.99,No,11,Yes
TKT0005859,2025-07-27 08:31:00,2025-07-27 23:33:59,CUST02029,P3,KYC,General,Payments,Email,KYC Ops,Resolved,0.59,15.05,No,4,No
TKT0005860,2025-02-15 11:47:00,2025-02-15 13:16:52,CUST00093,P1,Login,General,Payments,Portal,Engineering,Resolved,1.47,1.5,Yes,6,No
TKT0005861,2025-07-02 16:45:00,2025-07-03 05:57:35,CUST01645,P3,Payment Failure,Operational,KYC Service,Portal,L1 Support,Resolved,3.98,13.21,No,18,No
TKT0005862,2025-05-04 03:31:00,2025-05-05 08:24:28,CUST02295,P4,KYC,General,Payments,Chat,Payments Ops,Resolved,0.51,28.89,No,8,No
TKT0005863,2025-03-11 20:11:00,2025-03-14 02:24:29,CUST02030,P3,API,General,KYC Service,Email,L1 Support,Resolved,1.55,54.22,No,3,Yes
TKT0005864,2025-03-12 02:53:00,2025-03-12 08:54:54,CUST02408,P2,Settlement,Operational,Merchant Portal,Email,L2 Support,Resolved,1.24,6.03,No,3,No
TKT0005865,2025-02-26 10:42:00,2025-02-27 01:26:22,CUST01977,P3,Login,General,Merchant Portal,Phone,L2 Support,Resolved,0.61,14.74,No,6,No
TKT0005866,2025-04-25 15:17:00,2025-04-26 08:57:11,CUST00722,P4,Payment Failure,General,Payments,Portal,Payments Ops,Resolved,0.27,17.67,No,4,No
TKT0005867,2025-08-11 15:57:00,2025-08-12 11:04:55,CUST00213,P3,Payment Failure,General,KYC Service,Email,Engineering,Resolved,1.23,19.13,No,2,No
TKT0005868,2025-03-16 15:58:00,2025-03-16 22:36:33,CUST01550,P4,Settlement,Operational,Wallet,Phone,L2 Support,Resolved,0.85,6.64,No,5,No
TKT0005869,2025-01-10 17:04:00,2025-01-10 21:32:19,CUST00432,P3,Login,General,Settlement API,Chat,Engineering,Resolved,1.08,4.47,No,5,No
TKT0005870,2025-05-12 10:14:00,2025-05-13 09:01:35,CUST01956,P3,Payment Failure,General,Settlement API,Email,KYC Ops,Resolved,0.63,22.79,No,14,No
TKT0005871,2025-11-03 07:10:00,2025-11-04 04:27:23,CUST01677,P3,Refund,Technical,KYC Service,Email,L2 Support,Resolved,0.41,21.29,No,7,No
TKT0005872,2025-09-07 14:33:00,2025-09-08 12:51:50,CUST01849,P3,Login,Operational,Wallet,Chat,KYC Ops,Resolved,0.58,22.31,No,3,No
TKT0005873,2025-07-27 13:24:00,2025-07-28 13:15:15,CUST00557,P3,Refund,Technical,Payments,Email,L1 Support,Resolved,1.38,23.85,No,9,No
TKT0005874,2025-02-26 16:51:00,2025-02-27 22:46:38,CUST02635,P3,Payment Failure,General,Merchant Portal,Chat,Engineering,Resolved,1.4,29.93,Yes,44,Yes
TKT0005875,2025-10-14 04:25:00,2025-10-14 16:33:24,CUST02474,P2,Login,General,Wallet,Portal,KYC Ops,Resolved,1.76,12.14,Yes,37,Yes
TKT0005876,2025-07-17 16:13:00,2025-07-20 02:37:20,CUST00907,P4,Refund,Technical,Payments,Phone,Payments Ops,Resolved,0.42,58.41,No,41,Yes
TKT0005877,2025-02-04 21:28:00,2025-02-05 12:00:42,CUST02035,P3,Payment Failure,Technical,Settlement API,Portal,Engineering,Resolved,0.17,14.55,No,45,No
TKT0005878,2025-08-15 10:10:00,2025-08-16 22:47:18,CUST00952,P4,API,General,Merchant Portal,Phone,L2 Support,Resolved,0.69,36.62,No,6,No
TKT0005879,2025-02-19 23:42:00,2025-02-21 16:04:18,CUST02476,P4,Payment Failure,Operational,Merchant Portal,Chat,L2 Support,Resolved,0.8,40.37,No,1,No
TKT0005880,2025-09-04 04:59:00,2025-09-04 22:31:44,CUST01268,P3,Login,Operational,Wallet,Portal,Payments Ops,Resolved,0.54,17.55,No,7,No
TKT0005881,2025-07-16 12:31:00,2025-07-18 17:11:13,CUST02486,P4,API,Technical,Payments,Chat,Payments Ops,Resolved,1.41,52.67,No,1,Yes
TKT0005882,2025-03-24 00:27:00,2025-03-24 08:57:42,CUST01825,P2,KYC,Operational,Settlement API,Chat,L2 Support,Resolved,0.67,8.51,No,31,Yes
TKT0005883,2025-05-13 02:08:00,2025-05-13 22:55:28,CUST02393,P3,Payment Failure,Operational,Settlement API,Email,KYC Ops,Resolved,1.18,20.79,No,3,No
TKT0005884,2025-02-23 22:44:00,2025-02-24 11:33:03,CUST00290,P3,Refund,Technical,Payments,Email,Payments Ops,Resolved,5.18,12.82,No,10,No
TKT0005885,2025-02-15 05:36:00,2025-02-15 18:19:45,CUST02028,P3,Payment Failure,Operational,Settlement API,Phone,Engineering,Resolved,0.64,12.73,Yes,15,No
TKT0005886,2025-07-18 09:21:00,2025-07-18 21:14:09,CUST02782,P3,KYC,General,Wallet,Email,Payments Ops,Resolved,1.09,11.89,No,25,No
TKT0005887,2025-09-30 10:24:00,2025-10-03 14:24:04,CUST01740,P4,Payment Failure,Technical,Payments,Chat,L2 Support,Resolved,1.37,76.0,No,11,Yes
TKT0005888,2025-04-07 17:35:00,2025-04-08 17:05:37,CUST01179,P3,API,Technical,Wallet,Chat,KYC Ops,Resolved,2.48,23.51,No,2,No
TKT0005889,2025-09-27 00:04:00,2025-09-27 08:21:09,CUST02910,P3,Refund,General,KYC Service,Email,Payments Ops,Resolved,0.94,8.29,No,16,No
TKT0005890,2025-02-27 01:13:00,2025-02-28 01:13:59,CUST00630,P4,Settlement,General,KYC Service,Email,L2 Support,Resolved,2.77,24.02,Yes,10,No
TKT0005891,2025-07-09 12:23:00,2025-07-12 09:56:30,CUST00625,P4,Refund,General,Wallet,Email,Payments Ops,Resolved,0.41,69.56,No,27,Yes
TKT0005892,2025-12-03 03:57:00,2025-12-03 17:20:28,CUST00254,P3,Login,Operational,KYC Service,Phone,L1 Support,Resolved,0.89,13.39,No,38,No
TKT0005893,2025-02-16 15:13:00,2025-02-16 23:26:22,CUST00792,P2,Refund,General,Merchant Portal,Email,L2 Support,Resolved,0.39,8.22,No,16,Yes
TKT0005894,2025-02-04 01:15:00,2025-02-04 16:51:14,CUST01879,P3,Login,Technical,Merchant Portal,Chat,Payments Ops,Resolved,1.92,15.6,No,1,No
TKT0005895,2025-05-23 17:43:00,2025-05-26 07:12:09,CUST00546,P3,KYC,General,Payments,Phone,L1 Support,Resolved,0.16,61.49,Yes,6,Yes
TKT0005896,2025-08-26 12:54:00,2025-08-30 14:36:49,CUST01326,P4,Payment Failure,General,Payments,Chat,L1 Support,Resolved,18.82,97.71,No,5,Yes
TKT0005897,2025-12-17 14:22:00,2025-12-19 01:34:58,CUST00252,P4,API,General,Settlement API,Phone,KYC Ops,Resolved,0.54,35.22,No,8,No
TKT0005898,2025-09-22 20:33:00,2025-09-23 07:49:56,CUST02450,P3,Payment Failure,General,Wallet,Email,L1 Support,Resolved,1.04,11.28,No,6,No
TKT0005899,2025-11-02 18:52:00,2025-11-04 15:18:32,CUST02691,P4,Settlement,General,Settlement API,Portal,L1 Support,Resolved,2.76,44.44,No,11,No
TKT0005900,2025-07-10 23:49:00,2025-07-12 03:36:50,CUST00857,P4,API,Operational,Wallet,Portal,L1 Support,Resolved,0.6,27.8,No,2,No
TKT0005901,2025-05-28 01:22:00,2025-05-28 10:49:57,CUST00348,P3,KYC,Technical,Settlement API,Portal,L2 Support,Resolved,0.3,9.47,No,111,No
TKT0005902,2025-11-27 15:18:00,2025-11-28 21:54:05,CUST02540,P3,KYC,General,Settlement API,Phone,Engineering,Resolved,4.19,30.6,Yes,10,Yes
TKT0005903,2025-03-25 02:23:00,2025-03-25 23:35:53,CUST02038,P4,API,Operational,Payments,Phone,L1 Support,Resolved,1.7,21.21,No,3,No
TKT0005904,2025-02-18 10:53:00,2025-02-19 03:43:11,CUST00423,P3,Refund,General,Settlement API,Phone,L1 Support,Resolved,0.27,16.84,No,13,No
TKT0005905,2025-03-11 03:48:00,2025-03-12 20:27:50,CUST01338,P4,Payment Failure,General,Payments,Portal,L1 Support,Resolved,0.77,40.66,No,2,No
TKT0005906,2025-04-20 06:17:00,2025-04-20 17:59:13,CUST01577,P3,Payment Failure,Technical,Payments,Portal,L1 Support,Resolved,4.28,11.7,No,2,No
TKT0005907,2025-12-29 15:43:00,2025-12-29 18:24:05,CUST00394,P2,Payment Failure,General,Merchant Portal,Portal,L2 Support,Resolved,0.95,2.68,No,9,No
TKT0005908,2025-07-01 15:11:00,2025-07-02 20:36:19,CUST02189,P4,Login,Technical,Merchant Portal,Email,Engineering,Resolved,0.71,29.42,No,7,No
TKT0005909,2025-03-30 23:52:00,2025-04-02 02:49:12,CUST02227,P4,Payment Failure,Operational,Merchant Portal,Email,L1 Support,Resolved,1.44,50.95,Yes,8,Yes
TKT0005910,2025-07-10 21:22:00,2025-07-11 09:14:38,CUST02294,P3,API,Technical,Settlement API,Chat,KYC Ops,Resolved,0.62,11.88,No,10,No
TKT0005911,2025-11-02 13:17:00,2025-11-03 14:18:04,CUST00975,P3,Payment Failure,General,Settlement API,Email,KYC Ops,Resolved,1.57,25.02,No,6,Yes
TKT0005912,2025-08-07 07:23:00,2025-08-08 15:15:58,CUST00757,P4,Payment Failure,Operational,Payments,Phone,L1 Support,Resolved,0.8,31.88,No,9,No
TKT0005913,2025-09-10 16:22:00,2025-09-11 05:52:27,CUST01674,P4,KYC,Technical,Merchant Portal,Phone,L1 Support,Resolved,0.41,13.51,No,9,No
TKT0005914,2025-03-29 11:00:00,2025-03-30 07:57:50,CUST02620,P3,Payment Failure,Operational,Payments,Phone,KYC Ops,Resolved,5.4,20.96,No,3,No
TKT0005915,2025-01-08 07:39:00,2025-01-09 17:25:42,CUST02569,P4,Settlement,Operational,Settlement API,Chat,Engineering,Resolved,0.48,33.78,No,4,No
TKT0005916,2025-08-08 02:36:00,2025-08-08 12:27:24,CUST01345,P3,KYC,General,Merchant Portal,Portal,Engineering,Resolved,0.79,9.86,No,10,No
TKT0005917,2025-04-15 01:38:00,2025-04-15 23:27:21,CUST01609,P3,Refund,General,Wallet,Email,L1 Support,Resolved,0.28,21.82,Yes,5,No
TKT0005918,2025-04-17 21:47:00,2025-04-18 15:07:54,CUST01738,P3,Settlement,Operational,Settlement API,Chat,Payments Ops,Resolved,0.63,17.35,No,1,No
TKT0005919,2025-05-25 10:21:00,2025-05-27 03:21:12,CUST02406,P4,Payment Failure,General,KYC Service,Portal,KYC Ops,Resolved,0.89,41.0,No,17,No
TKT0005920,2025-04-15 02:32:00,2025-04-16 05:52:23,CUST02733,P4,Payment Failure,General,Wallet,Portal,L2 Support,Resolved,1.01,27.34,Yes,5,No
TKT0005921,2025-07-31 11:58:00,2025-08-01 05:44:01,CUST02814,P3,Login,Operational,KYC Service,Email,L2 Support,Resolved,1.16,17.77,No,20,No
TKT0005922,2025-08-31 05:36:00,2025-09-04 00:37:46,CUST00313,P4,API,Technical,Payments,Portal,KYC Ops,Resolved,1.03,91.03,No,2,Yes
TKT0005923,2025-05-19 23:39:00,2025-05-21 23:14:50,CUST02617,P4,API,Technical,Payments,Portal,KYC Ops,Resolved,0.2,47.6,No,2,No
TKT0005924,2025-04-20 01:26:00,2025-04-20 21:50:37,CUST01332,P3,KYC,Technical,KYC Service,Phone,Payments Ops,Resolved,1.36,20.41,No,4,No
TKT0005925,2025-05-26 06:08:00,2025-05-26 08:51:44,CUST01144,P2,Refund,Technical,Merchant Portal,Portal,KYC Ops,Resolved,1.55,2.73,No,5,No
TKT0005926,2025-02-13 04:52:00,2025-02-14 00:18:02,CUST00912,P4,Payment Failure,Technical,Payments,Phone,L1 Support,Resolved,0.4,19.43,No,11,No
TKT0005927,2025-12-07 08:17:00,2025-12-07 20:30:58,CUST02218,P3,KYC,Technical,Merchant Portal,Email,Payments Ops,Resolved,1.75,12.23,Yes,8,No
TKT0005928,2025-03-01 19:08:00,2025-03-02 08:16:12,CUST02614,P3,Settlement,Technical,Merchant Portal,Email,Engineering,Resolved,6.54,13.14,Yes,21,No
TKT0005929,2025-09-12 21:31:00,2025-09-12 23:31:26,CUST01131,P1,Settlement,Technical,Merchant Portal,Portal,Engineering,Resolved,0.2,2.01,No,20,No
TKT0005930,2025-09-10 12:05:00,2025-09-11 14:32:47,CUST02496,P4,Settlement,Technical,Settlement API,Portal,L2 Support,Resolved,2.23,26.46,No,3,No
TKT0005931,2025-06-10 15:35:00,2025-06-11 23:05:33,CUST01317,P4,API,Operational,Payments,Phone,Payments Ops,Resolved,1.71,31.51,No,2,No
TKT0005932,2025-07-16 19:47:00,2025-07-17 09:01:54,CUST02284,P4,Settlement,Technical,KYC Service,Chat,L2 Support,Resolved,0.35,13.25,No,12,No
TKT0005933,2025-06-10 10:40:00,2025-06-10 15:43:20,CUST02301,P2,Settlement,General,KYC Service,Phone,L2 Support,Resolved,0.64,5.06,No,5,No
TKT0005934,2025-02-14 08:07:00,2025-02-15 14:20:02,CUST01981,P3,API,Technical,Wallet,Portal,Engineering,Resolved,0.89,30.22,No,22,Yes
TKT0005935,2025-05-30 22:06:00,2025-05-31 09:55:06,CUST02934,P3,Refund,Operational,Wallet,Portal,L1 Support,Resolved,2.34,11.82,No,2,No
TKT0005936,2025-12-17 16:58:00,2025-12-18 07:47:07,CUST01799,P3,Payment Failure,Operational,Settlement API,Phone,L2 Support,Resolved,1.18,14.82,No,4,No
TKT0005937,2025-12-02 10:41:00,2025-12-02 20:09:39,CUST02256,P1,Login,Operational,Merchant Portal,Phone,L2 Support,Resolved,1.14,9.48,Yes,25,Yes
TKT0005938,2025-10-11 22:21:00,2025-10-15 20:25:43,CUST02758,P4,Payment Failure,Operational,KYC Service,Chat,L2 Support,Resolved,1.29,94.08,Yes,2,Yes
TKT0005939,2025-08-24 01:59:00,2025-08-24 12:00:15,CUST02264,P3,Settlement,General,Merchant Portal,Phone,Payments Ops,Resolved,2.61,10.02,No,12,No
TKT0005940,2025-02-23 22:04:00,2025-02-24 14:07:56,CUST00909,P3,Refund,Operational,Merchant Portal,Chat,L1 Support,Resolved,3.01,16.07,Yes,34,No
TKT0005941,2025-05-08 22:02:00,2025-05-09 01:48:42,CUST02441,P2,KYC,Technical,Payments,Phone,L2 Support,Resolved,0.53,3.78,Yes,2,No
TKT0005942,2025-05-24 00:13:00,2025-05-24 20:29:49,CUST00001,P3,Settlement,Operational,Merchant Portal,Email,KYC Ops,Resolved,7.57,20.28,Yes,4,No
TKT0005943,2025-11-01 05:30:00,2025-11-01 09:21:51,CUST00059,P2,Login,Technical,Wallet,Phone,Payments Ops,Resolved,0.69,3.86,Yes,4,No
TKT0005944,2025-05-22 09:14:00,2025-05-23 16:44:27,CUST02378,P3,API,General,Wallet,Chat,L2 Support,Resolved,0.7,31.51,No,24,Yes
TKT0005945,2025-01-17 23:18:00,2025-01-19 08:43:11,CUST02087,P4,KYC,Technical,KYC Service,Portal,Payments Ops,Resolved,0.76,33.42,No,3,No
TKT0005946,2025-01-30 14:24:00,2025-01-30 23:40:45,CUST01689,P2,Payment Failure,General,Wallet,Phone,KYC Ops,Resolved,1.78,9.28,Yes,62,Yes
TKT0005947,2025-03-31 23:13:00,2025-04-01 02:37:25,CUST02555,P2,Payment Failure,Technical,Settlement API,Phone,Payments Ops,Resolved,0.26,3.41,No,10,No
TKT0005948,2025-02-15 14:08:00,2025-02-15 23:23:50,CUST02462,P2,KYC,Technical,Settlement API,Portal,KYC Ops,Resolved,1.03,9.26,No,3,Yes
TKT0005949,2025-10-03 19:56:00,2025-10-05 01:47:43,CUST00445,P3,Payment Failure,Operational,Settlement API,Portal,Payments Ops,Resolved,0.82,29.86,No,7,Yes
TKT0005950,2025-05-15 13:57:00,2025-05-16 09:57:34,CUST02994,P4,KYC,General,Settlement API,Portal,L1 Support,Resolved,0.71,20.01,No,5,No
TKT0005951,2025-02-19 00:00:00,2025-02-19 03:57:13,CUST01937,P2,Settlement,General,Wallet,Phone,Payments Ops,Resolved,5.17,3.95,Yes,39,No
TKT0005952,2025-06-12 06:07:00,2025-06-13 12:42:12,CUST00022,P4,Payment Failure,General,Settlement API,Chat,L2 Support,Resolved,1.02,30.59,No,13,No
TKT0005953,2025-09-17 16:49:00,2025-09-19 01:45:54,CUST02141,P4,KYC,General,Settlement API,Email,KYC Ops,Resolved,1.12,32.95,No,1,No
TKT0005954,2025-05-16 07:38:00,2025-05-17 00:33:33,CUST02763,P3,Login,Technical,Payments,Phone,L1 Support,Resolved,1.06,16.93,No,28,No
TKT0005955,2025-04-17 22:29:00,2025-04-18 10:20:05,CUST00454,P4,Payment Failure,Operational,Settlement API,Portal,L1 Support,Resolved,4.11,11.85,No,9,No
TKT0005956,2025-05-20 02:45:00,2025-05-20 12:13:53,CUST00220,P4,Payment Failure,Operational,Settlement API,Portal,KYC Ops,Resolved,4.89,9.48,No,7,No
TKT0005957,2025-09-25 09:52:00,2025-09-26 03:56:25,CUST00276,P3,API,Operational,Wallet,Portal,Engineering,Resolved,1.14,18.07,Yes,1,No
TKT0005958,2025-01-31 00:57:00,2025-01-31 06:45:50,CUST02434,P2,Login,General,KYC Service,Phone,L1 Support,Resolved,0.72,5.81,No,6,No
TKT0005959,2025-04-11 14:32:00,2025-04-13 14:57:21,CUST00076,P4,Refund,General,Merchant Portal,Phone,Payments Ops,Resolved,0.67,48.42,Yes,5,Yes
TKT0005960,2025-08-04 04:15:00,2025-08-04 14:51:51,CUST01678,P3,Login,Technical,Wallet,Chat,L1 Support,Resolved,0.3,10.61,No,2,No
TKT0005961,2025-06-12 01:09:00,2025-06-13 18:59:03,CUST02633,P4,Settlement,Technical,Wallet,Portal,Engineering,Resolved,1.6,41.83,No,11,No
TKT0005962,2025-08-27 12:16:00,2025-08-29 01:49:10,CUST01569,P4,Payment Failure,Operational,Merchant Portal,Phone,Payments Ops,Resolved,0.37,37.55,No,18,No
TKT0005963,2025-07-28 15:55:00,2025-07-31 14:53:27,CUST01812,P4,Login,Operational,Payments,Chat,L1 Support,Resolved,2.45,70.97,No,6,Yes
TKT0005964,2025-09-27 04:30:00,2025-09-27 17:07:34,CUST02653,P3,Refund,Technical,Merchant Portal,Portal,Payments Ops,Resolved,0.85,12.63,No,2,No
TKT0005965,2025-05-30 05:56:00,2025-06-01 13:25:43,CUST01957,P4,Settlement,Technical,Payments,Chat,KYC Ops,Resolved,0.41,55.5,Yes,229,Yes
TKT0005966,2025-01-04 07:33:00,2025-01-05 21:18:51,CUST01695,P4,Refund,General,Wallet,Phone,L2 Support,Resolved,0.29,37.76,No,16,No
TKT0005967,2025-09-08 23:12:00,2025-09-11 00:33:37,CUST02251,P4,Payment Failure,General,Wallet,Phone,Engineering,Resolved,1.65,49.36,No,52,Yes
TKT0005968,2025-01-26 06:43:00,2025-01-27 03:25:33,CUST02591,P4,Login,Technical,Payments,Portal,Payments Ops,Resolved,0.22,20.71,No,7,No
TKT0005969,2025-06-16 14:59:00,2025-06-17 08:04:31,CUST01872,P3,Login,Operational,Settlement API,Portal,Engineering,Resolved,0.26,17.09,No,10,No
TKT0005970,2025-04-25 10:34:00,2025-04-26 15:36:31,CUST01116,P4,API,Operational,Merchant Portal,Phone,Engineering,Resolved,0.82,29.04,Yes,9,No
TKT0005971,2025-06-29 23:30:00,2025-06-30 02:10:07,CUST02204,P1,Settlement,Operational,Settlement API,Email,L1 Support,Resolved,0.79,2.67,Yes,10,No
TKT0005972,2025-09-01 00:36:00,2025-09-02 03:23:10,CUST00029,P3,API,Operational,Settlement API,Phone,Payments Ops,Resolved,0.39,26.79,No,13,Yes
TKT0005973,2025-08-10 10:10:00,2025-08-11 16:26:46,CUST01182,P3,KYC,General,KYC Service,Chat,Payments Ops,Resolved,0.8,30.28,No,12,Yes
TKT0005974,2025-02-24 08:30:00,2025-02-24 13:09:10,CUST01664,P1,Payment Failure,General,KYC Service,Phone,L1 Support,Resolved,0.37,4.65,Yes,17,Yes
TKT0005975,2025-06-16 04:01:00,2025-06-18 14:58:18,CUST00867,P3,API,General,Merchant Portal,Chat,KYC Ops,Resolved,0.26,58.96,No,1,Yes
TKT0005976,2025-10-17 20:05:00,2025-10-18 17:48:12,CUST02576,P4,Payment Failure,Operational,Merchant Portal,Chat,L1 Support,Resolved,2.43,21.72,No,12,No
TKT0005977,2025-07-13 10:25:00,2025-07-14 00:05:43,CUST01402,P3,KYC,General,KYC Service,Phone,KYC Ops,Resolved,0.72,13.68,No,19,No
TKT0005978,2025-10-03 08:42:00,2025-10-04 11:18:06,CUST01337,P4,Refund,General,Settlement API,Phone,L1 Support,Resolved,0.53,26.6,No,3,No
TKT0005979,2025-02-05 09:28:00,2025-02-05 12:07:20,CUST00399,P2,KYC,Technical,Settlement API,Email,Payments Ops,Resolved,1.02,2.66,No,6,No
TKT0005980,2025-04-14 02:41:00,2025-04-15 05:31:25,CUST02866,P3,KYC,General,Payments,Chat,L1 Support,Resolved,1.57,26.84,No,8,Yes
TKT0005981,2025-06-26 21:38:00,2025-06-27 08:31:33,CUST01679,P3,Refund,General,Merchant Portal,Phone,L2 Support,Resolved,1.17,10.89,No,2,No
TKT0005982,2025-08-22 20:03:00,2025-08-25 01:37:44,CUST02101,P3,Payment Failure,General,Wallet,Chat,L2 Support,Resolved,0.78,53.58,No,22,Yes
TKT0005983,2025-04-03 13:29:00,2025-04-03 18:46:44,CUST00503,P2,Settlement,Operational,Wallet,Portal,L1 Support,Resolved,0.68,5.3,Yes,8,No
TKT0005984,2025-08-30 16:57:00,2025-08-30 18:11:06,CUST02794,P1,Login,General,Settlement API,Portal,Engineering,Resolved,1.23,1.24,No,11,No
TKT0005985,2025-05-23 09:35:00,2025-05-23 14:54:17,CUST01727,P2,Login,General,Merchant Portal,Phone,KYC Ops,Resolved,0.79,5.32,Yes,7,No
TKT0005986,2025-10-23 03:52:00,2025-10-24 06:44:45,CUST00695,P3,Refund,General,Wallet,Email,KYC Ops,Resolved,1.98,26.88,No,13,Yes
TKT0005987,2025-10-30 10:38:00,2025-11-02 20:44:48,CUST02295,P4,Payment Failure,Operational,Payments,Chat,L1 Support,Resolved,7.65,82.11,No,5,Yes
TKT0005988,2025-01-07 18:29:00,2025-01-08 15:19:24,CUST01565,P2,KYC,Technical,Wallet,Phone,L2 Support,Resolved,0.78,20.84,Yes,4,Yes
TKT0005989,2025-07-15 11:52:00,2025-07-15 17:52:43,CUST01382,P3,KYC,General,Merchant Portal,Chat,L1 Support,Resolved,1.42,6.01,No,12,No
TKT0005990,2025-08-20 13:04:00,2025-08-20 19:53:11,CUST01132,P2,Payment Failure,Technical,Merchant Portal,Email,KYC Ops,Resolved,2.54,6.82,No,3,No
TKT0005991,2025-03-15 16:09:00,2025-03-16 23:25:17,CUST02643,P4,Login,Operational,Settlement API,Phone,L1 Support,Resolved,1.27,31.27,Yes,8,No
TKT0005992,2025-04-04 21:56:00,2025-04-06 00:39:30,CUST00328,P4,Settlement,Technical,Merchant Portal,Portal,Payments Ops,Resolved,1.04,26.73,No,9,No
TKT0005993,2025-07-15 22:07:00,2025-07-17 01:53:36,CUST02949,P4,Refund,General,Payments,Chat,Engineering,Resolved,0.85,27.78,No,2,No
TKT0005994,2025-06-01 08:25:00,2025-06-01 10:47:48,CUST00241,P2,Settlement,General,Wallet,Portal,L1 Support,Resolved,0.58,2.38,Yes,15,No
TKT0005995,2025-11-10 06:25:00,2025-11-11 14:20:42,CUST00911,P4,API,General,Settlement API,Portal,Payments Ops,Resolved,2.15,31.93,No,2,No
TKT0005996,2025-01-23 08:51:00,2025-01-25 20:06:47,CUST01830,P4,Login,Technical,Wallet,Portal,Payments Ops,Resolved,0.38,59.26,No,1,Yes
TKT0005997,2025-07-06 10:32:00,2025-07-06 15:24:32,CUST01948,P2,Settlement,General,Settlement API,Chat,Payments Ops,Resolved,0.95,4.88,Yes,2,No
TKT0005998,2025-10-11 12:46:00,2025-10-12 08:47:10,CUST01546,P4,Payment Failure,General,KYC Service,Phone,Engineering,Resolved,0.98,20.02,No,13,No
TKT0005999,2025-05-18 13:06:00,2025-05-19 05:12:24,CUST00429,P3,API,Operational,Settlement API,Email,L2 Support,Resolved,1.4,16.11,Yes,1,No
TKT0006000,2025-07-20 05:23:00,2025-07-20 06:10:03,CUST01784,P1,API,General,Settlement API,Chat,KYC Ops,Resolved,0.76,0.78,No,11,No
